taxonKey	scientificName	acceptedTaxonKey	acceptedScientificName	numberOfOccurrences	taxonRank	taxonomicStatus	kingdom	kingdomKey	phylum	phylumKey	class	classKey	order	orderKey	family	familyKey	genus	genusKey	species	speciesKey	iucnRedListCategory
59PMS	Turdus pilaris Linnaeus, 1758	59PMS	Turdus pilaris Linnaeus, 1758	3499	SPECIES	ACCEPTED	Animalia	N	Chordata	CH2	Aves	V2	Passeriformes	3RL	Turdidae	T4K9X	Turdus	647VS	Turdus pilaris	59PMS	LC
3SBQ4	Larus delawarensis Ord, 1815	3SBQ4	Larus delawarensis Ord, 1815	81	SPECIES	ACCEPTED	Animalia	N	Chordata	CH2	Aves	V2	Charadriiformes	X3	Laridae	BSK	Larus	62XFH	Larus delawarensis	3SBQ4	LC
6HNPP	Falco subbuteo Linnaeus, 1758	6HNPP	Falco subbuteo Linnaeus, 1758	2093	SPECIES	ACCEPTED	Animalia	N	Chordata	CH2	Aves	V2	Falconiformes	386	Falconidae	623R8	Falco	62SZ6	Falco subbuteo	6HNPP	LC
C5KM	Alopochen aegyptiaca (Linnaeus, 1766)	C5KM	Alopochen aegyptiaca (Linnaeus, 1766)	10340	SPECIES	ACCEPTED	Animalia	N	Chordata	CH2	Aves	V2	Anseriformes	PQ	Anatidae	9H6K5	Alopochen	6294B	Alopochen aegyptiaca	C5KM	LC
39FTD	Emberiza leucocephalos S. G. Gmelin, 1771	39FTD	Emberiza leucocephalos S. G. Gmelin, 1771	49	SPECIES	ACCEPTED	Animalia	N	Chordata	CH2	Aves	V2	Passeriformes	3RL	Emberizidae	9N5	Emberiza	4B69	Emberiza leucocephalos	39FTD	LC
532G9	Strix aluco Linnaeus, 1758	532G9	Strix aluco Linnaeus, 1758	1629	SPECIES	ACCEPTED	Animalia	N	Chordata	CH2	Aves	V2	Strigiformes	466	Strigidae	GQX	Strix	7PCR	Strix aluco	532G9	LC
7436N	Morus bassanus (Linnaeus, 1758)	7436N	Morus bassanus (Linnaeus, 1758)	709	SPECIES	ACCEPTED	Animalia	N	Chordata	CH2	Aves	V2	Suliformes	46J	Sulidae	626M3	Morus	5VCR	Morus bassanus	7436N	LC
3FJY7	Gelochelidon nilotica (J. F. Gmelin, 1789)	3FJY7	Gelochelidon nilotica (J. F. Gmelin, 1789)	71	SPECIES	ACCEPTED	Animalia	N	Chordata	CH2	Aves	V2	Charadriiformes	X3	Laridae	BSK	Gelochelidon	4MNJ	Gelochelidon nilotica	3FJY7	LC
44B89	Monticola solitarius (Linnaeus, 1758)	44B89	Monticola solitarius (Linnaeus, 1758)	37	SPECIES	ACCEPTED	Animalia	N	Chordata	CH2	Aves	V2	Passeriformes	3RL	Muscicapidae	CZN	Monticola	63CZN	Monticola solitarius	44B89	LC
4PKCF	Psittacula eupatria (Linnaeus, 1766)	4PKCF	Psittacula eupatria (Linnaeus, 1766)	98	SPECIES	ACCEPTED	Animalia	N	Chordata	CH2	Aves	V2	Psittaciformes	3X7	Psittaculidae	C3KV6	Psittacula	642T9	Psittacula eupatria	4PKCF	LC
4QBMM	Ptyonoprogne rupestris (Scopoli, 1769)	4QBMM	Ptyonoprogne rupestris (Scopoli, 1769)	38	SPECIES	ACCEPTED	Animalia	N	Chordata	CH2	Aves	V2	Passeriformes	3RL	Hirundinidae	B3Y	Ptyonoprogne	759N	Ptyonoprogne rupestris	4QBMM	LC
55TXX	Tetrax tetrax (Linnaeus, 1758)	55TXX	Tetrax tetrax (Linnaeus, 1758)	23	SPECIES	ACCEPTED	Animalia	N	Chordata	CH2	Aves	V2	Otidiformes	3QM	Otididae	DRT	Tetrax	64774	Tetrax tetrax	55TXX	NT
PK3Y	Calidris acuminata (Horsfield, 1821)	PK3Y	Calidris acuminata (Horsfield, 1821)	1	SPECIES	ACCEPTED	Animalia	N	Chordata	CH2	Aves	V2	Charadriiformes	X3	Scolopacidae	G4X	Calidris	3F8J	Calidris acuminata	PK3Y	VU
3FFP6	Gavia immer (Brünnich, 1764)	3FFP6	Gavia immer (Brünnich, 1764)	344	SPECIES	ACCEPTED	Animalia	N	Chordata	CH2	Aves	V2	Gaviiformes	396	Gaviidae	6247R	Gavia	4MHK	Gavia immer	3FFP6	LC
5XX6Q	Chlidonias hybrida (Pallas, 1811)	5XX6Q	Chlidonias hybrida (Pallas, 1811)	145	SPECIES	ACCEPTED	Animalia	N	Chordata	CH2	Aves	V2	Charadriiformes	X3	Laridae	BSK	Chlidonias	62M8H	Chlidonias hybrida	5XX6Q	LC
4F6YZ	Pernis apivorus (Linnaeus, 1758)	4F6YZ	Pernis apivorus (Linnaeus, 1758)	1379	SPECIES	ACCEPTED	Animalia	N	Chordata	CH2	Aves	V2	Accipitriformes	MB	Accipitridae	5W6	Pernis	6LNQ	Pernis apivorus	4F6YZ	LC
34GHX	Delichon urbicum (Linnaeus, 1758)	34GHX	Delichon urbicum (Linnaeus, 1758)	4440	SPECIES	ACCEPTED	Animalia	N	Chordata	CH2	Aves	V2	Passeriformes	3RL	Hirundinidae	B3Y	Delichon	42MV	Delichon urbicum	34GHX	LC
5V9X4	Anser brachyrhynchus Baillon, 1834	5V9X4	Anser brachyrhynchus Baillon, 1834	818	SPECIES	ACCEPTED	Animalia	N	Chordata	CH2	Aves	V2	Anseriformes	PQ	Anatidae	9H6K5	Anser	X5D	Anser brachyrhynchus	5V9X4	LC
4KPP4	Podiceps nigricollis C. L. Brehm, 1831	4KPP4	Podiceps nigricollis C. L. Brehm, 1831	1729	SPECIES	ACCEPTED	Animalia	N	Chordata	CH2	Aves	V2	Podicipediformes	3V6	Podicipedidae	627FZ	Podiceps	6TBH	Podiceps nigricollis	4KPP4	LC
DDBMF	Curruca curruca (Linnaeus, 1758)	DDBMF	Curruca curruca (Linnaeus, 1758)	1377	SPECIES	ACCEPTED	Animalia	N	Chordata	CH2	Aves	V2	Passeriformes	3RL	Sylviidae	626LT	Curruca	DDBLS	Curruca curruca	DDBMF	LC
67KF5	Anthus richardi Vieillot, 1818	67KF5	Anthus richardi Vieillot, 1818	133	SPECIES	ACCEPTED	Animalia	N	Chordata	CH2	Aves	V2	Passeriformes	3RL	Motacillidae	CYC	Anthus	XJ7	Anthus richardi	67KF5	LC
VG83	Circus macrourus (S. G. Gmelin, 1770)	VG83	Circus macrourus (S. G. Gmelin, 1770)	110	SPECIES	ACCEPTED	Animalia	N	Chordata	CH2	Aves	V2	Accipitriformes	MB	Accipitridae	5W6	Circus	3Q54	Circus macrourus	VG83	NT
9L6S	Acrocephalus melanopogon (Temminck, 1823)	9L6S	Acrocephalus melanopogon (Temminck, 1823)	17	SPECIES	ACCEPTED	Animalia	N	Chordata	CH2	Aves	V2	Passeriformes	3RL	Acrocephalidae	5YC	Acrocephalus	NC3	Acrocephalus melanopogon	9L6S	LC
3DTGL	Falco peregrinus Tunstall, 1771	3DTGL	Falco peregrinus Tunstall, 1771	3275	SPECIES	ACCEPTED	Animalia	N	Chordata	CH2	Aves	V2	Falconiformes	386	Falconidae	623R8	Falco	62SZ6	Falco peregrinus	3DTGL	LC
3LXZ5	Himantopus himantopus (Linnaeus, 1758)	3LXZ5	Himantopus himantopus (Linnaeus, 1758)	971	SPECIES	ACCEPTED	Animalia	N	Chordata	CH2	Aves	V2	Charadriiformes	X3	Recurvirostridae	FKR	Himantopus	6375G	Himantopus himantopus	3LXZ5	LC
58VJC	Tringa ochropus Linnaeus, 1758	58VJC	Tringa ochropus Linnaeus, 1758	4544	SPECIES	ACCEPTED	Animalia	N	Chordata	CH2	Aves	V2	Charadriiformes	X3	Scolopacidae	G4X	Tringa	8288	Tringa ochropus	58VJC	LC
59PNF	Turdus viscivorus Linnaeus, 1758	59PNF	Turdus viscivorus Linnaeus, 1758	2268	SPECIES	ACCEPTED	Animalia	N	Chordata	CH2	Aves	V2	Passeriformes	3RL	Turdidae	T4K9X	Turdus	647VS	Turdus viscivorus	59PNF	LC
PK43	Calidris bairdii (Coues, 1861)	PK43	Calidris bairdii (Coues, 1861)	19	SPECIES	ACCEPTED	Animalia	N	Chordata	CH2	Aves	V2	Charadriiformes	X3	Scolopacidae	G4X	Calidris	3F8J	Calidris bairdii	PK43	LC
DDBNS	Curruca communis (Latham, 1787)	DDBNS	Curruca communis (Latham, 1787)	6230	SPECIES	ACCEPTED	Animalia	N	Chordata	CH2	Aves	V2	Passeriformes	3RL	Sylviidae	626LT	Curruca	DDBLS	Curruca communis	DDBNS	LC
3FFP5	Gavia arctica (Linnaeus, 1758)	3FFP5	Gavia arctica (Linnaeus, 1758)	200	SPECIES	ACCEPTED	Animalia	N	Chordata	CH2	Aves	V2	Gaviiformes	396	Gaviidae	6247R	Gavia	4MHK	Gavia arctica	3FFP5	LC
72DFK	Limnodromus scolopaceus (Say, 1822)	72DFK	Limnodromus scolopaceus (Say, 1822)	23	SPECIES	ACCEPTED	Animalia	N	Chordata	CH2	Aves	V2	Charadriiformes	X3	Scolopacidae	G4X	Limnodromus	62YJV	Limnodromus scolopaceus	72DFK	NT
9L45	Acrocephalus agricola (Jerdon, 1845)	9L45	Acrocephalus agricola (Jerdon, 1845)	27	SPECIES	ACCEPTED	Animalia	N	Chordata	CH2	Aves	V2	Passeriformes	3RL	Acrocephalidae	5YC	Acrocephalus	NC3	Acrocephalus agricola	9L45	LC
6LWTY	Himantopus mexicanus (P. L. S. Müller, 1776)	6LWTY	Himantopus mexicanus (P. L. S. Müller, 1776)	14	SPECIES	ACCEPTED	Animalia	N	Chordata	CH2	Aves	V2	Charadriiformes	X3	Recurvirostridae	FKR	Himantopus	6375G	Himantopus mexicanus	6LWTY	
34Q36	Dendrocygna viduata (Linnaeus, 1766)	34Q36	Dendrocygna viduata (Linnaeus, 1766)	2	SPECIES	ACCEPTED	Animalia	N	Chordata	CH2	Aves	V2	Anseriformes	PQ	Anatidae	9H6K5	Dendrocygna	42Z7	Dendrocygna viduata	34Q36	LC
75YWF	Pelecanus conspicillatus Temminck, 1824	75YWF	Pelecanus conspicillatus Temminck, 1824	1	SPECIES	ACCEPTED	Animalia	N	Chordata	CH2	Aves	V2	Pelecaniformes	3RZ	Pelecanidae	625T5	Pelecanus	6K7T	Pelecanus conspicillatus	75YWF	LC
4GKQ5	Phoenicopterus roseus Pallas, 1811	4GKQ5	Phoenicopterus roseus Pallas, 1811	2	SPECIES	ACCEPTED	Animalia	N	Chordata	CH2	Aves	V2	Phoenicopteriformes	3T8	Phoenicopteridae	6269M	Phoenicopterus	6NVS	Phoenicopterus roseus	4GKQ5	LC
65XNN	Amandava amandava (Linnaeus, 1758)	65XNN	Amandava amandava (Linnaeus, 1758)	1	SPECIES	ACCEPTED	Animalia	N	Chordata	CH2	Aves	V2	Passeriformes	3RL	Estrildidae	623Q5	Amandava	T7S	Amandava amandava	65XNN	LC
3M4S7	Hirundo rustica Linnaeus, 1758	3M4S7	Hirundo rustica Linnaeus, 1758	11777	SPECIES	ACCEPTED	Animalia	N	Chordata	CH2	Aves	V2	Passeriformes	3RL	Hirundinidae	B3Y	Hirundo	6376D	Hirundo rustica	3M4S7	LC
6N5PG	Ichthyaetus melanocephalus (Temminck, 1820)	6N5PG	Ichthyaetus melanocephalus (Temminck, 1820)	3259	SPECIES	ACCEPTED	Animalia	N	Chordata	CH2	Aves	V2	Charadriiformes	X3	Laridae	BSK	Ichthyaetus	53DG	Ichthyaetus melanocephalus	6N5PG	LC
5Z6WQ	Circus aeruginosus (Linnaeus, 1758)	5Z6WQ	Circus aeruginosus (Linnaeus, 1758)	4733	SPECIES	ACCEPTED	Animalia	N	Chordata	CH2	Aves	V2	Accipitriformes	MB	Accipitridae	5W6	Circus	3Q54	Circus aeruginosus	5Z6WQ	LC
4K62L	Plegadis falcinellus (Linnaeus, 1766)	4K62L	Plegadis falcinellus (Linnaeus, 1766)	234	SPECIES	ACCEPTED	Animalia	N	Chordata	CH2	Aves	V2	Pelecaniformes	3RZ	Threskiornithidae	H89	Plegadis	6SDS	Plegadis falcinellus	4K62L	LC
5Y972	Chlidonias niger (Linnaeus, 1758)	5Y972	Chlidonias niger (Linnaeus, 1758)	679	SPECIES	ACCEPTED	Animalia	N	Chordata	CH2	Aves	V2	Charadriiformes	X3	Laridae	BSK	Chlidonias	62M8H	Chlidonias niger	5Y972	LC
4BMPH	Oxyura jamaicensis (J. F. Gmelin, 1789)	4BMPH	Oxyura jamaicensis (J. F. Gmelin, 1789)	119	SPECIES	ACCEPTED	Animalia	N	Chordata	CH2	Aves	V2	Anseriformes	PQ	Anatidae	9H6K5	Oxyura	6BJS	Oxyura jamaicensis	4BMPH	
3F72J	Gallus gallus (Linnaeus, 1758)	3F72J	Gallus gallus (Linnaeus, 1758)	11	SPECIES	ACCEPTED	Animalia	N	Chordata	CH2	Aves	V2	Galliformes	38Z	Phasianidae	625WG	Gallus	4LYQ	Gallus gallus	3F72J	LC
39FTJ	Emberiza pusilla Pallas, 1776	39FTJ	Emberiza pusilla Pallas, 1776	127	SPECIES	ACCEPTED	Animalia	N	Chordata	CH2	Aves	V2	Passeriformes	3RL	Emberizidae	9N5	Emberiza	4B69	Emberiza pusilla	39FTJ	LC
6Q4RB	Leucophaeus pipixcan (Wagler, 1831)	6Q4RB	Leucophaeus pipixcan (Wagler, 1831)	37	SPECIES	ACCEPTED	Animalia	N	Chordata	CH2	Aves	V2	Charadriiformes	X3	Laridae	BSK	Leucophaeus	9H84Y	Leucophaeus pipixcan	6Q4RB	LC
6VFNW	Phylloscopus bonelli (Vieillot, 1819)	6VFNW	Phylloscopus bonelli (Vieillot, 1819)	28	SPECIES	ACCEPTED	Animalia	N	Chordata	CH2	Aves	V2	Passeriformes	3RL	Phylloscopidae	625K5	Phylloscopus	6PRN	Phylloscopus bonelli	6VFNW	LC
3FFP4	Gavia adamsii (G. R. Gray, 1859)	3FFP4	Gavia adamsii (G. R. Gray, 1859)	15	SPECIES	ACCEPTED	Animalia	N	Chordata	CH2	Aves	V2	Gaviiformes	396	Gaviidae	6247R	Gavia	4MHK	Gavia adamsii	3FFP4	NT
5Z2F9	Chrysolophus pictus (Linnaeus, 1758)	5Z2F9	Chrysolophus pictus (Linnaeus, 1758)	2	SPECIES	ACCEPTED	Animalia	N	Chordata	CH2	Aves	V2	Galliformes	38Z	Phasianidae	625WG	Chrysolophus	3PJB	Chrysolophus pictus	5Z2F9	LC
CKFW	Amazonetta brasiliensis (J. F. Gmelin, 1789)	CKFW	Amazonetta brasiliensis (J. F. Gmelin, 1789)	2	SPECIES	ACCEPTED	Animalia	N	Chordata	CH2	Aves	V2	Anseriformes	PQ	Anatidae	9H6K5	Amazonetta	6297K	Amazonetta brasiliensis	CKFW	LC
67HXR	Anthropoides virgo (Linnaeus, 1758)	CNWNW	Grus virgo (Linnaeus, 1758)	1	SPECIES	SYNONYM	Animalia	N	Chordata	CH2	Aves	V2	Gruiformes	6223K	Gruidae	625DG	Grus	4R94	Grus virgo	CNWNW	
8J7CN	Tachymarptis melba (Linnaeus, 1758)	8J7CN	Tachymarptis melba (Linnaeus, 1758)	16	SPECIES	ACCEPTED	Animalia	N	Chordata	CH2	Aves	V2	Apodiformes	Q9	Apodidae	6L5	Tachymarptis	7RTC	Tachymarptis melba	8J7CN	LC
3WFWC	Luscinia svecica (Linnaeus, 1758)	3WFWC	Luscinia svecica (Linnaeus, 1758)	2797	SPECIES	ACCEPTED	Animalia	N	Chordata	CH2	Aves	V2	Passeriformes	3RL	Muscicapidae	CZN	Luscinia	5HCK	Luscinia svecica	3WFWC	LC
PK47	Calidris ferruginea (Pontoppidan, 1763)	PK47	Calidris ferruginea (Pontoppidan, 1763)	426	SPECIES	ACCEPTED	Animalia	N	Chordata	CH2	Aves	V2	Charadriiformes	X3	Scolopacidae	G4X	Calidris	3F8J	Calidris ferruginea	PK47	VU
FZD9	Apus apus (Linnaeus, 1758)	FZD9	Apus apus (Linnaeus, 1758)	6660	SPECIES	ACCEPTED	Animalia	N	Chordata	CH2	Aves	V2	Apodiformes	Q9	Apodidae	6L5	Apus	ZFN	Apus apus	FZD9	LC
32ZQ6	Cygnus columbianus (Ord, 1815)	32ZQ6	Cygnus columbianus (Ord, 1815)	640	SPECIES	ACCEPTED	Animalia	N	Chordata	CH2	Aves	V2	Anseriformes	PQ	Anatidae	9H6K5	Cygnus	9H7JC	Cygnus columbianus	32ZQ6	LC
9L78	Acrocephalus palustris (Bechstein, 1798)	9L78	Acrocephalus palustris (Bechstein, 1798)	2209	SPECIES	ACCEPTED	Animalia	N	Chordata	CH2	Aves	V2	Passeriformes	3RL	Acrocephalidae	5YC	Acrocephalus	NC3	Acrocephalus palustris	9L78	LC
9HCHR	Calidris subruficollis (Vieillot, 1819)	9HCHR	Calidris subruficollis (Vieillot, 1819)	31	SPECIES	ACCEPTED	Animalia	N	Chordata	CH2	Aves	V2	Charadriiformes	X3	Scolopacidae	G4X	Calidris	3F8J	Calidris subruficollis	9HCHR	VU
77FNW	Phylloscopus borealis (J. H. Blasius, 1858)	77FNW	Phylloscopus borealis (J. H. Blasius, 1858)	29	SPECIES	ACCEPTED	Animalia	N	Chordata	CH2	Aves	V2	Passeriformes	3RL	Phylloscopidae	625K5	Phylloscopus	6PRN	Phylloscopus borealis	77FNW	LC
NKTJ	Bubo scandiacus (Linnaeus, 1758)	NKTJ	Bubo scandiacus (Linnaeus, 1758)	68	SPECIES	ACCEPTED	Animalia	N	Chordata	CH2	Aves	V2	Strigiformes	466	Strigidae	GQX	Bubo	3DQQ	Bubo scandiacus	NKTJ	VU
4N8B4	Prunella collaris (Scopoli, 1769)	4N8B4	Prunella collaris (Scopoli, 1769)	40	SPECIES	ACCEPTED	Animalia	N	Chordata	CH2	Aves	V2	Passeriformes	3RL	Prunellidae	F6N	Prunella	6Y6B	Prunella collaris	4N8B4	LC
4KKPW	Pluvialis dominica (P. L. S. Müller, 1776)	4KKPW	Pluvialis dominica (P. L. S. Müller, 1776)	22	SPECIES	ACCEPTED	Animalia	N	Chordata	CH2	Aves	V2	Charadriiformes	X3	Charadriidae	824	Pluvialis	6T7B	Pluvialis dominica	4KKPW	LC
3W8WV	Loxia pytyopsittacus von Borkhausen, 1793	3W8WV	Loxia pytyopsittacus von Borkhausen, 1793	51	SPECIES	ACCEPTED	Animalia	N	Chordata	CH2	Aves	V2	Passeriformes	3RL	Fringillidae	6244D	Loxia	5GX7	Loxia pytyopsittacus	3W8WV	LC
NYVP	Buteo rufinus (Cretzschmar, 1829)	NYVP	Buteo rufinus (Cretzschmar, 1829)	29	SPECIES	ACCEPTED	Animalia	N	Chordata	CH2	Aves	V2	Accipitriformes	MB	Accipitridae	5W6	Buteo	62HVC	Buteo rufinus	NYVP	LC
537Z7	Sturnia sinensis (J. F. Gmelin, 1788)	537Z7	Sturnia sinensis (J. F. Gmelin, 1788)	2	SPECIES	ACCEPTED	Animalia	N	Chordata	CH2	Aves	V2	Passeriformes	3RL	Sturnidae	GRP	Sturnia	6462M	Sturnia sinensis	537Z7	LC
4GKQ2	Phoenicopterus chilensis Molina, 1782	4GKQ2	Phoenicopterus chilensis Molina, 1782	5	SPECIES	ACCEPTED	Animalia	N	Chordata	CH2	Aves	V2	Phoenicopteriformes	3T8	Phoenicopteridae	6269M	Phoenicopterus	6NVS	Phoenicopterus chilensis	4GKQ2	NT
DGNM	Anas flavirostris Vieillot, 1816	DGNM	Anas flavirostris Vieillot, 1816	4	SPECIES	ACCEPTED	Animalia	N	Chordata	CH2	Aves	V2	Anseriformes	PQ	Anatidae	9H6K5	Anas	V8R	Anas flavirostris	DGNM	LC
3Y7XF	Marmaronetta angustirostris (Ménétries, 1832)	3Y7XF	Marmaronetta angustirostris (Ménétries, 1832)	6	SPECIES	ACCEPTED	Animalia	N	Chordata	CH2	Aves	V2	Anseriformes	PQ	Anatidae	9H6K5	Marmaronetta	5LH2	Marmaronetta angustirostris	3Y7XF	NT
DDBNN	Curruca iberiae (Svensson, 2013)	DDBNN	Curruca iberiae (Svensson, 2013)	6	SPECIES	ACCEPTED	Animalia	N	Chordata	CH2	Aves	V2	Passeriformes	3RL	Sylviidae	626LT	Curruca	DDBLS	Curruca iberiae	DDBNN	
6Y2RF	Saxicola rubicola (Linnaeus, 1766)	6Y2RF	Saxicola rubicola (Linnaeus, 1766)	4457	SPECIES	ACCEPTED	Animalia	N	Chordata	CH2	Aves	V2	Passeriformes	3RL	Muscicapidae	CZN	Saxicola	7CV9	Saxicola rubicola	6Y2RF	
4N8CC	Prunella modularis (Linnaeus, 1758)	4N8CC	Prunella modularis (Linnaeus, 1758)	15410	SPECIES	ACCEPTED	Animalia	N	Chordata	CH2	Aves	V2	Passeriformes	3RL	Prunellidae	F6N	Prunella	6Y6B	Prunella modularis	4N8CC	LC
CPZZL	Ardea ibis Linnaeus, 1758	CPZZL	Ardea ibis Linnaeus, 1758	1389	SPECIES	ACCEPTED	Animalia	N	Chordata	CH2	Aves	V2	Pelecaniformes	3RZ	Ardeidae	6PB	Ardea	32FH	Ardea ibis	CPZZL	LC
5W66M	Asio flammeus (Pontoppidan, 1763)	5W66M	Asio flammeus (Pontoppidan, 1763)	632	SPECIES	ACCEPTED	Animalia	N	Chordata	CH2	Aves	V2	Strigiformes	466	Strigidae	GQX	Asio	33VY	Asio flammeus	5W66M	LC
39FSR	Emberiza calandra Linnaeus, 1758	39FSR	Emberiza calandra Linnaeus, 1758	375	SPECIES	ACCEPTED	Animalia	N	Chordata	CH2	Aves	V2	Passeriformes	3RL	Emberizidae	9N5	Emberiza	4B69	Emberiza calandra	39FSR	LC
4SJLX	Rhodostethia rosea (W. MacGillivray, 1824)	4SJLX	Rhodostethia rosea (W. MacGillivray, 1824)	174	SPECIES	ACCEPTED	Animalia	N	Chordata	CH2	Aves	V2	Charadriiformes	X3	Laridae	BSK	Rhodostethia	798K	Rhodostethia rosea	4SJLX	LC
3Z8CW	Melanocorypha calandra (Linnaeus, 1766)	3Z8CW	Melanocorypha calandra (Linnaeus, 1766)	11	SPECIES	ACCEPTED	Animalia	N	Chordata	CH2	Aves	V2	Passeriformes	3RL	Alaudidae	667	Melanocorypha	5NFF	Melanocorypha calandra	3Z8CW	LC
5X6P9	Calandrella brachydactyla (Leisler, 1814)	5X6P9	Calandrella brachydactyla (Leisler, 1814)	17	SPECIES	ACCEPTED	Animalia	N	Chordata	CH2	Aves	V2	Passeriformes	3RL	Alaudidae	667	Calandrella	62J7B	Calandrella brachydactyla	5X6P9	LC
NXG9	Burhinus oedicnemus (Linnaeus, 1758)	NXG9	Burhinus oedicnemus (Linnaeus, 1758)	56	SPECIES	ACCEPTED	Animalia	N	Chordata	CH2	Aves	V2	Charadriiformes	X3	Burhinidae	7GJ	Burhinus	62HZS	Burhinus oedicnemus	NXG9	LC
MBJZ4	Calliope calliope (Pallas, 1776)	MBJZ4	Calliope calliope (Pallas, 1776)	1	SPECIES	ACCEPTED	Animalia	N	Chordata	CH2	Aves	V2	Passeriformes	3RL	Muscicapidae	CZN	Calliope	MBJYH	Calliope calliope	MBJZ4	LC
X733	Coloeus monedula (Linnaeus, 1758)	X733	Coloeus monedula (Linnaeus, 1758)	29127	SPECIES	ACCEPTED	Animalia	N	Chordata	CH2	Aves	V2	Passeriformes	3RL	Corvidae	8L6	Coloeus	3SGM	Coloeus monedula	X733	LC
4FWMN	Phasianus colchicus Linnaeus, 1758	4FWMN	Phasianus colchicus Linnaeus, 1758	7083	SPECIES	ACCEPTED	Animalia	N	Chordata	CH2	Aves	V2	Galliformes	38Z	Phasianidae	625WG	Phasianus	6MY8	Phasianus colchicus	4FWMN	LC
WLXJ	Coccothraustes coccothraustes (Linnaeus, 1758)	WLXJ	Coccothraustes coccothraustes (Linnaeus, 1758)	1873	SPECIES	ACCEPTED	Animalia	N	Chordata	CH2	Aves	V2	Passeriformes	3RL	Fringillidae	6244D	Coccothraustes	3RMR	Coccothraustes coccothraustes	WLXJ	LC
4RRFV	Remiz pendulinus (Linnaeus, 1758)	4RRFV	Remiz pendulinus (Linnaeus, 1758)	271	SPECIES	ACCEPTED	Animalia	N	Chordata	CH2	Aves	V2	Passeriformes	3RL	Remizidae	FL9	Remiz	77NZ	Remiz pendulinus	4RRFV	LC
3W8WP	Loxia curvirostra Linnaeus, 1758	3W8WP	Loxia curvirostra Linnaeus, 1758	984	SPECIES	ACCEPTED	Animalia	N	Chordata	CH2	Aves	V2	Passeriformes	3RL	Fringillidae	6244D	Loxia	5GX7	Loxia curvirostra	3W8WP	LC
PBGT	Cairina moschata (Linnaeus, 1758)	PBGT	Cairina moschata (Linnaeus, 1758)	165	SPECIES	ACCEPTED	Animalia	N	Chordata	CH2	Aves	V2	Anseriformes	PQ	Anatidae	9H6K5	Cairina	62J47	Cairina moschata	PBGT	LC
3SBQC	Larus glaucoides B. Meyer, 1822	3SBQC	Larus glaucoides B. Meyer, 1822	107	SPECIES	ACCEPTED	Animalia	N	Chordata	CH2	Aves	V2	Charadriiformes	X3	Laridae	BSK	Larus	62XFH	Larus glaucoides	3SBQC	LC
NYVC	Buteo lagopus (Pontoppidan, 1763)	NYVC	Buteo lagopus (Pontoppidan, 1763)	171	SPECIES	ACCEPTED	Animalia	N	Chordata	CH2	Aves	V2	Accipitriformes	MB	Accipitridae	5W6	Buteo	62HVC	Buteo lagopus	NYVC	LC
PVJX	Callonetta leucophrys (Vieillot, 1816)	PVJX	Callonetta leucophrys (Vieillot, 1816)	20	SPECIES	ACCEPTED	Animalia	N	Chordata	CH2	Aves	V2	Anseriformes	PQ	Anatidae	9H6K5	Callonetta	3FNY	Callonetta leucophrys	PVJX	LC
PK48	Calidris fuscicollis (Vieillot, 1819)	PK48	Calidris fuscicollis (Vieillot, 1819)	12	SPECIES	ACCEPTED	Animalia	N	Chordata	CH2	Aves	V2	Charadriiformes	X3	Scolopacidae	G4X	Calidris	3F8J	Calidris fuscicollis	PK48	VU
4PKC7	Psittacula alexandri (Linnaeus, 1758)	4PKC7	Psittacula alexandri (Linnaeus, 1758)	1	SPECIES	ACCEPTED	Animalia	N	Chordata	CH2	Aves	V2	Psittaciformes	3X7	Psittaculidae	C3KV6	Psittacula	642T9	Psittacula alexandri	4PKC7	NT
6BGMD	Crithagra mozambica (P. L. Statius Müller, 1776)	6BGMD	Crithagra mozambica (P. L. Statius Müller, 1776)	1	SPECIES	ACCEPTED	Animalia	N	Chordata	CH2	Aves	V2	Passeriformes	3RL	Fringillidae	6244D	Crithagra	62P2P	Crithagra mozambica	6BGMD	LC
67KDD	Anthus godlewskii (Taczanowski, 1876)	67KDD	Anthus godlewskii (Taczanowski, 1876)	32	SPECIES	ACCEPTED	Animalia	N	Chordata	CH2	Aves	V2	Passeriformes	3RL	Motacillidae	CYC	Anthus	XJ7	Anthus godlewskii	67KDD	LC
5YTSK	Ciconia nigra (Linnaeus, 1758)	5YTSK	Ciconia nigra (Linnaeus, 1758)	426	SPECIES	ACCEPTED	Animalia	N	Chordata	CH2	Aves	V2	Ciconiiformes	Y9	Ciconiidae	88T	Ciconia	62LBC	Ciconia nigra	5YTSK	LC
3SBPN	Larus argentatus Pontoppidan, 1763	3SBPN	Larus argentatus Pontoppidan, 1763	14651	SPECIES	ACCEPTED	Animalia	N	Chordata	CH2	Aves	V2	Charadriiformes	X3	Laridae	BSK	Larus	62XFH	Larus argentatus	3SBPN	LC
58VJB	Tringa nebularia (Gunnerus, 1767)	58VJB	Tringa nebularia (Gunnerus, 1767)	4282	SPECIES	ACCEPTED	Animalia	N	Chordata	CH2	Aves	V2	Charadriiformes	X3	Scolopacidae	G4X	Tringa	8288	Tringa nebularia	58VJB	LC
6ZXPP	Streptopelia decaocto (Frivaldszky, 1838)	6ZXPP	Streptopelia decaocto (Frivaldszky, 1838)	17677	SPECIES	ACCEPTED	Animalia	N	Chordata	CH2	Aves	V2	Columbiformes	Z8	Columbidae	8GD	Streptopelia	7P7J	Streptopelia decaocto	6ZXPP	LC
9HJGV	Mareca strepera (Linnaeus, 1758)	9HJGV	Mareca strepera (Linnaeus, 1758)	12000	SPECIES	ACCEPTED	Animalia	N	Chordata	CH2	Aves	V2	Anseriformes	PQ	Anatidae	9H6K5	Mareca	9HGXM	Mareca strepera	9HJGV	LC
9HKHF	Spatula discors (Linnaeus, 1766)	9HKHF	Spatula discors (Linnaeus, 1766)	61	SPECIES	ACCEPTED	Animalia	N	Chordata	CH2	Aves	V2	Anseriformes	PQ	Anatidae	9H6K5	Spatula	9HGYJ	Spatula discors	9HKHF	LC
66XWS	Anser caerulescens (Linnaeus, 1758)	66XWS	Anser caerulescens (Linnaeus, 1758)	67	SPECIES	ACCEPTED	Animalia	N	Chordata	CH2	Aves	V2	Anseriformes	PQ	Anatidae	9H6K5	Anser	X5D	Anser caerulescens	66XWS	LC
7FFJ4	Vanellus gregarius (Pallas, 1771)	7FFJ4	Vanellus gregarius (Pallas, 1771)	40	SPECIES	ACCEPTED	Animalia	N	Chordata	CH2	Aves	V2	Charadriiformes	X3	Charadriidae	824	Vanellus	647JQ	Vanellus gregarius	7FFJ4	CR
5D7NC	Zoothera aurea (Holandre, 1825)	5D7NC	Zoothera aurea (Holandre, 1825)	18	SPECIES	ACCEPTED	Animalia	N	Chordata	CH2	Aves	V2	Passeriformes	3RL	Turdidae	T4K9X	Zoothera	8B5X	Zoothera aurea	5D7NC	LC
7FFJB	Vanellus leucurus (M. H. K. Lichtenstein, 1823)	7FFJB	Vanellus leucurus (M. H. K. Lichtenstein, 1823)	4	SPECIES	ACCEPTED	Animalia	N	Chordata	CH2	Aves	V2	Charadriiformes	X3	Charadriidae	824	Vanellus	647JQ	Vanellus leucurus	7FFJB	LC
6V58Q	Perdix perdix (Linnaeus, 1758)	6V58Q	Perdix perdix (Linnaeus, 1758)	1986	SPECIES	ACCEPTED	Animalia	N	Chordata	CH2	Aves	V2	Galliformes	38Z	Phasianidae	625WG	Perdix	63L8J	Perdix perdix	6V58Q	LC
9HJGR	Mareca falcata (Georgi, 1775)	9HJGR	Mareca falcata (Georgi, 1775)	22	SPECIES	ACCEPTED	Animalia	N	Chordata	CH2	Aves	V2	Anseriformes	PQ	Anatidae	9H6K5	Mareca	9HGXM	Mareca falcata	9HJGR	LC
54C7M	Tachybaptus ruficollis (Pallas, 1764)	54C7M	Tachybaptus ruficollis (Pallas, 1764)	6678	SPECIES	ACCEPTED	Animalia	N	Chordata	CH2	Aves	V2	Podicipediformes	3V6	Podicipedidae	627FZ	Tachybaptus	7RSK	Tachybaptus ruficollis	54C7M	LC
3HFDF	Grus grus (Linnaeus, 1758)	3HFDF	Grus grus (Linnaeus, 1758)	638	SPECIES	ACCEPTED	Animalia	N	Chordata	CH2	Aves	V2	Gruiformes	6223K	Gruidae	625DG	Grus	4R94	Grus grus	3HFDF	LC
4QW2H	Pyrrhula pyrrhula (Linnaeus, 1758)	4QW2H	Pyrrhula pyrrhula (Linnaeus, 1758)	1519	SPECIES	ACCEPTED	Animalia	N	Chordata	CH2	Aves	V2	Passeriformes	3RL	Fringillidae	6244D	Pyrrhula	767K	Pyrrhula pyrrhula	4QW2H	LC
59ZVQ	Tyto alba (Scopoli, 1769)	59ZVQ	Tyto alba (Scopoli, 1769)	467	SPECIES	ACCEPTED	Animalia	N	Chordata	CH2	Aves	V2	Strigiformes	466	Tytonidae	HMY	Tyto	6488W	Tyto alba	59ZVQ	LC
9HKY4	Spatula cyanoptera (Vieillot, 1816)	9HKY4	Spatula cyanoptera (Vieillot, 1816)	2	SPECIES	ACCEPTED	Animalia	N	Chordata	CH2	Aves	V2	Anseriformes	PQ	Anatidae	9H6K5	Spatula	9HGYJ	Spatula cyanoptera	9HKY4	LC
6VFMM	Phylloscopus humei (W. E. Brooks, 1878)	6VFMM	Phylloscopus humei (W. E. Brooks, 1878)	155	SPECIES	ACCEPTED	Animalia	N	Chordata	CH2	Aves	V2	Passeriformes	3RL	Phylloscopidae	625K5	Phylloscopus	6PRN	Phylloscopus humei	6VFMM	LC
44G9C	Motacilla citreola Pallas, 1776	44G9C	Motacilla citreola Pallas, 1776	19	SPECIES	ACCEPTED	Animalia	N	Chordata	CH2	Aves	V2	Passeriformes	3RL	Motacillidae	CYC	Motacilla	63CMY	Motacilla citreola	44G9C	LC
6GFXQ	Eremophila alpestris (Linnaeus, 1758)	6GFXQ	Eremophila alpestris (Linnaeus, 1758)	121	SPECIES	ACCEPTED	Animalia	N	Chordata	CH2	Aves	V2	Passeriformes	3RL	Alaudidae	667	Eremophila	633Z3	Eremophila alpestris	6GFXQ	LC
SFVL	Cepphus grylle (Linnaeus, 1758)	SFVL	Cepphus grylle (Linnaeus, 1758)	47	SPECIES	ACCEPTED	Animalia	N	Chordata	CH2	Aves	V2	Charadriiformes	X3	Alcidae	66H	Cepphus	3KKN	Cepphus grylle	SFVL	LC
3G64C	Glaucidium passerinum (Linnaeus, 1758)	3G64C	Glaucidium passerinum (Linnaeus, 1758)	76	SPECIES	ACCEPTED	Animalia	N	Chordata	CH2	Aves	V2	Strigiformes	466	Strigidae	GQX	Glaucidium	4NTQ	Glaucidium passerinum	3G64C	LC
67QDC	Apus pallidus (Shelley, 1870)	67QDC	Apus pallidus (Shelley, 1870)	46	SPECIES	ACCEPTED	Animalia	N	Chordata	CH2	Aves	V2	Apodiformes	Q9	Apodidae	6L5	Apus	ZFN	Apus pallidus	67QDC	LC
6ZSB2	Sterna dougallii Montagu, 1813	6ZSB2	Sterna dougallii Montagu, 1813	24	SPECIES	ACCEPTED	Animalia	N	Chordata	CH2	Aves	V2	Charadriiformes	X3	Laridae	BSK	Sterna	7N8Q	Sterna dougallii	6ZSB2	LC
382DF	Dumetella carolinensis (Linnaeus, 1766)	382DF	Dumetella carolinensis (Linnaeus, 1766)	8	SPECIES	ACCEPTED	Animalia	N	Chordata	CH2	Aves	V2	Passeriformes	3RL	Mimidae	CTD	Dumetella	48PZ	Dumetella carolinensis	382DF	LC
5V9X5	Anser indicus (Latham, 1790)	5V9X5	Anser indicus (Latham, 1790)	446	SPECIES	ACCEPTED	Animalia	N	Chordata	CH2	Aves	V2	Anseriformes	PQ	Anatidae	9H6K5	Anser	X5D	Anser indicus	5V9X5	LC
483T6	Numenius phaeopus (Linnaeus, 1758)	483T6	Numenius phaeopus (Linnaeus, 1758)	1612	SPECIES	ACCEPTED	Animalia	N	Chordata	CH2	Aves	V2	Charadriiformes	X3	Scolopacidae	G4X	Numenius	65VC	Numenius phaeopus	483T6	LC
39FSZ	Emberiza citrinella Linnaeus, 1758	39FSZ	Emberiza citrinella Linnaeus, 1758	2207	SPECIES	ACCEPTED	Animalia	N	Chordata	CH2	Aves	V2	Passeriformes	3RL	Emberizidae	9N5	Emberiza	4B69	Emberiza citrinella	39FSZ	LC
6QLK4	Locustella naevia (Boddaert, 1783)	6QLK4	Locustella naevia (Boddaert, 1783)	1204	SPECIES	ACCEPTED	Animalia	N	Chordata	CH2	Aves	V2	Passeriformes	3RL	Locustellidae	C5V	Locustella	5G59	Locustella naevia	6QLK4	LC
VG7Z	Circus cyaneus (Linnaeus, 1766)	VG7Z	Circus cyaneus (Linnaeus, 1766)	1815	SPECIES	ACCEPTED	Animalia	N	Chordata	CH2	Aves	V2	Accipitriformes	MB	Accipitridae	5W6	Circus	3Q54	Circus cyaneus	VG7Z	LC
3HXNC	Gyps fulvus (Hablizl, 1783)	3HXNC	Gyps fulvus (Hablizl, 1783)	47	SPECIES	ACCEPTED	Animalia	N	Chordata	CH2	Aves	V2	Accipitriformes	MB	Accipitridae	5W6	Gyps	4S2Z	Gyps fulvus	3HXNC	LC
54GHT	Tadorna ferruginea (Pallas, 1764)	54GHT	Tadorna ferruginea (Pallas, 1764)	253	SPECIES	ACCEPTED	Animalia	N	Chordata	CH2	Aves	V2	Anseriformes	PQ	Anatidae	9H6K5	Tadorna	645G2	Tadorna ferruginea	54GHT	LC
6MT97	Iduna caligata (Lichtenstein, 1823)	6MT97	Iduna caligata (Lichtenstein, 1823)	39	SPECIES	ACCEPTED	Animalia	N	Chordata	CH2	Aves	V2	Passeriformes	3RL	Acrocephalidae	5YC	Iduna	53PP	Iduna caligata	6MT97	LC
4JMRD	Platalea leucorodia Linnaeus, 1758	4JMRD	Platalea leucorodia Linnaeus, 1758	4694	SPECIES	ACCEPTED	Animalia	N	Chordata	CH2	Aves	V2	Pelecaniformes	3RZ	Threskiornithidae	H89	Platalea	6RKC	Platalea leucorodia	4JMRD	LC
4RPW7	Regulus ignicapilla (Temminck, 1820)	4RPW7	Regulus ignicapilla (Temminck, 1820)	3508	SPECIES	ACCEPTED	Animalia	N	Chordata	CH2	Aves	V2	Passeriformes	3RL	Regulidae	FL3	Regulus	77JH	Regulus ignicapilla	4RPW7	LC
6JYHZ	Garrulus glandarius (Linnaeus, 1758)	6JYHZ	Garrulus glandarius (Linnaeus, 1758)	12369	SPECIES	ACCEPTED	Animalia	N	Chordata	CH2	Aves	V2	Passeriformes	3RL	Corvidae	8L6	Garrulus	4M9W	Garrulus glandarius	6JYHZ	LC
3S7BJ	Lanius collurio Linnaeus, 1758	3S7BJ	Lanius collurio Linnaeus, 1758	728	SPECIES	ACCEPTED	Animalia	N	Chordata	CH2	Aves	V2	Passeriformes	3RL	Laniidae	BS2	Lanius	62XLP	Lanius collurio	3S7BJ	LC
695XN	Calidris maritima (Brünnich, 1764)	695XN	Calidris maritima (Brünnich, 1764)	523	SPECIES	ACCEPTED	Animalia	N	Chordata	CH2	Aves	V2	Charadriiformes	X3	Scolopacidae	G4X	Calidris	3F8J	Calidris maritima	695XN	LC
4KKPX	Pluvialis fulva (J. F. Gmelin, 1789)	4KKPX	Pluvialis fulva (J. F. Gmelin, 1789)	49	SPECIES	ACCEPTED	Animalia	N	Chordata	CH2	Aves	V2	Charadriiformes	X3	Charadriidae	824	Pluvialis	6T7B	Pluvialis fulva	4KKPX	LC
ZFFP	Crex crex (Linnaeus, 1758)	ZFFP	Crex crex (Linnaeus, 1758)	79	SPECIES	ACCEPTED	Animalia	N	Chordata	CH2	Aves	V2	Gruiformes	6223K	Rallidae	FJ9	Crex	3VRZ	Crex crex	ZFFP	LC
6JMR3	Fratercula arctica (Linnaeus, 1758)	6JMR3	Fratercula arctica (Linnaeus, 1758)	21	SPECIES	ACCEPTED	Animalia	N	Chordata	CH2	Aves	V2	Charadriiformes	X3	Alcidae	66H	Fratercula	62T2G	Fratercula arctica	6JMR3	VU
3FVCC	Geranoaetus melanoleucus (Vieillot, 1819)	3FVCC	Geranoaetus melanoleucus (Vieillot, 1819)	1	SPECIES	ACCEPTED	Animalia	N	Chordata	CH2	Aves	V2	Accipitriformes	MB	Accipitridae	5W6	Geranoaetus	4N5G	Geranoaetus melanoleucus	3FVCC	LC
6MJWG	Hydrocoloeus minutus (Pallas, 1776)	6MJWG	Hydrocoloeus minutus (Pallas, 1776)	853	SPECIES	ACCEPTED	Animalia	N	Chordata	CH2	Aves	V2	Charadriiformes	X3	Laridae	BSK	Hydrocoloeus	4ZRN	Hydrocoloeus minutus	6MJWG	LC
GCHS	Ardea cinerea Linnaeus, 1758	GCHS	Ardea cinerea Linnaeus, 1758	17549	SPECIES	ACCEPTED	Animalia	N	Chordata	CH2	Aves	V2	Pelecaniformes	3RZ	Ardeidae	6PB	Ardea	32FH	Ardea cinerea	GCHS	LC
52D8N	Stercorarius parasiticus (Linnaeus, 1758)	52D8N	Stercorarius parasiticus (Linnaeus, 1758)	340	SPECIES	ACCEPTED	Animalia	N	Chordata	CH2	Aves	V2	Charadriiformes	X3	Stercorariidae	GNX	Stercorarius	7N5S	Stercorarius parasiticus	52D8N	LC
64QTG	Actitis hypoleucos (Linnaeus, 1758)	64QTG	Actitis hypoleucos (Linnaeus, 1758)	5638	SPECIES	ACCEPTED	Animalia	N	Chordata	CH2	Aves	V2	Charadriiformes	X3	Scolopacidae	G4X	Actitis	NT5	Actitis hypoleucos	64QTG	LC
5TV4F	Aix galericulata (Linnaeus, 1758)	5TV4F	Aix galericulata (Linnaeus, 1758)	563	SPECIES	ACCEPTED	Animalia	N	Chordata	CH2	Aves	V2	Anseriformes	PQ	Anatidae	9H6K5	Aix	R89	Aix galericulata	5TV4F	LC
7DS6Y	Uria aalge (Pontoppidan, 1763)	7DS6Y	Uria aalge (Pontoppidan, 1763)	396	SPECIES	ACCEPTED	Animalia	N	Chordata	CH2	Aves	V2	Charadriiformes	X3	Alcidae	66H	Uria	855Y	Uria aalge	7DS6Y	LC
VCDN2	Daptrius chimachima (Vieillot, 1816)	43DZ8	Milvago chimachima (Vieillot, 1816)	4	SPECIES	SYNONYM	Animalia	N	Chordata	CH2	Aves	V2	Falconiformes	386	Falconidae	623R8	Milvago	5SVN	Milvago chimachima	43DZ8	
33SX2	Dacelo novaeguineae (Hermann, 1783)	33SX2	Dacelo novaeguineae (Hermann, 1783)	1	SPECIES	ACCEPTED	Animalia	N	Chordata	CH2	Aves	V2	Coraciiformes	ZL	Alcedinidae	66F	Dacelo	3Z8C	Dacelo novaeguineae	33SX2	LC
7CYVX	Turdus merula Linnaeus, 1758	7CYVX	Turdus merula Linnaeus, 1758	34510	SPECIES	ACCEPTED	Animalia	N	Chordata	CH2	Aves	V2	Passeriformes	3RL	Turdidae	T4K9X	Turdus	647VS	Turdus merula	7CYVX	LC
72F75	Linaria cannabina (Linnaeus, 1758)	72F75	Linaria cannabina (Linnaeus, 1758)	5272	SPECIES	ACCEPTED	Animalia	N	Chordata	CH2	Aves	V2	Passeriformes	3RL	Fringillidae	6244D	Linaria	62YPP	Linaria cannabina	72F75	LC
TZL9F	Thinornis dubius (Scopoli, 1786)	5XPL5	Charadrius dubius Scopoli, 1786	3161	SPECIES	SYNONYM	Animalia	N	Chordata	CH2	Aves	V2	Charadriiformes	X3	Charadriidae	824	Charadrius	3M7T	Charadrius dubius	5XPL5	
PK42	Calidris alpina (Linnaeus, 1758)	PK42	Calidris alpina (Linnaeus, 1758)	2776	SPECIES	ACCEPTED	Animalia	N	Chordata	CH2	Aves	V2	Charadriiformes	X3	Scolopacidae	G4X	Calidris	3F8J	Calidris alpina	PK42	NT
3QXQR	Jynx torquilla Linnaeus, 1758	3QXQR	Jynx torquilla Linnaeus, 1758	370	SPECIES	ACCEPTED	Animalia	N	Chordata	CH2	Aves	V2	Piciformes	3TR	Picidae	625L8	Jynx	5737	Jynx torquilla	3QXQR	LC
3JBJV	Haliaeetus albicilla (Linnaeus, 1758)	3JBJV	Haliaeetus albicilla (Linnaeus, 1758)	216	SPECIES	ACCEPTED	Animalia	N	Chordata	CH2	Aves	V2	Accipitriformes	MB	Accipitridae	5W6	Haliaeetus	4SPP	Haliaeetus albicilla	3JBJV	LC
3WFW5	Luscinia luscinia (Linnaeus, 1758)	3WFW5	Luscinia luscinia (Linnaeus, 1758)	22	SPECIES	ACCEPTED	Animalia	N	Chordata	CH2	Aves	V2	Passeriformes	3RL	Muscicapidae	CZN	Luscinia	5HCK	Luscinia luscinia	3WFW5	LC
3Y3C6	Mareca americana (J. F. Gmelin, 1789)	3Y3C6	Mareca americana (J. F. Gmelin, 1789)	54	SPECIES	ACCEPTED	Animalia	N	Chordata	CH2	Aves	V2	Anseriformes	PQ	Anatidae	9H6K5	Mareca	9HGXM	Mareca americana	3Y3C6	LC
4KWM6	Poicephalus senegalus (Linnaeus, 1766)	4KWM6	Poicephalus senegalus (Linnaeus, 1766)	2	SPECIES	ACCEPTED	Animalia	N	Chordata	CH2	Aves	V2	Psittaciformes	3X7	Psittacidae	FBD	Poicephalus	6TQ2	Poicephalus senegalus	4KWM6	LC
53N3M	Sylvia borin (Boddaert, 1783)	53N3M	Sylvia borin (Boddaert, 1783)	2756	SPECIES	ACCEPTED	Animalia	N	Chordata	CH2	Aves	V2	Passeriformes	3RL	Sylviidae	626LT	Sylvia	7QQP	Sylvia borin	53N3M	LC
3SBQP	Larus michahellis J. F. Naumann, 1840	3SBQP	Larus michahellis J. F. Naumann, 1840	1063	SPECIES	ACCEPTED	Animalia	N	Chordata	CH2	Aves	V2	Charadriiformes	X3	Laridae	BSK	Larus	62XFH	Larus michahellis	3SBQP	LC
9HCHQ	Calidris pugnax (Linnaeus, 1758)	9HCHQ	Calidris pugnax (Linnaeus, 1758)	3127	SPECIES	ACCEPTED	Animalia	N	Chordata	CH2	Aves	V2	Charadriiformes	X3	Scolopacidae	G4X	Calidris	3F8J	Calidris pugnax	9HCHQ	LC
6HWGP	Ficedula hypoleuca (Pallas, 1764)	6HWGP	Ficedula hypoleuca (Pallas, 1764)	1105	SPECIES	ACCEPTED	Animalia	N	Chordata	CH2	Aves	V2	Passeriformes	3RL	Muscicapidae	CZN	Ficedula	4JY9	Ficedula hypoleuca	6HWGP	LC
9HJGS	Mareca penelope (Linnaeus, 1758)	9HJGS	Mareca penelope (Linnaeus, 1758)	5094	SPECIES	ACCEPTED	Animalia	N	Chordata	CH2	Aves	V2	Anseriformes	PQ	Anatidae	9H6K5	Mareca	9HGXM	Mareca penelope	9HJGS	LC
FZLR	Aquila fasciata Vieillot, 1822	FZLR	Aquila fasciata Vieillot, 1822	4	SPECIES	ACCEPTED	Animalia	N	Chordata	CH2	Aves	V2	Accipitriformes	MB	Accipitridae	5W6	Aquila	ZHL	Aquila fasciata	FZLR	LC
32ZQB	Cygnus olor (J. F. Gmelin, 1789)	32ZQB	Cygnus olor (J. F. Gmelin, 1789)	9120	SPECIES	ACCEPTED	Animalia	N	Chordata	CH2	Aves	V2	Anseriformes	PQ	Anatidae	9H6K5	Cygnus	9H7JC	Cygnus olor	32ZQB	LC
6HWGB	Ficedula parva (Bechstein, 1792)	6HWGB	Ficedula parva (Bechstein, 1792)	108	SPECIES	ACCEPTED	Animalia	N	Chordata	CH2	Aves	V2	Passeriformes	3RL	Muscicapidae	CZN	Ficedula	4JY9	Ficedula parva	6HWGB	LC
4FRHR	Phalaropus fulicarius (Linnaeus, 1758)	4FRHR	Phalaropus fulicarius (Linnaeus, 1758)	194	SPECIES	ACCEPTED	Animalia	N	Chordata	CH2	Aves	V2	Charadriiformes	X3	Scolopacidae	G4X	Phalaropus	6MPL	Phalaropus fulicarius	4FRHR	LC
3WSC2	Lymnocryptes minimus (Brünnich, 1764)	3WSC2	Lymnocryptes minimus (Brünnich, 1764)	380	SPECIES	ACCEPTED	Animalia	N	Chordata	CH2	Aves	V2	Charadriiformes	X3	Scolopacidae	G4X	Lymnocryptes	5HQD	Lymnocryptes minimus	3WSC2	LC
CR8MD	Botaurus minutus (Linnaeus, 1766)	CR8MD	Botaurus minutus (Linnaeus, 1766)	388	SPECIES	ACCEPTED	Animalia	N	Chordata	CH2	Aves	V2	Pelecaniformes	3RZ	Ardeidae	6PB	Botaurus	3BT5	Botaurus minutus	CR8MD	LC
XBGG	Columba palumbus Linnaeus, 1758	XBGG	Columba palumbus Linnaeus, 1758	43100	SPECIES	ACCEPTED	Animalia	N	Chordata	CH2	Aves	V2	Columbiformes	Z8	Columbidae	8GD	Columba	3SMP	Columba palumbus	XBGG	LC
66Y8S	Anser cygnoides (Linnaeus, 1758)	66Y8S	Anser cygnoides (Linnaeus, 1758)	85	SPECIES	ACCEPTED	Animalia	N	Chordata	CH2	Aves	V2	Anseriformes	PQ	Anatidae	9H6K5	Anser	X5D	Anser cygnoides	66Y8S	EN
77FN7	Phylloscopus proregulus (Pallas, 1811)	77FN7	Phylloscopus proregulus (Pallas, 1811)	187	SPECIES	ACCEPTED	Animalia	N	Chordata	CH2	Aves	V2	Passeriformes	3RL	Phylloscopidae	625K5	Phylloscopus	6PRN	Phylloscopus proregulus	77FN7	LC
4QFY4	Puffinus puffinus (Brünnich, 1764)	4QFY4	Puffinus puffinus (Brünnich, 1764)	151	SPECIES	ACCEPTED	Animalia	N	Chordata	CH2	Aves	V2	Procellariiformes	622V8	Procellariidae	627CQ	Puffinus	75BM	Puffinus puffinus	4QFY4	LC
43SRL	Mniotilta varia (Linnaeus, 1766)	43SRL	Mniotilta varia (Linnaeus, 1766)	23	SPECIES	ACCEPTED	Animalia	N	Chordata	CH2	Aves	V2	Passeriformes	3RL	Parulidae	626BR	Mniotilta	63C7H	Mniotilta varia	43SRL	LC
67KDW	Anthus campestris (Linnaeus, 1758)	67KDW	Anthus campestris (Linnaeus, 1758)	156	SPECIES	ACCEPTED	Animalia	N	Chordata	CH2	Aves	V2	Passeriformes	3RL	Motacillidae	CYC	Anthus	XJ7	Anthus campestris	67KDW	LC
32ZQ7	Cygnus cygnus (Linnaeus, 1758)	32ZQ7	Cygnus cygnus (Linnaeus, 1758)	217	SPECIES	ACCEPTED	Animalia	N	Chordata	CH2	Aves	V2	Anseriformes	PQ	Anatidae	9H6K5	Cygnus	9H7JC	Cygnus cygnus	32ZQ7	LC
5BJL4	Vireo olivaceus (Linnaeus, 1766)	5BJL4	Vireo olivaceus (Linnaeus, 1766)	18	SPECIES	ACCEPTED	Animalia	N	Chordata	CH2	Aves	V2	Passeriformes	3RL	Vireonidae	626RC	Vireo	86WB	Vireo olivaceus	5BJL4	LC
3Z83D	Melanitta perspicillata (Linnaeus, 1758)	3Z83D	Melanitta perspicillata (Linnaeus, 1758)	19	SPECIES	ACCEPTED	Animalia	N	Chordata	CH2	Aves	V2	Anseriformes	PQ	Anatidae	9H6K5	Melanitta	62YSK	Melanitta perspicillata	3Z83D	LC
72MJW	Lophura nycthemera (Linnaeus, 1758)	72MJW	Lophura nycthemera (Linnaeus, 1758)	1	SPECIES	ACCEPTED	Animalia	N	Chordata	CH2	Aves	V2	Galliformes	38Z	Phasianidae	625WG	Lophura	5GR8	Lophura nycthemera	72MJW	LC
32NH3	Cyanistes cyanus (Pallas, 1770)	32NH3	Cyanistes cyanus (Pallas, 1770)	1	SPECIES	ACCEPTED	Animalia	N	Chordata	CH2	Aves	V2	Passeriformes	3RL	Paridae	626B2	Cyanistes	3XN8	Cyanistes cyanus	32NH3	LC
T77T	Cettia cetti (Temminck, 1820)	T77T	Cettia cetti (Temminck, 1820)	7678	SPECIES	ACCEPTED	Animalia	N	Chordata	CH2	Aves	V2	Passeriformes	3RL	Cettiidae	7Y5	Cettia	3LDD	Cettia cetti	T77T	LC
5VKFM	Anthus trivialis (Linnaeus, 1758)	5VKFM	Anthus trivialis (Linnaeus, 1758)	2216	SPECIES	ACCEPTED	Animalia	N	Chordata	CH2	Aves	V2	Passeriformes	3RL	Motacillidae	CYC	Anthus	XJ7	Anthus trivialis	5VKFM	LC
52G25	Sternula albifrons (Pallas, 1764)	52G25	Sternula albifrons (Pallas, 1764)	405	SPECIES	ACCEPTED	Animalia	N	Chordata	CH2	Aves	V2	Charadriiformes	X3	Laridae	BSK	Sternula	63TYM	Sternula albifrons	52G25	LC
64WQQ	Aegithalos caudatus (Linnaeus, 1758)	64WQQ	Aegithalos caudatus (Linnaeus, 1758)	8823	SPECIES	ACCEPTED	Animalia	N	Chordata	CH2	Aves	V2	Passeriformes	3RL	Aegithalidae	63D	Aegithalos	629KV	Aegithalos caudatus	64WQQ	LC
4FQQC	Phalacrocorax carbo (Linnaeus, 1758)	4FQQC	Phalacrocorax carbo (Linnaeus, 1758)	18157	SPECIES	ACCEPTED	Animalia	N	Chordata	CH2	Aves	V2	Suliformes	46J	Phalacrocoracidae	62694	Phalacrocorax	6MN5	Phalacrocorax carbo	4FQQC	LC
43DZH	Milvus migrans (Boddaert, 1783)	43DZH	Milvus migrans (Boddaert, 1783)	611	SPECIES	ACCEPTED	Animalia	N	Chordata	CH2	Aves	V2	Accipitriformes	MB	Accipitridae	5W6	Milvus	5SVR	Milvus migrans	43DZH	LC
PGVX	Calcarius lapponicus (Linnaeus, 1758)	PGVX	Calcarius lapponicus (Linnaeus, 1758)	228	SPECIES	ACCEPTED	Animalia	N	Chordata	CH2	Aves	V2	Passeriformes	3RL	Calcariidae	7JF	Calcarius	3F36	Calcarius lapponicus	PGVX	LC
5Y96Q	Chlidonias leucopterus (Temminck, 1815)	5Y96Q	Chlidonias leucopterus (Temminck, 1815)	111	SPECIES	ACCEPTED	Animalia	N	Chordata	CH2	Aves	V2	Charadriiformes	X3	Laridae	BSK	Chlidonias	62M8H	Chlidonias leucopterus	5Y96Q	LC
3S7BT	Lanius isabellinus Hemprich & Ehrenberg, 1833	3S7BT	Lanius isabellinus Hemprich & Ehrenberg, 1833	5	SPECIES	ACCEPTED	Animalia	N	Chordata	CH2	Aves	V2	Passeriformes	3RL	Laniidae	BS2	Lanius	62XLP	Lanius isabellinus	3S7BT	LC
DGN4	Anas bahamensis Linnaeus, 1758	DGN4	Anas bahamensis Linnaeus, 1758	17	SPECIES	ACCEPTED	Animalia	N	Chordata	CH2	Aves	V2	Anseriformes	PQ	Anatidae	9H6K5	Anas	V8R	Anas bahamensis	DGN4	LC
6VFMW	Phylloscopus schwarzi (Radde, 1863)	6VFMW	Phylloscopus schwarzi (Radde, 1863)	58	SPECIES	ACCEPTED	Animalia	N	Chordata	CH2	Aves	V2	Passeriformes	3RL	Phylloscopidae	625K5	Phylloscopus	6PRN	Phylloscopus schwarzi	6VFMW	LC
59PMB	Turdus migratorius Linnaeus, 1766	59PMB	Turdus migratorius Linnaeus, 1766	2	SPECIES	ACCEPTED	Animalia	N	Chordata	CH2	Aves	V2	Passeriformes	3RL	Turdidae	T4K9X	Turdus	647VS	Turdus migratorius	59PMB	LC
9HKY5	Spatula rhynchotis (Latham, 1801)	9HKY5	Spatula rhynchotis (Latham, 1801)	3	SPECIES	ACCEPTED	Animalia	N	Chordata	CH2	Aves	V2	Anseriformes	PQ	Anatidae	9H6K5	Spatula	9HGYJ	Spatula rhynchotis	9HKY5	LC
6HCWF	Euplectes afer (Gmelin, 1789)	6HCWF	Euplectes afer (Gmelin, 1789)	2	SPECIES	ACCEPTED	Animalia	N	Chordata	CH2	Aves	V2	Passeriformes	3RL	Ploceidae	627GF	Euplectes	62SW3	Euplectes afer	6HCWF	LC
4KSC9	Poecile palustris (Linnaeus, 1758)	4KSC9	Poecile palustris (Linnaeus, 1758)	2176	SPECIES	ACCEPTED	Animalia	N	Chordata	CH2	Aves	V2	Passeriformes	3RL	Paridae	626B2	Poecile	6TGS	Poecile palustris	4KSC9	LC
9L48	Acrocephalus arundinaceus (Linnaeus, 1758)	9L48	Acrocephalus arundinaceus (Linnaeus, 1758)	204	SPECIES	ACCEPTED	Animalia	N	Chordata	CH2	Aves	V2	Passeriformes	3RL	Acrocephalidae	5YC	Acrocephalus	NC3	Acrocephalus arundinaceus	9L48	
QSND	Caprimulgus europaeus Linnaeus, 1758	QSND	Caprimulgus europaeus Linnaeus, 1758	228	SPECIES	ACCEPTED	Animalia	N	Chordata	CH2	Aves	V2	Caprimulgiformes	VJ	Caprimulgidae	7PQ	Caprimulgus	3H66	Caprimulgus europaeus	QSND	LC
6VFMH	Phylloscopus collybita (Vieillot, 1817)	6VFMH	Phylloscopus collybita (Vieillot, 1817)	23172	SPECIES	ACCEPTED	Animalia	N	Chordata	CH2	Aves	V2	Passeriformes	3RL	Phylloscopidae	625K5	Phylloscopus	6PRN	Phylloscopus collybita	6VFMH	LC
4RB9P	Rallus aquaticus Linnaeus, 1758	4RB9P	Rallus aquaticus Linnaeus, 1758	2367	SPECIES	ACCEPTED	Animalia	N	Chordata	CH2	Aves	V2	Gruiformes	6223K	Rallidae	FJ9	Rallus	76VZ	Rallus aquaticus	4RB9P	LC
9HH6D	Anser serrirostris Gould, 1852	9HH6D	Anser serrirostris Gould, 1852	474	SPECIES	ACCEPTED	Animalia	N	Chordata	CH2	Aves	V2	Anseriformes	PQ	Anatidae	9H6K5	Anser	X5D	Anser serrirostris	9HH6D	
39FT7	Emberiza hortulana Linnaeus, 1758	39FT7	Emberiza hortulana Linnaeus, 1758	76	SPECIES	ACCEPTED	Animalia	N	Chordata	CH2	Aves	V2	Passeriformes	3RL	Emberizidae	9N5	Emberiza	4B69	Emberiza hortulana	39FT7	LC
4FRHS	Phalaropus lobatus (Linnaeus, 1758)	4FRHS	Phalaropus lobatus (Linnaeus, 1758)	101	SPECIES	ACCEPTED	Animalia	N	Chordata	CH2	Aves	V2	Charadriiformes	X3	Scolopacidae	G4X	Phalaropus	6MPL	Phalaropus lobatus	4FRHS	LC
52D8P	Stercorarius pomarinus (Temminck, 1815)	52D8P	Stercorarius pomarinus (Temminck, 1815)	195	SPECIES	ACCEPTED	Animalia	N	Chordata	CH2	Aves	V2	Charadriiformes	X3	Stercorariidae	GNX	Stercorarius	7N5S	Stercorarius pomarinus	52D8P	LC
5YVVD	Clangula hyemalis (Linnaeus, 1758)	5YVVD	Clangula hyemalis (Linnaeus, 1758)	162	SPECIES	ACCEPTED	Animalia	N	Chordata	CH2	Aves	V2	Anseriformes	PQ	Anatidae	9H6K5	Clangula	3QG6	Clangula hyemalis	5YVVD	VU
39FTK	Emberiza rustica Pallas, 1776	39FTK	Emberiza rustica Pallas, 1776	37	SPECIES	ACCEPTED	Animalia	N	Chordata	CH2	Aves	V2	Passeriformes	3RL	Emberizidae	9N5	Emberiza	4B69	Emberiza rustica	39FTK	NT
34Q2Z	Dendrocygna autumnalis (Linnaeus, 1758)	34Q2Z	Dendrocygna autumnalis (Linnaeus, 1758)	5	SPECIES	ACCEPTED	Animalia	N	Chordata	CH2	Aves	V2	Anseriformes	PQ	Anatidae	9H6K5	Dendrocygna	42Z7	Dendrocygna autumnalis	34Q2Z	LC
6HWH4	Ficedula albicollis (Temminck, 1815)	6HWH4	Ficedula albicollis (Temminck, 1815)	1	SPECIES	ACCEPTED	Animalia	N	Chordata	CH2	Aves	V2	Passeriformes	3RL	Muscicapidae	CZN	Ficedula	4JY9	Ficedula albicollis	6HWH4	LC
TZL28	Cecropis rufula (Temminck, 1835)	TZL28	Cecropis rufula (Temminck, 1835)	59	SPECIES	ACCEPTED	Animalia	N	Chordata	CH2	Aves	V2	Passeriformes	3RL	Hirundinidae	B3Y	Cecropis	3JWD	Cecropis rufula	TZL28	
3SBQ9	Larus fuscus Linnaeus, 1758	3SBQ9	Larus fuscus Linnaeus, 1758	10053	SPECIES	ACCEPTED	Animalia	N	Chordata	CH2	Aves	V2	Charadriiformes	X3	Laridae	BSK	Larus	62XFH	Larus fuscus	3SBQ9	LC
XBFW	Columba livia J. F. Gmelin, 1789	XBFW	Columba livia J. F. Gmelin, 1789	10490	SPECIES	ACCEPTED	Animalia	N	Chordata	CH2	Aves	V2	Columbiformes	Z8	Columbidae	8GD	Columba	3SMP	Columba livia	XBFW	LC
37VCZ	Dryocopus martius (Linnaeus, 1758)	37VCZ	Dryocopus martius (Linnaeus, 1758)	1445	SPECIES	ACCEPTED	Animalia	N	Chordata	CH2	Aves	V2	Piciformes	3TR	Picidae	625L8	Dryocopus	48HQ	Dryocopus martius	37VCZ	LC
3N8ZF	Hydroprogne caspia (Pallas, 1770)	3N8ZF	Hydroprogne caspia (Pallas, 1770)	113	SPECIES	ACCEPTED	Animalia	N	Chordata	CH2	Aves	V2	Charadriiformes	X3	Laridae	BSK	Hydroprogne	4ZVB	Hydroprogne caspia	3N8ZF	LC
MMYM	Botaurus stellaris (Linnaeus, 1758)	MMYM	Botaurus stellaris (Linnaeus, 1758)	646	SPECIES	ACCEPTED	Animalia	N	Chordata	CH2	Aves	V2	Pelecaniformes	3RZ	Ardeidae	6PB	Botaurus	3BT5	Botaurus stellaris	MMYM	LC
3FFP8	Gavia stellata (Pontoppidan, 1763)	3FFP8	Gavia stellata (Pontoppidan, 1763)	404	SPECIES	ACCEPTED	Animalia	N	Chordata	CH2	Aves	V2	Gaviiformes	396	Gaviidae	6247R	Gavia	4MHK	Gavia stellata	3FFP8	LC
55SK5	Tetrastes bonasia (Linnaeus, 1758)	55SK5	Tetrastes bonasia (Linnaeus, 1758)	9	SPECIES	ACCEPTED	Animalia	N	Chordata	CH2	Aves	V2	Galliformes	38Z	Phasianidae	625WG	Tetrastes	6475F	Tetrastes bonasia	55SK5	LC
K56Y	Aythya nyroca (Güldenstädt, 1770)	K56Y	Aythya nyroca (Güldenstädt, 1770)	203	SPECIES	ACCEPTED	Animalia	N	Chordata	CH2	Aves	V2	Anseriformes	PQ	Anatidae	9H6K5	Aythya	36VQ	Aythya nyroca	K56Y	NT
56VKH	Tichodroma muraria (Linnaeus, 1766)	56VKH	Tichodroma muraria (Linnaeus, 1766)	49	SPECIES	ACCEPTED	Animalia	N	Chordata	CH2	Aves	V2	Passeriformes	3RL	Tichodromidae	626PT	Tichodroma	7WTR	Tichodroma muraria	56VKH	LC
CPPDW	Zapornia parva (Scopoli, 1769)	CPPDW	Zapornia parva (Scopoli, 1769)	73	SPECIES	ACCEPTED	Animalia	N	Chordata	CH2	Aves	V2	Gruiformes	6223K	Rallidae	FJ9	Zapornia	CPPD8	Zapornia parva	CPPDW	LC
6KVBQ	Gypaetus barbatus (Linnaeus, 1758)	6KVBQ	Gypaetus barbatus (Linnaeus, 1758)	4	SPECIES	ACCEPTED	Animalia	N	Chordata	CH2	Aves	V2	Accipitriformes	MB	Accipitridae	5W6	Gypaetus	4S2N	Gypaetus barbatus	6KVBQ	NT
75YWG	Pelecanus onocrotalus Linnaeus, 1758	75YWG	Pelecanus onocrotalus Linnaeus, 1758	4	SPECIES	ACCEPTED	Animalia	N	Chordata	CH2	Aves	V2	Pelecaniformes	3RZ	Pelecanidae	625T5	Pelecanus	6K7T	Pelecanus onocrotalus	75YWG	LC
VQNX	Clamator glandarius (Linnaeus, 1758)	VQNX	Clamator glandarius (Linnaeus, 1758)	9	SPECIES	ACCEPTED	Animalia	N	Chordata	CH2	Aves	V2	Cuculiformes	32K	Cuculidae	8S7	Clamator	3QFW	Clamator glandarius	VQNX	LC
R56G	Cardinalis cardinalis (Linnaeus, 1758)	R56G	Cardinalis cardinalis (Linnaeus, 1758)	3	SPECIES	ACCEPTED	Animalia	N	Chordata	CH2	Aves	V2	Passeriformes	3RL	Cardinalidae	7QR	Cardinalis	62KGQ	Cardinalis cardinalis	R56G	LC
9HDDL	Cereopsis novaehollandiae Latham, 1801	9HDDL	Cereopsis novaehollandiae Latham, 1801	1	SPECIES	ACCEPTED	Animalia	N	Chordata	CH2	Aves	V2	Anseriformes	PQ	Anatidae	9H6K5	Cereopsis	9H7FJ	Cereopsis novaehollandiae	9HDDL	LC
CPCMT	Porphyrio poliocephalus (Latham, 1801)	CPCMT	Porphyrio poliocephalus (Latham, 1801)	2	SPECIES	ACCEPTED	Animalia	N	Chordata	CH2	Aves	V2	Gruiformes	6223K	Rallidae	FJ9	Porphyrio	63PZ4	Porphyrio poliocephalus	CPCMT	
6L8DR	Haemorhous mexicanus (P. L. Statius Müller, 1776)	6L8DR	Haemorhous mexicanus (P. L. Statius Müller, 1776)	3	SPECIES	ACCEPTED	Animalia	N	Chordata	CH2	Aves	V2	Passeriformes	3RL	Fringillidae	6244D	Haemorhous	4SJ3	Haemorhous mexicanus	6L8DR	LC
49RDZ	Onychoprion anaethetus (Scopoli, 1786)	49RDZ	Onychoprion anaethetus (Scopoli, 1786)	1	SPECIES	ACCEPTED	Animalia	N	Chordata	CH2	Aves	V2	Charadriiformes	X3	Laridae	BSK	Onychoprion	68GJ	Onychoprion anaethetus	49RDZ	LC
483SZ	Numenius arquata (Linnaeus, 1758)	483SZ	Numenius arquata (Linnaeus, 1758)	5892	SPECIES	ACCEPTED	Animalia	N	Chordata	CH2	Aves	V2	Charadriiformes	X3	Scolopacidae	G4X	Numenius	65VC	Numenius arquata	483SZ	NT
667V7	Alcedo atthis (Linnaeus, 1758)	667V7	Alcedo atthis (Linnaeus, 1758)	4739	SPECIES	ACCEPTED	Animalia	N	Chordata	CH2	Aves	V2	Coraciiformes	ZL	Alcedinidae	66F	Alcedo	RKP	Alcedo atthis	667V7	LC
5VKDZ	Anthus spinoletta (Linnaeus, 1758)	5VKDZ	Anthus spinoletta (Linnaeus, 1758)	1182	SPECIES	ACCEPTED	Animalia	N	Chordata	CH2	Aves	V2	Passeriformes	3RL	Motacillidae	CYC	Anthus	XJ7	Anthus spinoletta	5VKDZ	LC
4CBTY	Pandion haliaetus (Linnaeus, 1758)	4CBTY	Pandion haliaetus (Linnaeus, 1758)	842	SPECIES	ACCEPTED	Animalia	N	Chordata	CH2	Aves	V2	Accipitriformes	MB	Pandionidae	DWJ	Pandion	6D6F	Pandion haliaetus	4CBTY	LC
6ZXPY	Streptopelia turtur (Linnaeus, 1758)	6ZXPY	Streptopelia turtur (Linnaeus, 1758)	673	SPECIES	ACCEPTED	Animalia	N	Chordata	CH2	Aves	V2	Columbiformes	Z8	Columbidae	8GD	Streptopelia	7P7J	Streptopelia turtur	6ZXPY	VU
6XQRF	Saxicola maurus (Pallas, 1773)	6XQRF	Saxicola maurus (Pallas, 1773)	92	SPECIES	ACCEPTED	Animalia	N	Chordata	CH2	Aves	V2	Passeriformes	3RL	Muscicapidae	CZN	Saxicola	7CV9	Saxicola maurus	6XQRF	
9HCXF	Chenonetta jubata (Latham, 1801)	9HCXF	Chenonetta jubata (Latham, 1801)	12	SPECIES	ACCEPTED	Animalia	N	Chordata	CH2	Aves	V2	Anseriformes	PQ	Anatidae	9H6K5	Chenonetta	3MS2	Chenonetta jubata	9HCXF	LC
5ZZQS	Coracias garrulus Linnaeus, 1758	5ZZQS	Coracias garrulus Linnaeus, 1758	19	SPECIES	ACCEPTED	Animalia	N	Chordata	CH2	Aves	V2	Coraciiformes	ZL	Coraciidae	8JG	Coracias	3TV8	Coracias garrulus	5ZZQS	LC
6ZSCV	Sterna forsteri Nuttall, 1834	6ZSCV	Sterna forsteri Nuttall, 1834	5	SPECIES	ACCEPTED	Animalia	N	Chordata	CH2	Aves	V2	Charadriiformes	X3	Laridae	BSK	Sterna	7N8Q	Sterna forsteri	6ZSCV	LC
44B86	Monticola saxatilis (Linnaeus, 1766)	44B86	Monticola saxatilis (Linnaeus, 1766)	1	SPECIES	ACCEPTED	Animalia	N	Chordata	CH2	Aves	V2	Passeriformes	3RL	Muscicapidae	CZN	Monticola	63CZN	Monticola saxatilis	44B86	LC
9HP5T	Spatula hottentota (Eyton, 1838)	9HP5T	Spatula hottentota (Eyton, 1838)	3	SPECIES	ACCEPTED	Animalia	N	Chordata	CH2	Aves	V2	Anseriformes	PQ	Anatidae	9H6K5	Spatula	9HGYJ	Spatula hottentota	9HP5T	LC
65MFH	Agapornis fischeri Reichenow, 1887	65MFH	Agapornis fischeri Reichenow, 1887	1	SPECIES	ACCEPTED	Animalia	N	Chordata	CH2	Aves	V2	Psittaciformes	3X7	Psittaculidae	C3KV6	Agapornis	QJM	Agapornis fischeri	65MFH	NT
53N3J	Sylvia atricapilla (Linnaeus, 1758)	53N3J	Sylvia atricapilla (Linnaeus, 1758)	13201	SPECIES	ACCEPTED	Animalia	N	Chordata	CH2	Aves	V2	Passeriformes	3RL	Sylviidae	626LT	Sylvia	7QQP	Sylvia atricapilla	53N3J	LC
77FNC	Phylloscopus trochilus (Linnaeus, 1758)	77FNC	Phylloscopus trochilus (Linnaeus, 1758)	3554	SPECIES	ACCEPTED	Animalia	N	Chordata	CH2	Aves	V2	Passeriformes	3RL	Phylloscopidae	625K5	Phylloscopus	6PRN	Phylloscopus trochilus	77FNC	LC
4GKQX	Phoenicurus ochruros (S. G. Gmelin, 1774)	4GKQX	Phoenicurus ochruros (S. G. Gmelin, 1774)	5063	SPECIES	ACCEPTED	Animalia	N	Chordata	CH2	Aves	V2	Passeriformes	3RL	Muscicapidae	CZN	Phoenicurus	63MGF	Phoenicurus ochruros	4GKQX	LC
5ZQ9C	Columba oenas Linnaeus, 1758	5ZQ9C	Columba oenas Linnaeus, 1758	7514	SPECIES	ACCEPTED	Animalia	N	Chordata	CH2	Aves	V2	Columbiformes	Z8	Columbidae	8GD	Columba	3SMP	Columba oenas	5ZQ9C	LC
48X6R	Oenanthe deserti (Temminck, 1825)	48X6R	Oenanthe deserti (Temminck, 1825)	59	SPECIES	ACCEPTED	Animalia	N	Chordata	CH2	Aves	V2	Passeriformes	3RL	Muscicapidae	CZN	Oenanthe	679P	Oenanthe deserti	48X6R	LC
9KHT	Acridotheres tristis (Linnaeus, 1766)	9KHT	Acridotheres tristis (Linnaeus, 1766)	2	SPECIES	ACCEPTED	Animalia	N	Chordata	CH2	Aves	V2	Passeriformes	3RL	Sturnidae	GRP	Acridotheres	N9Y	Acridotheres tristis	9KHT	LC
5VYJV	Aythya fuligula (Linnaeus, 1758)	5VYJV	Aythya fuligula (Linnaeus, 1758)	11572	SPECIES	ACCEPTED	Animalia	N	Chordata	CH2	Aves	V2	Anseriformes	PQ	Anatidae	9H6K5	Aythya	36VQ	Aythya fuligula	5VYJV	LC
DGND	Anas crecca Linnaeus, 1758	DGND	Anas crecca Linnaeus, 1758	7728	SPECIES	ACCEPTED	Animalia	N	Chordata	CH2	Aves	V2	Anseriformes	PQ	Anatidae	9H6K5	Anas	V8R	Anas crecca	DGND	LC
54GHV	Tadorna tadorna (Linnaeus, 1758)	54GHV	Tadorna tadorna (Linnaeus, 1758)	10016	SPECIES	ACCEPTED	Animalia	N	Chordata	CH2	Aves	V2	Anseriformes	PQ	Anatidae	9H6K5	Tadorna	645G2	Tadorna tadorna	54GHV	LC
59PLT	Turdus iliacus Linnaeus, 1758	59PLT	Turdus iliacus Linnaeus, 1758	4932	SPECIES	ACCEPTED	Animalia	N	Chordata	CH2	Aves	V2	Passeriformes	3RL	Turdidae	T4K9X	Turdus	647VS	Turdus iliacus	59PLT	LC
4QFXW	Puffinus mauretanicus Lowe, 1921	4QFXW	Puffinus mauretanicus Lowe, 1921	24	SPECIES	ACCEPTED	Animalia	N	Chordata	CH2	Aves	V2	Procellariiformes	622V8	Procellariidae	627CQ	Puffinus	75BM	Puffinus mauretanicus	4QFXW	CR
DDBNM	Curruca subalpina (Temminck, 1820)	DDBNM	Curruca subalpina (Temminck, 1820)	1	SPECIES	ACCEPTED	Animalia	N	Chordata	CH2	Aves	V2	Passeriformes	3RL	Sylviidae	626LT	Curruca	DDBLS	Curruca subalpina	DDBNM	
4FWMP	Phasianus versicolor Vieillot, 1825	4FWMP	Phasianus versicolor Vieillot, 1825	3	SPECIES	ACCEPTED	Animalia	N	Chordata	CH2	Aves	V2	Galliformes	38Z	Phasianidae	625WG	Phasianus	6MY8	Phasianus versicolor	4FWMP	LC
39FTN	Emberiza schoeniclus (Linnaeus, 1758)	39FTN	Emberiza schoeniclus (Linnaeus, 1758)	6217	SPECIES	ACCEPTED	Animalia	N	Chordata	CH2	Aves	V2	Passeriformes	3RL	Emberizidae	9N5	Emberiza	4B69	Emberiza schoeniclus	39FTN	LC
44Q67	Muscicapa striata (Pallas, 1764)	44Q67	Muscicapa striata (Pallas, 1764)	959	SPECIES	ACCEPTED	Animalia	N	Chordata	CH2	Aves	V2	Passeriformes	3RL	Muscicapidae	CZN	Muscicapa	5VVQ	Muscicapa striata	44Q67	LC
3SBQG	Larus hyperboreus Gunnerus, 1767	3SBQG	Larus hyperboreus Gunnerus, 1767	119	SPECIES	ACCEPTED	Animalia	N	Chordata	CH2	Aves	V2	Charadriiformes	X3	Laridae	BSK	Larus	62XFH	Larus hyperboreus	3SBQG	LC
4M2R8	Porzana porzana (Linnaeus, 1766)	4M2R8	Porzana porzana (Linnaeus, 1766)	245	SPECIES	ACCEPTED	Animalia	N	Chordata	CH2	Aves	V2	Gruiformes	6223K	Rallidae	FJ9	Porzana	6V2X	Porzana porzana	4M2R8	LC
VFS9	Circaetus gallicus (J. F. Gmelin, 1788)	VFS9	Circaetus gallicus (J. F. Gmelin, 1788)	102	SPECIES	ACCEPTED	Animalia	N	Chordata	CH2	Aves	V2	Accipitriformes	MB	Accipitridae	5W6	Circaetus	62LC9	Circaetus gallicus	VFS9	LC
YNHH	Corvus cornix Linnaeus, 1758	YNHH	Corvus cornix Linnaeus, 1758	108	SPECIES	ACCEPTED	Animalia	N	Chordata	CH2	Aves	V2	Passeriformes	3RL	Corvidae	8L6	Corvus	62LZ4	Corvus cornix	YNHH	
3ZTRF	Mergellus albellus (Linnaeus, 1758)	3ZTRF	Mergellus albellus (Linnaeus, 1758)	911	SPECIES	ACCEPTED	Animalia	N	Chordata	CH2	Aves	V2	Anseriformes	PQ	Anatidae	9H6K5	Mergellus	5P8N	Mergellus albellus	3ZTRF	LC
BGZW	Alca torda Linnaeus, 1758	BGZW	Alca torda Linnaeus, 1758	336	SPECIES	ACCEPTED	Animalia	N	Chordata	CH2	Aves	V2	Charadriiformes	X3	Alcidae	66H	Alca	RK7	Alca torda	BGZW	LC
66XX4	Anser canagicus (Sevastianov, 1802)	66XX4	Anser canagicus (Sevastianov, 1802)	9	SPECIES	ACCEPTED	Animalia	N	Chordata	CH2	Aves	V2	Anseriformes	PQ	Anatidae	9H6K5	Anser	X5D	Anser canagicus	66XX4	LC
5VKDV	Anthus cervinus (Pallas, 1811)	5VKDV	Anthus cervinus (Pallas, 1811)	88	SPECIES	ACCEPTED	Animalia	N	Chordata	CH2	Aves	V2	Passeriformes	3RL	Motacillidae	CYC	Anthus	XJ7	Anthus cervinus	5VKDV	LC
4B729	Otis tarda Linnaeus, 1758	4B729	Otis tarda Linnaeus, 1758	24	SPECIES	ACCEPTED	Animalia	N	Chordata	CH2	Aves	V2	Otidiformes	3QM	Otididae	DRT	Otis	63HWR	Otis tarda	4B729	EN
6ZSDC	Sterna paradisaea Pontoppidan, 1763	6ZSDC	Sterna paradisaea Pontoppidan, 1763	209	SPECIES	ACCEPTED	Animalia	N	Chordata	CH2	Aves	V2	Charadriiformes	X3	Laridae	BSK	Sterna	7N8Q	Sterna paradisaea	6ZSDC	LC
RG9T	Carpodacus erythrinus (Pallas, 1770)	RG9T	Carpodacus erythrinus (Pallas, 1770)	78	SPECIES	ACCEPTED	Animalia	N	Chordata	CH2	Aves	V2	Passeriformes	3RL	Fringillidae	6244D	Carpodacus	62KK5	Carpodacus erythrinus	RG9T	LC
4B8JH	Otus scops (Linnaeus, 1758)	4B8JH	Otus scops (Linnaeus, 1758)	26	SPECIES	ACCEPTED	Animalia	N	Chordata	CH2	Aves	V2	Strigiformes	466	Strigidae	GQX	Otus	63HPD	Otus scops	4B8JH	LC
4KPPM	Podilymbus podiceps (Linnaeus, 1758)	4KPPM	Podilymbus podiceps (Linnaeus, 1758)	19	SPECIES	ACCEPTED	Animalia	N	Chordata	CH2	Aves	V2	Podicipediformes	3V6	Podicipedidae	627FZ	Podilymbus	6TBK	Podilymbus podiceps	4KPPM	LC
3LKLR	Hieraaetus pennatus (J. F. Gmelin, 1788)	3LKLR	Hieraaetus pennatus (J. F. Gmelin, 1788)	30	SPECIES	ACCEPTED	Animalia	N	Chordata	CH2	Aves	V2	Accipitriformes	MB	Accipitridae	5W6	Hieraaetus	4X5Q	Hieraaetus pennatus	3LKLR	LC
77FMT	Phylloscopus nitidus Blyth, 1843	77FMT	Phylloscopus nitidus Blyth, 1843	14	SPECIES	ACCEPTED	Animalia	N	Chordata	CH2	Aves	V2	Passeriformes	3RL	Phylloscopidae	625K5	Phylloscopus	6PRN	Phylloscopus nitidus	77FMT	LC
9HKB9	Calidris falcinellus (Pontoppidan, 1763)	9HKB9	Calidris falcinellus (Pontoppidan, 1763)	31	SPECIES	ACCEPTED	Animalia	N	Chordata	CH2	Aves	V2	Charadriiformes	X3	Scolopacidae	G4X	Calidris	3F8J	Calidris falcinellus	9HKB9	VU
32ZQ8	Cygnus melancoryphus (Molina, 1782)	32ZQ8	Cygnus melancoryphus (Molina, 1782)	1	SPECIES	ACCEPTED	Animalia	N	Chordata	CH2	Aves	V2	Anseriformes	PQ	Anatidae	9H6K5	Cygnus	9H7JC	Cygnus melancoryphus	32ZQ8	LC
YYSJ	Coturnix coturnix (Linnaeus, 1758)	YYSJ	Coturnix coturnix (Linnaeus, 1758)	419	SPECIES	ACCEPTED	Animalia	N	Chordata	CH2	Aves	V2	Galliformes	38Z	Phasianidae	625WG	Coturnix	9JJCS	Coturnix coturnix	YYSJ	LC
3M26F	Hippolais polyglotta (Vieillot, 1817)	3M26F	Hippolais polyglotta (Vieillot, 1817)	336	SPECIES	ACCEPTED	Animalia	N	Chordata	CH2	Aves	V2	Passeriformes	3RL	Acrocephalidae	5YC	Hippolais	4XFF	Hippolais polyglotta	3M26F	LC
4Z65Y	Spinus spinus (Linnaeus, 1758)	4Z65Y	Spinus spinus (Linnaeus, 1758)	3992	SPECIES	ACCEPTED	Animalia	N	Chordata	CH2	Aves	V2	Passeriformes	3RL	Fringillidae	6244D	Spinus	7L9G	Spinus spinus	4Z65Y	LC
6K3W6	Fulica atra Linnaeus, 1758	6K3W6	Fulica atra Linnaeus, 1758	20851	SPECIES	ACCEPTED	Animalia	N	Chordata	CH2	Aves	V2	Gruiformes	6223K	Rallidae	FJ9	Fulica	4LC2	Fulica atra	6K3W6	LC
7TCSL	Dryobates minor (Linnaeus, 1758)	7TCSL	Dryobates minor (Linnaeus, 1758)	1176	SPECIES	ACCEPTED	Animalia	N	Chordata	CH2	Aves	V2	Piciformes	3TR	Picidae	625L8	Dryobates	7NXMX	Dryobates minor	7TCSL	LC
44G99	Motacilla alba Linnaeus, 1758	44G99	Motacilla alba Linnaeus, 1758	10233	SPECIES	ACCEPTED	Animalia	N	Chordata	CH2	Aves	V2	Passeriformes	3RL	Motacillidae	CYC	Motacilla	63CMY	Motacilla alba	44G99	LC
5VKF6	Anthus petrosus (Montagu, 1798)	5VKF6	Anthus petrosus (Montagu, 1798)	629	SPECIES	ACCEPTED	Animalia	N	Chordata	CH2	Aves	V2	Passeriformes	3RL	Motacillidae	CYC	Anthus	XJ7	Anthus petrosus	5VKF6	LC
48X87	Oenanthe isabellina (Temminck, 1829)	48X87	Oenanthe isabellina (Temminck, 1829)	75	SPECIES	ACCEPTED	Animalia	N	Chordata	CH2	Aves	V2	Passeriformes	3RL	Muscicapidae	CZN	Oenanthe	679P	Oenanthe isabellina	48X87	LC
PSBS	Callipepla californica (Shaw, 1798)	PSBS	Callipepla californica (Shaw, 1798)	2	SPECIES	ACCEPTED	Animalia	N	Chordata	CH2	Aves	V2	Galliformes	38Z	Odontophoridae	DJ2	Callipepla	3FHD	Callipepla californica	PSBS	LC
3W8WT	Loxia leucoptera J. F. Gmelin, 1789	3W8WT	Loxia leucoptera J. F. Gmelin, 1789	1	SPECIES	ACCEPTED	Animalia	N	Chordata	CH2	Aves	V2	Passeriformes	3RL	Fringillidae	6244D	Loxia	5GX7	Loxia leucoptera	3W8WT	LC
4BMPJ	Oxyura leucocephala (Scopoli, 1769)	4BMPJ	Oxyura leucocephala (Scopoli, 1769)	48	SPECIES	ACCEPTED	Animalia	N	Chordata	CH2	Aves	V2	Anseriformes	PQ	Anatidae	9H6K5	Oxyura	6BJS	Oxyura leucocephala	4BMPJ	EN
D5JSP	Gulosus aristotelis (Linnaeus, 1761)	D5JSP	Gulosus aristotelis (Linnaeus, 1761)	236	SPECIES	ACCEPTED	Animalia	N	Chordata	CH2	Aves	V2	Suliformes	46J	Phalacrocoracidae	62694	Gulosus	D5JSN	Gulosus aristotelis	D5JSP	LC
6Z4ZB	Somateria mollissima (Linnaeus, 1758)	6Z4ZB	Somateria mollissima (Linnaeus, 1758)	320	SPECIES	ACCEPTED	Animalia	N	Chordata	CH2	Aves	V2	Anseriformes	PQ	Anatidae	9H6K5	Somateria	7JL9	Somateria mollissima	6Z4ZB	NT
3F6VX	Gallinula chloropus (Linnaeus, 1758)	3F6VX	Gallinula chloropus (Linnaeus, 1758)	15276	SPECIES	ACCEPTED	Animalia	N	Chordata	CH2	Aves	V2	Gruiformes	6223K	Rallidae	FJ9	Gallinula	4LXW	Gallinula chloropus	3F6VX	LC
479P3	Netta rufina (Pallas, 1773)	479P3	Netta rufina (Pallas, 1773)	447	SPECIES	ACCEPTED	Animalia	N	Chordata	CH2	Aves	V2	Anseriformes	PQ	Anatidae	9H6K5	Netta	63P5	Netta rufina	479P3	LC
3ZTRN	Mergus merganser Linnaeus, 1758	3ZTRN	Mergus merganser Linnaeus, 1758	1041	SPECIES	ACCEPTED	Animalia	N	Chordata	CH2	Aves	V2	Anseriformes	PQ	Anatidae	9H6K5	Mergus	5P8Q	Mergus merganser	3ZTRN	LC
6JPSJ	Fringilla coelebs Linnaeus, 1758	6JPSJ	Fringilla coelebs Linnaeus, 1758	26896	SPECIES	ACCEPTED	Animalia	N	Chordata	CH2	Aves	V2	Passeriformes	3RL	Fringillidae	6244D	Fringilla	4L6M	Fringilla coelebs	6JPSJ	LC
9L5F	Acrocephalus dumetorum Blyth, 1849	9L5F	Acrocephalus dumetorum Blyth, 1849	81	SPECIES	ACCEPTED	Animalia	N	Chordata	CH2	Aves	V2	Passeriformes	3RL	Acrocephalidae	5YC	Acrocephalus	NC3	Acrocephalus dumetorum	9L5F	LC
56LQB	Threskiornis aethiopicus (Latham, 1790)	56LQB	Threskiornis aethiopicus (Latham, 1790)	26	SPECIES	ACCEPTED	Animalia	N	Chordata	CH2	Aves	V2	Pelecaniformes	3RZ	Threskiornithidae	H89	Threskiornis	7WB9	Threskiornis aethiopicus	56LQB	LC
D5KBW	Calonectris borealis (Cory, 1881)	D5KBW	Calonectris borealis (Cory, 1881)	3	SPECIES	ACCEPTED	Animalia	N	Chordata	CH2	Aves	V2	Procellariiformes	622V8	Procellariidae	627CQ	Calonectris	3FVG	Calonectris borealis	D5KBW	LC
73W3F	Neophron percnopterus (Linnaeus, 1758)	73W3F	Neophron percnopterus (Linnaeus, 1758)	1	SPECIES	ACCEPTED	Animalia	N	Chordata	CH2	Aves	V2	Accipitriformes	MB	Accipitridae	5W6	Neophron	63DM6	Neophron percnopterus	73W3F	EN
BTFY	Alle alle (Linnaeus, 1758)	BTFY	Alle alle (Linnaeus, 1758)	56	SPECIES	ACCEPTED	Animalia	N	Chordata	CH2	Aves	V2	Charadriiformes	X3	Alcidae	66H	Alle	S47	Alle alle	BTFY	LC
3S7C5	Lanius schach Linnaeus, 1758	3S7C5	Lanius schach Linnaeus, 1758	30	SPECIES	ACCEPTED	Animalia	N	Chordata	CH2	Aves	V2	Passeriformes	3RL	Laniidae	BS2	Lanius	62XLP	Lanius schach	3S7C5	LC
QZS5	Caracara plancus (J. F. Miller, 1777)	QZS5	Caracara plancus (J. F. Miller, 1777)	1	SPECIES	ACCEPTED	Animalia	N	Chordata	CH2	Aves	V2	Falconiformes	386	Falconidae	623R8	Caracara	3H8X	Caracara plancus	QZS5	LC
NM25	Bucephala clangula (Linnaeus, 1758)	NM25	Bucephala clangula (Linnaeus, 1758)	1358	SPECIES	ACCEPTED	Animalia	N	Chordata	CH2	Aves	V2	Anseriformes	PQ	Anatidae	9H6K5	Bucephala	62H58	Bucephala clangula	NM25	LC
3ZTRQ	Mergus serrator Linnaeus, 1758	3ZTRQ	Mergus serrator Linnaeus, 1758	462	SPECIES	ACCEPTED	Animalia	N	Chordata	CH2	Aves	V2	Anseriformes	PQ	Anatidae	9H6K5	Mergus	5P8Q	Mergus serrator	3ZTRQ	LC
D5KCJ	Ardenna grisea (J. F. Gmelin, 1789)	D5KCJ	Ardenna grisea (J. F. Gmelin, 1789)	147	SPECIES	ACCEPTED	Animalia	N	Chordata	CH2	Aves	V2	Procellariiformes	622V8	Procellariidae	627CQ	Ardenna	D5KD6	Ardenna grisea	D5KCJ	NT
5XN9F	Certhia familiaris Linnaeus, 1758	5XN9F	Certhia familiaris Linnaeus, 1758	489	SPECIES	ACCEPTED	Animalia	N	Chordata	CH2	Aves	V2	Passeriformes	3RL	Certhiidae	7XP	Certhia	3L8X	Certhia familiaris	5XN9F	LC
3DTGW	Falco tinnunculus Linnaeus, 1758	3DTGW	Falco tinnunculus Linnaeus, 1758	10673	SPECIES	ACCEPTED	Animalia	N	Chordata	CH2	Aves	V2	Falconiformes	386	Falconidae	623R8	Falco	62SZ6	Falco tinnunculus	3DTGW	LC
DGP6	Anas platyrhynchos Linnaeus, 1758	DGP6	Anas platyrhynchos Linnaeus, 1758	25835	SPECIES	ACCEPTED	Animalia	N	Chordata	CH2	Aves	V2	Anseriformes	PQ	Anatidae	9H6K5	Anas	V8R	Anas platyrhynchos	DGP6	LC
4CHSV	Panurus biarmicus (Linnaeus, 1758)	4CHSV	Panurus biarmicus (Linnaeus, 1758)	711	SPECIES	ACCEPTED	Animalia	N	Chordata	CH2	Aves	V2	Passeriformes	3RL	Panuridae	DX2	Panurus	6DDT	Panurus biarmicus	4CHSV	LC
32ZQ4	Cygnus atratus (Latham, 1790)	32ZQ4	Cygnus atratus (Latham, 1790)	231	SPECIES	ACCEPTED	Animalia	N	Chordata	CH2	Aves	V2	Anseriformes	PQ	Anatidae	9H6K5	Cygnus	9H7JC	Cygnus atratus	32ZQ4	LC
65MG4	Agapornis roseicollis (Vieillot, 1818)	65MG4	Agapornis roseicollis (Vieillot, 1818)	3	SPECIES	ACCEPTED	Animalia	N	Chordata	CH2	Aves	V2	Psittaciformes	3X7	Psittaculidae	C3KV6	Agapornis	QJM	Agapornis roseicollis	65MG4	LC
48X7W	Oenanthe hispanica (Linnaeus, 1758)	48X7W	Oenanthe hispanica (Linnaeus, 1758)	3	SPECIES	ACCEPTED	Animalia	N	Chordata	CH2	Aves	V2	Passeriformes	3RL	Muscicapidae	CZN	Oenanthe	679P	Oenanthe hispanica	48X7W	LC
3ZDJV	Meleagris gallopavo Linnaeus, 1758	3ZDJV	Meleagris gallopavo Linnaeus, 1758	1	SPECIES	ACCEPTED	Animalia	N	Chordata	CH2	Aves	V2	Galliformes	38Z	Phasianidae	625WG	Meleagris	5NN8	Meleagris gallopavo	3ZDJV	LC
DGN8	Anas capensis J. F. Gmelin, 1789	DGN8	Anas capensis J. F. Gmelin, 1789	3	SPECIES	ACCEPTED	Animalia	N	Chordata	CH2	Aves	V2	Anseriformes	PQ	Anatidae	9H6K5	Anas	V8R	Anas capensis	DGN8	
G65Q	Aratinga jandaya (J. F. Gmelin, 1788)	G65Q	Aratinga jandaya (J. F. Gmelin, 1788)	1	SPECIES	ACCEPTED	Animalia	N	Chordata	CH2	Aves	V2	Psittaciformes	3X7	Psittacidae	FBD	Aratinga	ZRV	Aratinga jandaya	G65Q	LC
93VP	Accipiter nisus (Linnaeus, 1758)	93VP	Accipiter nisus (Linnaeus, 1758)	5663	SPECIES	ACCEPTED	Animalia	N	Chordata	CH2	Aves	V2	Accipitriformes	MB	Accipitridae	5W6	Accipiter	627QR	Accipiter nisus	93VP	LC
74VGB	Oriolus oriolus (Linnaeus, 1758)	74VGB	Oriolus oriolus (Linnaeus, 1758)	601	SPECIES	ACCEPTED	Animalia	N	Chordata	CH2	Aves	V2	Passeriformes	3RL	Oriolidae	DQ9	Oriolus	63HGX	Oriolus oriolus	74VGB	LC
N749	Branta bernicla (Linnaeus, 1758)	N749	Branta bernicla (Linnaeus, 1758)	795	SPECIES	ACCEPTED	Animalia	N	Chordata	CH2	Aves	V2	Anseriformes	PQ	Anatidae	9H6K5	Branta	62H39	Branta bernicla	N749	LC
598TT	Troglodytes troglodytes (Linnaeus, 1758)	598TT	Troglodytes troglodytes (Linnaeus, 1758)	23678	SPECIES	ACCEPTED	Animalia	N	Chordata	CH2	Aves	V2	Passeriformes	3RL	Troglodytidae	626S2	Troglodytes	647TW	Troglodytes troglodytes	598TT	LC
4PKCM	Psittacula krameri (Scopoli, 1769)	4PKCM	Psittacula krameri (Scopoli, 1769)	4594	SPECIES	ACCEPTED	Animalia	N	Chordata	CH2	Aves	V2	Psittaciformes	3X7	Psittaculidae	C3KV6	Psittacula	642T9	Psittacula krameri	4PKCM	LC
39FSL	Emberiza aureola Pallas, 1773	39FSL	Emberiza aureola Pallas, 1773	6	SPECIES	ACCEPTED	Animalia	N	Chordata	CH2	Aves	V2	Passeriformes	3RL	Emberizidae	9N5	Emberiza	4B69	Emberiza aureola	39FSL	CR
54XYS	Tarsiger cyanurus (Pallas, 1773)	54XYS	Tarsiger cyanurus (Pallas, 1773)	54	SPECIES	ACCEPTED	Animalia	N	Chordata	CH2	Aves	V2	Passeriformes	3RL	Muscicapidae	CZN	Tarsiger	645KS	Tarsiger cyanurus	54XYS	LC
34Q32	Dendrocygna bicolor (Vieillot, 1816)	34Q32	Dendrocygna bicolor (Vieillot, 1816)	22	SPECIES	ACCEPTED	Animalia	N	Chordata	CH2	Aves	V2	Anseriformes	PQ	Anatidae	9H6K5	Dendrocygna	42Z7	Dendrocygna bicolor	34Q32	LC
5D75Z	Zonotrichia albicollis (J. F. Gmelin, 1789)	5D75Z	Zonotrichia albicollis (J. F. Gmelin, 1789)	16	SPECIES	ACCEPTED	Animalia	N	Chordata	CH2	Aves	V2	Passeriformes	3RL	Passerellidae	9G6YK	Zonotrichia	8B4V	Zonotrichia albicollis	5D75Z	LC
58VJ4	Tringa glareola Linnaeus, 1758	58VJ4	Tringa glareola Linnaeus, 1758	1682	SPECIES	ACCEPTED	Animalia	N	Chordata	CH2	Aves	V2	Charadriiformes	X3	Scolopacidae	G4X	Tringa	8288	Tringa glareola	58VJ4	LC
9HKHD	Spatula clypeata (Linnaeus, 1758)	9HKHD	Spatula clypeata (Linnaeus, 1758)	8675	SPECIES	ACCEPTED	Animalia	N	Chordata	CH2	Aves	V2	Anseriformes	PQ	Anatidae	9H6K5	Spatula	9HGYJ	Spatula clypeata	9HKHD	LC
3WFW6	Luscinia megarhynchos C. L. Brehm, 1831	3WFW6	Luscinia megarhynchos C. L. Brehm, 1831	1589	SPECIES	ACCEPTED	Animalia	N	Chordata	CH2	Aves	V2	Passeriformes	3RL	Muscicapidae	CZN	Luscinia	5HCK	Luscinia megarhynchos	3WFW6	LC
48X9H	Oenanthe oenanthe (Linnaeus, 1758)	48X9H	Oenanthe oenanthe (Linnaeus, 1758)	2868	SPECIES	ACCEPTED	Animalia	N	Chordata	CH2	Aves	V2	Passeriformes	3RL	Muscicapidae	CZN	Oenanthe	679P	Oenanthe oenanthe	48X9H	LC
3ZW55	Merops apiaster Linnaeus, 1758	3ZW55	Merops apiaster Linnaeus, 1758	129	SPECIES	ACCEPTED	Animalia	N	Chordata	CH2	Aves	V2	Coraciiformes	ZL	Meropidae	CLY	Merops	62Z7C	Merops apiaster	3ZW55	LC
482M4	Nucifraga caryocatactes (Linnaeus, 1758)	482M4	Nucifraga caryocatactes (Linnaeus, 1758)	141	SPECIES	ACCEPTED	Animalia	N	Chordata	CH2	Aves	V2	Passeriformes	3RL	Corvidae	8L6	Nucifraga	65SH	Nucifraga caryocatactes	482M4	LC
6ZXQ7	Streptopelia orientalis (Latham, 1790)	6ZXQ7	Streptopelia orientalis (Latham, 1790)	31	SPECIES	ACCEPTED	Animalia	N	Chordata	CH2	Aves	V2	Columbiformes	Z8	Columbidae	8GD	Streptopelia	7P7J	Streptopelia orientalis	6ZXQ7	LC
3N5B2	Hydrobates pelagicus (Linnaeus, 1758)	3N5B2	Hydrobates pelagicus (Linnaeus, 1758)	37	SPECIES	ACCEPTED	Animalia	N	Chordata	CH2	Aves	V2	Procellariiformes	622V8	Hydrobatidae	B87	Hydrobates	4ZQM	Hydrobates pelagicus	3N5B2	LC
69669	Buteo jamaicensis (J. F. Gmelin, 1788)	69669	Buteo jamaicensis (J. F. Gmelin, 1788)	1	SPECIES	ACCEPTED	Animalia	N	Chordata	CH2	Aves	V2	Accipitriformes	MB	Accipitridae	5W6	Buteo	62HVC	Buteo jamaicensis	69669	LC
FZLX	Aquila rapax (Temminck, 1828)	FZLX	Aquila rapax (Temminck, 1828)	1	SPECIES	ACCEPTED	Animalia	N	Chordata	CH2	Aves	V2	Accipitriformes	MB	Accipitridae	5W6	Aquila	ZHL	Aquila rapax	FZLX	VU
TMWY	Charadrius hiaticula Linnaeus, 1758	TMWY	Charadrius hiaticula Linnaeus, 1758	2321	SPECIES	ACCEPTED	Animalia	N	Chordata	CH2	Aves	V2	Charadriiformes	X3	Charadriidae	824	Charadrius	3M7T	Charadrius hiaticula	TMWY	LC
3Z83C	Melanitta nigra (Linnaeus, 1758)	3Z83C	Melanitta nigra (Linnaeus, 1758)	621	SPECIES	ACCEPTED	Animalia	N	Chordata	CH2	Aves	V2	Anseriformes	PQ	Anatidae	9H6K5	Melanitta	62YSK	Melanitta nigra	3Z83C	LC
4532H	Myiopsitta monachus (Boddaert, 1783)	4532H	Myiopsitta monachus (Boddaert, 1783)	181	SPECIES	ACCEPTED	Animalia	N	Chordata	CH2	Aves	V2	Psittaciformes	3X7	Psittacidae	FBD	Myiopsitta	63D34	Myiopsitta monachus	4532H	LC
CVW3C	Astur gentilis (Linnaeus, 1758)	CVW3C	Astur gentilis (Linnaeus, 1758)	976	SPECIES	ACCEPTED	Animalia	N	Chordata	CH2	Aves	V2	Accipitriformes	MB	Accipitridae	5W6	Astur	CTQ6H	Astur gentilis	CVW3C	LC
6H2XM	Erithacus rubecula (Linnaeus, 1758)	6H2XM	Erithacus rubecula (Linnaeus, 1758)	26885	SPECIES	ACCEPTED	Animalia	N	Chordata	CH2	Aves	V2	Passeriformes	3RL	Muscicapidae	CZN	Erithacus	63425	Erithacus rubecula	6H2XM	LC
4HPXM	Pica pica (Linnaeus, 1758)	4HPXM	Pica pica (Linnaeus, 1758)	29916	SPECIES	ACCEPTED	Animalia	N	Chordata	CH2	Aves	V2	Passeriformes	3RL	Corvidae	8L6	Pica	63MBS	Pica pica	4HPXM	LC
6969N	Calidris minutilla (Vieillot, 1819)	6969N	Calidris minutilla (Vieillot, 1819)	5	SPECIES	ACCEPTED	Animalia	N	Chordata	CH2	Aves	V2	Charadriiformes	X3	Scolopacidae	G4X	Calidris	3F8J	Calidris minutilla	6969N	NT
3C2DJ	Eudocimus albus (Linnaeus, 1758)	3C2DJ	Eudocimus albus (Linnaeus, 1758)	31	SPECIES	ACCEPTED	Animalia	N	Chordata	CH2	Aves	V2	Pelecaniformes	3RZ	Threskiornithidae	H89	Eudocimus	635CX	Eudocimus albus	3C2DJ	LC
72LK6	Locustella lanceolata (Temminck, 1840)	72LK6	Locustella lanceolata (Temminck, 1840)	9	SPECIES	ACCEPTED	Animalia	N	Chordata	CH2	Aves	V2	Passeriformes	3RL	Locustellidae	C5V	Locustella	5G59	Locustella lanceolata	72LK6	LC
5YGG3	Chroicocephalus philadelphia (Ord, 1815)	5YGG3	Chroicocephalus philadelphia (Ord, 1815)	16	SPECIES	ACCEPTED	Animalia	N	Chordata	CH2	Aves	V2	Charadriiformes	X3	Laridae	BSK	Chroicocephalus	3P9X	Chroicocephalus philadelphia	5YGG3	LC
4R7KB	Quiscalus major Vieillot, 1819	4R7KB	Quiscalus major Vieillot, 1819	1	SPECIES	ACCEPTED	Animalia	N	Chordata	CH2	Aves	V2	Passeriformes	3RL	Icteridae	BCZ	Quiscalus	76L2	Quiscalus major	4R7KB	LC
5Z5T3	Ciconia ciconia (Linnaeus, 1758)	5Z5T3	Ciconia ciconia (Linnaeus, 1758)	3118	SPECIES	ACCEPTED	Animalia	N	Chordata	CH2	Aves	V2	Ciconiiformes	Y9	Ciconiidae	88T	Ciconia	62LBC	Ciconia ciconia	5Z5T3	LC
3DTGX	Falco vespertinus Linnaeus, 1766	3DTGX	Falco vespertinus Linnaeus, 1766	111	SPECIES	ACCEPTED	Animalia	N	Chordata	CH2	Aves	V2	Falconiformes	386	Falconidae	623R8	Falco	62SZ6	Falco vespertinus	3DTGX	VU
3J8XQ	Haematopus ostralegus Linnaeus, 1758	3J8XQ	Haematopus ostralegus Linnaeus, 1758	7847	SPECIES	ACCEPTED	Animalia	N	Chordata	CH2	Aves	V2	Charadriiformes	X3	Haematopodidae	625G4	Haematopus	4SGR	Haematopus ostralegus	3J8XQ	NT
75SVV	Parus major Linnaeus, 1758	75SVV	Parus major Linnaeus, 1758	33537	SPECIES	ACCEPTED	Animalia	N	Chordata	CH2	Aves	V2	Passeriformes	3RL	Paridae	626B2	Parus	6J9Z	Parus major	75SVV	LC
658RG	Aegolius funereus (Linnaeus, 1758)	658RG	Aegolius funereus (Linnaeus, 1758)	97	SPECIES	ACCEPTED	Animalia	N	Chordata	CH2	Aves	V2	Strigiformes	466	Strigidae	GQX	Aegolius	PKF	Aegolius funereus	658RG	LC
59PMR	Turdus philomelos C. L. Brehm, 1831	59PMR	Turdus philomelos C. L. Brehm, 1831	10275	SPECIES	ACCEPTED	Animalia	N	Chordata	CH2	Aves	V2	Passeriformes	3RL	Turdidae	T4K9X	Turdus	647VS	Turdus philomelos	59PMR	LC
D5KF8	Hydrobates leucorhous (Vieillot, 1818)	D5KF8	Hydrobates leucorhous (Vieillot, 1818)	129	SPECIES	ACCEPTED	Animalia	N	Chordata	CH2	Aves	V2	Procellariiformes	622V8	Hydrobatidae	B87	Hydrobates	4ZQM	Hydrobates leucorhous	D5KF8	VU
6SJPR	Oenanthe pleschanka (Lepechin, 1770)	6SJPR	Oenanthe pleschanka (Lepechin, 1770)	36	SPECIES	ACCEPTED	Animalia	N	Chordata	CH2	Aves	V2	Passeriformes	3RL	Muscicapidae	CZN	Oenanthe	679P	Oenanthe pleschanka	6SJPR	LC
3G5XG	Glareola pratincola (Linnaeus, 1766)	3G5XG	Glareola pratincola (Linnaeus, 1766)	15	SPECIES	ACCEPTED	Animalia	N	Chordata	CH2	Aves	V2	Charadriiformes	X3	Glareolidae	623H5	Glareola	4NT4	Glareola pratincola	3G5XG	LC
7C5H9	Thalassarche melanophris (Temminck, 1828)	7C5H9	Thalassarche melanophris (Temminck, 1828)	1	SPECIES	ACCEPTED	Animalia	N	Chordata	CH2	Aves	V2	Procellariiformes	622V8	Diomedeidae	623Y3	Thalassarche	646GQ	Thalassarche melanophris	7C5H9	LC
58CK8	Trichoglossus moluccanus (J. F. Gmelin, 1788)	58CK8	Trichoglossus moluccanus (J. F. Gmelin, 1788)	2	SPECIES	ACCEPTED	Animalia	N	Chordata	CH2	Aves	V2	Psittaciformes	3X7	Psittaculidae	C3KV6	Trichoglossus	7ZCJ	Trichoglossus moluccanus	58CK8	LC
4GKQ6	Phoenicopterus ruber Linnaeus, 1758	4GKQ6	Phoenicopterus ruber Linnaeus, 1758	1	SPECIES	ACCEPTED	Animalia	N	Chordata	CH2	Aves	V2	Phoenicopteriformes	3T8	Phoenicopteridae	6269M	Phoenicopterus	6NVS	Phoenicopterus ruber	4GKQ6	LC
8TTP	Acanthis flammea (Linnaeus, 1758)	8TTP	Acanthis flammea (Linnaeus, 1758)	765	SPECIES	ACCEPTED	Animalia	N	Chordata	CH2	Aves	V2	Passeriformes	3RL	Fringillidae	6244D	Acanthis	M2J	Acanthis flammea	8TTP	LC
7C5FT	Thalasseus sandvicensis (Latham, 1787)	7C5FT	Thalasseus sandvicensis (Latham, 1787)	943	SPECIES	ACCEPTED	Animalia	N	Chordata	CH2	Aves	V2	Charadriiformes	X3	Laridae	BSK	Thalasseus	7V3K	Thalasseus sandvicensis	7C5FT	LC
VDPH	Cinclus cinclus (Linnaeus, 1758)	VDPH	Cinclus cinclus (Linnaeus, 1758)	411	SPECIES	ACCEPTED	Animalia	N	Chordata	CH2	Aves	V2	Passeriformes	3RL	Cinclidae	896	Cinclus	3PYJ	Cinclus cinclus	VDPH	LC
DGMX	Anas acuta Linnaeus, 1758	DGMX	Anas acuta Linnaeus, 1758	3120	SPECIES	ACCEPTED	Animalia	N	Chordata	CH2	Aves	V2	Anseriformes	PQ	Anatidae	9H6K5	Anas	V8R	Anas acuta	DGMX	LC
GCJ8	Ardea purpurea Linnaeus, 1766	GCJ8	Ardea purpurea Linnaeus, 1766	552	SPECIES	ACCEPTED	Animalia	N	Chordata	CH2	Aves	V2	Pelecaniformes	3RZ	Ardeidae	6PB	Ardea	32FH	Ardea purpurea	GCJ8	LC
5Z8F6	Cisticola juncidis (Rafinesque, 1810)	5Z8F6	Cisticola juncidis (Rafinesque, 1810)	927	SPECIES	ACCEPTED	Animalia	N	Chordata	CH2	Aves	V2	Passeriformes	3RL	Cisticolidae	89S	Cisticola	3Q97	Cisticola juncidis	5Z8F6	LC
5YGFK	Chroicocephalus ridibundus (Linnaeus, 1766)	5YGFK	Chroicocephalus ridibundus (Linnaeus, 1766)	23961	SPECIES	ACCEPTED	Animalia	N	Chordata	CH2	Aves	V2	Charadriiformes	X3	Laridae	BSK	Chroicocephalus	3P9X	Chroicocephalus ridibundus	5YGFK	LC
PDTFG	Helopsaltes certhiola (Pallas, 1811)	PDTFG	Helopsaltes certhiola (Pallas, 1811)	52	SPECIES	ACCEPTED	Animalia	N	Chordata	CH2	Aves	V2	Passeriformes	3RL	Locustellidae	C5V	Helopsaltes	VHF3B	Helopsaltes certhiola	PDTFG	LC
7DS6X	Uria lomvia (Linnaeus, 1758)	7DS6X	Uria lomvia (Linnaeus, 1758)	1	SPECIES	ACCEPTED	Animalia	N	Chordata	CH2	Aves	V2	Charadriiformes	X3	Alcidae	66H	Uria	855Y	Uria lomvia	7DS6X	LC
DDBNP	Curruca cantillans (Pallas, 1764)	DDBNP	Curruca cantillans (Pallas, 1764)	25	SPECIES	ACCEPTED	Animalia	N	Chordata	CH2	Aves	V2	Passeriformes	3RL	Sylviidae	626LT	Curruca	DDBLS	Curruca cantillans	DDBNP	LC
R59KR	Oenanthe melanoleuca (Güldenstädt, 1775)	R59KR	Oenanthe melanoleuca (Güldenstädt, 1775)	7	SPECIES	ACCEPTED	Animalia	N	Chordata	CH2	Aves	V2	Passeriformes	3RL	Muscicapidae	CZN	Oenanthe	679P	Oenanthe melanoleuca	R59KR	
NM24	Bucephala albeola (Linnaeus, 1758)	NM24	Bucephala albeola (Linnaeus, 1758)	2	SPECIES	ACCEPTED	Animalia	N	Chordata	CH2	Aves	V2	Anseriformes	PQ	Anatidae	9H6K5	Bucephala	62H58	Bucephala albeola	NM24	LC
4RP59	Recurvirostra avosetta Linnaeus, 1758	4RP59	Recurvirostra avosetta Linnaeus, 1758	2819	SPECIES	ACCEPTED	Animalia	N	Chordata	CH2	Aves	V2	Charadriiformes	X3	Recurvirostridae	FKR	Recurvirostra	77FJ	Recurvirostra avosetta	4RP59	LC
3M26B	Hippolais icterina (Vieillot, 1817)	3M26B	Hippolais icterina (Vieillot, 1817)	826	SPECIES	ACCEPTED	Animalia	N	Chordata	CH2	Aves	V2	Passeriformes	3RL	Acrocephalidae	5YC	Hippolais	4XFF	Hippolais icterina	3M26B	LC
3DTFW	Falco columbarius Linnaeus, 1758	3DTFW	Falco columbarius Linnaeus, 1758	708	SPECIES	ACCEPTED	Animalia	N	Chordata	CH2	Aves	V2	Falconiformes	386	Falconidae	623R8	Falco	62SZ6	Falco columbarius	3DTFW	LC
5WRC3	Branta canadensis (Linnaeus, 1758)	5WRC3	Branta canadensis (Linnaeus, 1758)	12532	SPECIES	ACCEPTED	Animalia	N	Chordata	CH2	Aves	V2	Anseriformes	PQ	Anatidae	9H6K5	Branta	62H39	Branta canadensis	5WRC3	LC
9L7Y	Acrocephalus schoenobaenus (Linnaeus, 1758)	9L7Y	Acrocephalus schoenobaenus (Linnaeus, 1758)	2645	SPECIES	ACCEPTED	Animalia	N	Chordata	CH2	Aves	V2	Passeriformes	3RL	Acrocephalidae	5YC	Acrocephalus	NC3	Acrocephalus schoenobaenus	9L7Y	LC
38YJ7	Elanus caeruleus (Desfontaines, 1789)	38YJ7	Elanus caeruleus (Desfontaines, 1789)	80	SPECIES	ACCEPTED	Animalia	N	Chordata	CH2	Aves	V2	Accipitriformes	MB	Accipitridae	5W6	Elanus	6332H	Elanus caeruleus	38YJ7	LC
3S7C6	Lanius senator Linnaeus, 1758	3S7C6	Lanius senator Linnaeus, 1758	62	SPECIES	ACCEPTED	Animalia	N	Chordata	CH2	Aves	V2	Passeriformes	3RL	Laniidae	BS2	Lanius	62XLP	Lanius senator	3S7C6	NT
4FRHT	Phalaropus tricolor (Vieillot, 1819)	4FRHT	Phalaropus tricolor (Vieillot, 1819)	11	SPECIES	ACCEPTED	Animalia	N	Chordata	CH2	Aves	V2	Charadriiformes	X3	Scolopacidae	G4X	Phalaropus	6MPL	Phalaropus tricolor	4FRHT	LC
4CN4R	Parabuteo unicinctus (Temminck, 1824)	4CN4R	Parabuteo unicinctus (Temminck, 1824)	1	SPECIES	ACCEPTED	Animalia	N	Chordata	CH2	Aves	V2	Accipitriformes	MB	Accipitridae	5W6	Parabuteo	6DRS	Parabuteo unicinctus	4CN4R	LC
PK4D	Calidris minuta (Leisler, 1812)	PK4D	Calidris minuta (Leisler, 1812)	561	SPECIES	ACCEPTED	Animalia	N	Chordata	CH2	Aves	V2	Charadriiformes	X3	Scolopacidae	G4X	Calidris	3F8J	Calidris minuta	PK4D	LC
3F6V9	Gallinago gallinago (Linnaeus, 1758)	3F6V9	Gallinago gallinago (Linnaeus, 1758)	4237	SPECIES	ACCEPTED	Animalia	N	Chordata	CH2	Aves	V2	Charadriiformes	X3	Scolopacidae	G4X	Gallinago	4LXT	Gallinago gallinago	3F6V9	LC
YNHT	Corvus frugilegus Linnaeus, 1758	YNHT	Corvus frugilegus Linnaeus, 1758	3728	SPECIES	ACCEPTED	Animalia	N	Chordata	CH2	Aves	V2	Passeriformes	3RL	Corvidae	8L6	Corvus	62LZ4	Corvus frugilegus	YNHT	LC
64WLF	Aegypius monachus (Linnaeus, 1766)	64WLF	Aegypius monachus (Linnaeus, 1766)	11	SPECIES	ACCEPTED	Animalia	N	Chordata	CH2	Aves	V2	Accipitriformes	MB	Accipitridae	5W6	Aegypius	PL4	Aegypius monachus	64WLF	NT
3S7BN	Lanius excubitor Linnaeus, 1758	3S7BN	Lanius excubitor Linnaeus, 1758	568	SPECIES	ACCEPTED	Animalia	N	Chordata	CH2	Aves	V2	Passeriformes	3RL	Laniidae	BS2	Lanius	62XLP	Lanius excubitor	3S7BN	LC
43DZJ	Milvus milvus (Linnaeus, 1758)	43DZJ	Milvus milvus (Linnaeus, 1758)	1828	SPECIES	ACCEPTED	Animalia	N	Chordata	CH2	Aves	V2	Accipitriformes	MB	Accipitridae	5W6	Milvus	5SVR	Milvus milvus	43DZJ	LC
3C36N	Eudromias morinellus (Linnaeus, 1758)	TMX9	Charadrius morinellus Linnaeus, 1758	127	SPECIES	SYNONYM	Animalia	N	Chordata	CH2	Aves	V2	Charadriiformes	X3	Charadriidae	824	Charadrius	3M7T	Charadrius morinellus	TMX9	
DDBLT	Curruca nisoria (Bechstein, 1792)	DDBLT	Curruca nisoria (Bechstein, 1792)	112	SPECIES	ACCEPTED	Animalia	N	Chordata	CH2	Aves	V2	Passeriformes	3RL	Sylviidae	626LT	Curruca	DDBLS	Curruca nisoria	DDBLT	LC
6TWGZ	Pavo cristatus Linnaeus, 1758	6TWGZ	Pavo cristatus Linnaeus, 1758	10	SPECIES	ACCEPTED	Animalia	N	Chordata	CH2	Aves	V2	Galliformes	38Z	Phasianidae	625WG	Pavo	6JS7	Pavo cristatus	6TWGZ	LC
GCML	Ardeola ralloides (Scopoli, 1769)	GCML	Ardeola ralloides (Scopoli, 1769)	106	SPECIES	ACCEPTED	Animalia	N	Chordata	CH2	Aves	V2	Pelecaniformes	3RZ	Ardeidae	6PB	Ardeola	62D5S	Ardeola ralloides	GCML	LC
3ZN55	Melospiza melodia (A. Wilson, 1810)	3ZN55	Melospiza melodia (A. Wilson, 1810)	53	SPECIES	ACCEPTED	Animalia	N	Chordata	CH2	Aves	V2	Passeriformes	3RL	Passerellidae	9G6YK	Melospiza	62YTB	Melospiza melodia	3ZN55	
542SH	Syrmaticus reevesii (J. E. Gray, 1829)	542SH	Syrmaticus reevesii (J. E. Gray, 1829)	5	SPECIES	ACCEPTED	Animalia	N	Chordata	CH2	Aves	V2	Galliformes	38Z	Phasianidae	625WG	Syrmaticus	7RKK	Syrmaticus reevesii	542SH	VU
DDBP3	Curruca sarda (Temminck, 1820)	DDBP3	Curruca sarda (Temminck, 1820)	4	SPECIES	ACCEPTED	Animalia	N	Chordata	CH2	Aves	V2	Passeriformes	3RL	Sylviidae	626LT	Curruca	DDBLS	Curruca sarda	DDBP3	LC
7D59V	Tringa melanoleuca (J. F. Gmelin, 1789)	7D59V	Tringa melanoleuca (J. F. Gmelin, 1789)	1	SPECIES	ACCEPTED	Animalia	N	Chordata	CH2	Aves	V2	Charadriiformes	X3	Scolopacidae	G4X	Tringa	8288	Tringa melanoleuca	7D59V	NT
BLSJ	Alectoris rufa (Linnaeus, 1758)	BLSJ	Alectoris rufa (Linnaeus, 1758)	2	SPECIES	ACCEPTED	Animalia	N	Chordata	CH2	Aves	V2	Galliformes	38Z	Phasianidae	625WG	Alectoris	RP2	Alectoris rufa	BLSJ	NT
R6J9	Carduelis citrinella (Pallas, 1764)	R6J9	Carduelis citrinella (Pallas, 1764)	1	SPECIES	ACCEPTED	Animalia	N	Chordata	CH2	Aves	V2	Passeriformes	3RL	Fringillidae	6244D	Carduelis	62KHQ	Carduelis citrinella	R6J9	LC
54HRJ	Taeniopygia guttata (Vieillot, 1817)	54HRJ	Taeniopygia guttata (Vieillot, 1817)	1	SPECIES	ACCEPTED	Animalia	N	Chordata	CH2	Aves	V2	Passeriformes	3RL	Estrildidae	623Q5	Taeniopygia	63TG4	Taeniopygia guttata	54HRJ	LC
7FFJL	Vanellus vanellus (Linnaeus, 1758)	7FFJL	Vanellus vanellus (Linnaeus, 1758)	11925	SPECIES	ACCEPTED	Animalia	N	Chordata	CH2	Aves	V2	Charadriiformes	X3	Charadriidae	824	Vanellus	647JQ	Vanellus vanellus	7FFJL	NT
6CJDB	Dendrocopos major (Linnaeus, 1758)	6CJDB	Dendrocopos major (Linnaeus, 1758)	13168	SPECIES	ACCEPTED	Animalia	N	Chordata	CH2	Aves	V2	Piciformes	3TR	Picidae	625L8	Dendrocopos	42YV	Dendrocopos major	6CJDB	LC
77FMP	Phylloscopus inornatus (Blyth, 1842)	77FMP	Phylloscopus inornatus (Blyth, 1842)	755	SPECIES	ACCEPTED	Animalia	N	Chordata	CH2	Aves	V2	Passeriformes	3RL	Phylloscopidae	625K5	Phylloscopus	6PRN	Phylloscopus inornatus	77FMP	LC
59PND	Turdus torquatus Linnaeus, 1758	59PND	Turdus torquatus Linnaeus, 1758	763	SPECIES	ACCEPTED	Animalia	N	Chordata	CH2	Aves	V2	Passeriformes	3RL	Turdidae	T4K9X	Turdus	647VS	Turdus torquatus	59PND	LC
PK4K	Calidris temminckii (Leisler, 1812)	PK4K	Calidris temminckii (Leisler, 1812)	315	SPECIES	ACCEPTED	Animalia	N	Chordata	CH2	Aves	V2	Charadriiformes	X3	Scolopacidae	G4X	Calidris	3F8J	Calidris temminckii	PK4K	LC
CPPDY	Zapornia pusilla (Pallas, 1776)	CPPDY	Zapornia pusilla (Pallas, 1776)	93	SPECIES	ACCEPTED	Animalia	N	Chordata	CH2	Aves	V2	Gruiformes	6223K	Rallidae	FJ9	Zapornia	CPPD8	Zapornia pusilla	CPPDY	LC
77QJ8	Plectrophenax nivalis (Linnaeus, 1758)	77QJ8	Plectrophenax nivalis (Linnaeus, 1758)	347	SPECIES	ACCEPTED	Animalia	N	Chordata	CH2	Aves	V2	Passeriformes	3RL	Calcariidae	7JF	Plectrophenax	63NSN	Plectrophenax nivalis	77QJ8	LC
4WV6K	Serinus canaria (Linnaeus, 1758)	4WV6K	Serinus canaria (Linnaeus, 1758)	16	SPECIES	ACCEPTED	Animalia	N	Chordata	CH2	Aves	V2	Passeriformes	3RL	Fringillidae	6244D	Serinus	644MX	Serinus canaria	4WV6K	LC
K56S	Aythya collaris (Donovan, 1809)	K56S	Aythya collaris (Donovan, 1809)	77	SPECIES	ACCEPTED	Animalia	N	Chordata	CH2	Aves	V2	Anseriformes	PQ	Anatidae	9H6K5	Aythya	36VQ	Aythya collaris	K56S	LC
BFFT	Alauda arvensis Linnaeus, 1758	BFFT	Alauda arvensis Linnaeus, 1758	5897	SPECIES	ACCEPTED	Animalia	N	Chordata	CH2	Aves	V2	Passeriformes	3RL	Alaudidae	667	Alauda	RFQ	Alauda arvensis	BFFT	LC
67RLB	Arenaria interpres (Linnaeus, 1758)	67RLB	Arenaria interpres (Linnaeus, 1758)	2219	SPECIES	ACCEPTED	Animalia	N	Chordata	CH2	Aves	V2	Charadriiformes	X3	Scolopacidae	G4X	Arenaria	6238B	Arenaria interpres	67RLB	NT
YNHJ	Corvus corone Linnaeus, 1758	YNHJ	Corvus corone Linnaeus, 1758	35496	SPECIES	ACCEPTED	Animalia	N	Chordata	CH2	Aves	V2	Passeriformes	3RL	Corvidae	8L6	Corvus	62LZ4	Corvus corone	YNHJ	LC
679X7	Anser anser (Linnaeus, 1758)	679X7	Anser anser (Linnaeus, 1758)	10878	SPECIES	ACCEPTED	Animalia	N	Chordata	CH2	Aves	V2	Anseriformes	PQ	Anatidae	9H6K5	Anser	X5D	Anser anser	679X7	LC
3F4BG	Galerida cristata (Linnaeus, 1758)	3F4BG	Galerida cristata (Linnaeus, 1758)	311	SPECIES	ACCEPTED	Animalia	N	Chordata	CH2	Aves	V2	Passeriformes	3RL	Alaudidae	667	Galerida	62SST	Galerida cristata	3F4BG	LC
5WNQS	Bombycilla garrulus (Linnaeus, 1758)	5WNQS	Bombycilla garrulus (Linnaeus, 1758)	178	SPECIES	ACCEPTED	Animalia	N	Chordata	CH2	Aves	V2	Passeriformes	3RL	Bombycillidae	622GL	Bombycilla	3BBX	Bombycilla garrulus	5WNQS	LC
3G5XD	Glareola nordmanni Fischer von Waldheim, 1842	3G5XD	Glareola nordmanni Fischer von Waldheim, 1842	24	SPECIES	ACCEPTED	Animalia	N	Chordata	CH2	Aves	V2	Charadriiformes	X3	Glareolidae	623H5	Glareola	4NT4	Glareola nordmanni	3G5XD	NT
MMGJ	Bostrychia hagedash (Latham, 1790)	MMGJ	Bostrychia hagedash (Latham, 1790)	10	SPECIES	ACCEPTED	Animalia	N	Chordata	CH2	Aves	V2	Pelecaniformes	3RZ	Threskiornithidae	H89	Bostrychia	3BSJ	Bostrychia hagedash	MMGJ	LC
4DZCM	Pastor roseus (Linnaeus, 1758)	4DZCM	Pastor roseus (Linnaeus, 1758)	60	SPECIES	ACCEPTED	Animalia	N	Chordata	CH2	Aves	V2	Passeriformes	3RL	Sturnidae	GRP	Pastor	6JGW	Pastor roseus	4DZCM	LC
5Y8VT	Chloephaga picta (J. F. Gmelin, 1789)	5Y8VT	Chloephaga picta (J. F. Gmelin, 1789)	17	SPECIES	ACCEPTED	Animalia	N	Chordata	CH2	Aves	V2	Anseriformes	PQ	Anatidae	9H6K5	Chloephaga	3NJP	Chloephaga picta	5Y8VT	LC
6N5PM	Ichthyaetus audouinii (Payraudeau, 1826)	6N5PM	Ichthyaetus audouinii (Payraudeau, 1826)	1	SPECIES	ACCEPTED	Animalia	N	Chordata	CH2	Aves	V2	Charadriiformes	X3	Laridae	BSK	Ichthyaetus	53DG	Ichthyaetus audouinii	6N5PM	VU
44G9B	Motacilla cinerea Tunstall, 1771	44G9B	Motacilla cinerea Tunstall, 1771	4709	SPECIES	ACCEPTED	Animalia	N	Chordata	CH2	Aves	V2	Passeriformes	3RL	Motacillidae	CYC	Motacilla	63CMY	Motacilla cinerea	44G9B	LC
687BR	Athene noctua (Scopoli, 1769)	687BR	Athene noctua (Scopoli, 1769)	982	SPECIES	ACCEPTED	Animalia	N	Chordata	CH2	Aves	V2	Strigiformes	466	Strigidae	GQX	Athene	34YQ	Athene noctua	687BR	LC
3W3VB	Lophophanes cristatus (Linnaeus, 1758)	3W3VB	Lophophanes cristatus (Linnaeus, 1758)	2327	SPECIES	ACCEPTED	Animalia	N	Chordata	CH2	Aves	V2	Passeriformes	3RL	Paridae	626B2	Lophophanes	5GMJ	Lophophanes cristatus	3W3VB	LC
6BPL3	Cuculus canorus Linnaeus, 1758	6BPL3	Cuculus canorus Linnaeus, 1758	4460	SPECIES	ACCEPTED	Animalia	N	Chordata	CH2	Aves	V2	Cuculiformes	32K	Cuculidae	8S7	Cuculus	3X8N	Cuculus canorus	6BPL3	LC
485KR	Nycticorax nycticorax (Linnaeus, 1758)	485KR	Nycticorax nycticorax (Linnaeus, 1758)	247	SPECIES	ACCEPTED	Animalia	N	Chordata	CH2	Aves	V2	Pelecaniformes	3RZ	Ardeidae	6PB	Nycticorax	65ZQ	Nycticorax nycticorax	485KR	LC
77FMM	Phylloscopus ibericus Ticehurst, 1937	77FMM	Phylloscopus ibericus Ticehurst, 1937	56	SPECIES	ACCEPTED	Animalia	N	Chordata	CH2	Aves	V2	Passeriformes	3RL	Phylloscopidae	625K5	Phylloscopus	6PRN	Phylloscopus ibericus	77FMM	LC
58VJ3	Tringa flavipes (J. F. Gmelin, 1789)	58VJ3	Tringa flavipes (J. F. Gmelin, 1789)	47	SPECIES	ACCEPTED	Animalia	N	Chordata	CH2	Aves	V2	Charadriiformes	X3	Scolopacidae	G4X	Tringa	8288	Tringa flavipes	58VJ3	VU
5YGFP	Chroicocephalus genei (Brème, 1839)	5YGFP	Chroicocephalus genei (Brème, 1839)	20	SPECIES	ACCEPTED	Animalia	N	Chordata	CH2	Aves	V2	Charadriiformes	X3	Laridae	BSK	Chroicocephalus	3P9X	Chroicocephalus genei	5YGFP	LC
4K62M	Plegadis ridgwayi (J. A. Allen, 1876)	4K62M	Plegadis ridgwayi (J. A. Allen, 1876)	3	SPECIES	ACCEPTED	Animalia	N	Chordata	CH2	Aves	V2	Pelecaniformes	3RZ	Threskiornithidae	H89	Plegadis	6SDS	Plegadis ridgwayi	4K62M	LC
NKSD	Bubo bubo (Linnaeus, 1758)	NKSD	Bubo bubo (Linnaeus, 1758)	259	SPECIES	ACCEPTED	Animalia	N	Chordata	CH2	Aves	V2	Strigiformes	466	Strigidae	GQX	Bubo	3DQQ	Bubo bubo	NKSD	LC
K56W	Aythya marila (Linnaeus, 1761)	K56W	Aythya marila (Linnaeus, 1761)	366	SPECIES	ACCEPTED	Animalia	N	Chordata	CH2	Aves	V2	Anseriformes	PQ	Anatidae	9H6K5	Aythya	36VQ	Aythya marila	K56W	LC
6ZSCT	Sterna hirundo Linnaeus, 1758	6ZSCT	Sterna hirundo Linnaeus, 1758	3280	SPECIES	ACCEPTED	Animalia	N	Chordata	CH2	Aves	V2	Charadriiformes	X3	Laridae	BSK	Sterna	7N8Q	Sterna hirundo	6ZSCT	LC
VG87	Circus pygargus (Linnaeus, 1758)	VG87	Circus pygargus (Linnaeus, 1758)	181	SPECIES	ACCEPTED	Animalia	N	Chordata	CH2	Aves	V2	Accipitriformes	MB	Accipitridae	5W6	Circus	3Q54	Circus pygargus	VG87	LC
4F2VB	Periparus ater (Linnaeus, 1758)	4F2VB	Periparus ater (Linnaeus, 1758)	2539	SPECIES	ACCEPTED	Animalia	N	Chordata	CH2	Aves	V2	Passeriformes	3RL	Paridae	626B2	Periparus	6LCZ	Periparus ater	4F2VB	LC
PK3Z	Calidris alba (Pallas, 1764)	PK3Z	Calidris alba (Pallas, 1764)	1193	SPECIES	ACCEPTED	Animalia	N	Chordata	CH2	Aves	V2	Charadriiformes	X3	Scolopacidae	G4X	Calidris	3F8J	Calidris alba	PK3Z	LC
4KPNN	Podiceps auritus (Linnaeus, 1758)	4KPNN	Podiceps auritus (Linnaeus, 1758)	233	SPECIES	ACCEPTED	Animalia	N	Chordata	CH2	Aves	V2	Podicipediformes	3V6	Podicipedidae	627FZ	Podiceps	6TBH	Podiceps auritus	4KPNN	VU
YNHG	Corvus corax Linnaeus, 1758	YNHG	Corvus corax Linnaeus, 1758	946	SPECIES	ACCEPTED	Animalia	N	Chordata	CH2	Aves	V2	Passeriformes	3RL	Corvidae	8L6	Corvus	62LZ4	Corvus corax	YNHG	LC
6QGKV	Linaria flavirostris (Linnaeus, 1758)	6QGKV	Linaria flavirostris (Linnaeus, 1758)	85	SPECIES	ACCEPTED	Animalia	N	Chordata	CH2	Aves	V2	Passeriformes	3RL	Fringillidae	6244D	Linaria	62YPP	Linaria flavirostris	6QGKV	LC
NBQ3Z	Curruca undata (Boddaert, 1783)	NBQ3Z	Curruca undata (Boddaert, 1783)	45	SPECIES	ACCEPTED	Animalia	N	Chordata	CH2	Aves	V2	Passeriformes	3RL	Sylviidae	626LT	Curruca	DDBLS	Curruca undata	NBQ3Z	NT
59PLD	Turdus eunomus Temminck, 1831	59PLD	Turdus eunomus Temminck, 1831	93	SPECIES	ACCEPTED	Animalia	N	Chordata	CH2	Aves	V2	Passeriformes	3RL	Turdidae	T4K9X	Turdus	647VS	Turdus eunomus	59PLD	LC
FZD6	Apus affinis (J. E. Gray, 1830)	FZD6	Apus affinis (J. E. Gray, 1830)	20	SPECIES	ACCEPTED	Animalia	N	Chordata	CH2	Aves	V2	Apodiformes	Q9	Apodidae	6L5	Apus	ZFN	Apus affinis	FZD6	LC
PK4C	Calidris melanotos (Vieillot, 1819)	PK4C	Calidris melanotos (Vieillot, 1819)	84	SPECIES	ACCEPTED	Animalia	N	Chordata	CH2	Aves	V2	Charadriiformes	X3	Scolopacidae	G4X	Calidris	3F8J	Calidris melanotos	PK4C	LC
9HKDN	Sibirionetta formosa (Georgi, 1775)	9HKDN	Sibirionetta formosa (Georgi, 1775)	60	SPECIES	ACCEPTED	Animalia	N	Chordata	CH2	Aves	V2	Anseriformes	PQ	Anatidae	9H6K5	Sibirionetta	9HGYD	Sibirionetta formosa	9HKDN	LC
3S7BL	Lanius cristatus Linnaeus, 1758	3S7BL	Lanius cristatus Linnaeus, 1758	34	SPECIES	ACCEPTED	Animalia	N	Chordata	CH2	Aves	V2	Passeriformes	3RL	Laniidae	BS2	Lanius	62XLP	Lanius cristatus	3S7BL	LC
4T4PL	Riparia riparia (Linnaeus, 1758)	4T4PL	Riparia riparia (Linnaeus, 1758)	2308	SPECIES	ACCEPTED	Animalia	N	Chordata	CH2	Aves	V2	Passeriformes	3RL	Hirundinidae	B3Y	Riparia	63RR4	Riparia riparia	4T4PL	LC
4KPNX	Podiceps grisegena (Boddaert, 1783)	4KPNX	Podiceps grisegena (Boddaert, 1783)	289	SPECIES	ACCEPTED	Animalia	N	Chordata	CH2	Aves	V2	Podicipediformes	3V6	Podicipedidae	627FZ	Podiceps	6TBH	Podiceps grisegena	4KPNX	LC
72FCR	Limosa limosa (Linnaeus, 1758)	72FCR	Limosa limosa (Linnaeus, 1758)	3669	SPECIES	ACCEPTED	Animalia	N	Chordata	CH2	Aves	V2	Charadriiformes	X3	Scolopacidae	G4X	Limosa	62YMT	Limosa limosa	72FCR	NT
782YB	Podiceps cristatus (Linnaeus, 1758)	782YB	Podiceps cristatus (Linnaeus, 1758)	12062	SPECIES	ACCEPTED	Animalia	N	Chordata	CH2	Aves	V2	Podicipediformes	3V6	Podicipedidae	627FZ	Podiceps	6TBH	Podiceps cristatus	782YB	LC
N74B	Branta hutchinsii (Richardson, 1832)	N74B	Branta hutchinsii (Richardson, 1832)	88	SPECIES	ACCEPTED	Animalia	N	Chordata	CH2	Aves	V2	Anseriformes	PQ	Anatidae	9H6K5	Branta	62H39	Branta hutchinsii	N74B	LC
NYV7	Buteo buteo (Linnaeus, 1758)	NYV7	Buteo buteo (Linnaeus, 1758)	17833	SPECIES	ACCEPTED	Animalia	N	Chordata	CH2	Aves	V2	Accipitriformes	MB	Accipitridae	5W6	Buteo	62HVC	Buteo buteo	NYV7	LC
3Z83B	Melanitta fusca (Linnaeus, 1758)	3Z83B	Melanitta fusca (Linnaeus, 1758)	263	SPECIES	ACCEPTED	Animalia	N	Chordata	CH2	Aves	V2	Anseriformes	PQ	Anatidae	9H6K5	Melanitta	62YSK	Melanitta fusca	3Z83B	VU
58VJG	Tringa stagnatilis (Bechstein, 1803)	58VJG	Tringa stagnatilis (Bechstein, 1803)	93	SPECIES	ACCEPTED	Animalia	N	Chordata	CH2	Aves	V2	Charadriiformes	X3	Scolopacidae	G4X	Tringa	8288	Tringa stagnatilis	58VJG	LC
9G559	Emberiza cia Linnaeus, 1767	9G559	Emberiza cia Linnaeus, 1767	4	SPECIES	ACCEPTED	Animalia	N	Chordata	CH2	Aves	V2	Passeriformes	3RL	Emberizidae	9N5	Emberiza	4B69	Emberiza cia	9G559	LC
7FFJC	Vanellus miles (Boddaert, 1783)	7FFJC	Vanellus miles (Boddaert, 1783)	1	SPECIES	ACCEPTED	Animalia	N	Chordata	CH2	Aves	V2	Charadriiformes	X3	Charadriidae	824	Vanellus	647JQ	Vanellus miles	7FFJC	LC
44G9F	Motacilla flava Linnaeus, 1758	44G9F	Motacilla flava Linnaeus, 1758	4269	SPECIES	ACCEPTED	Animalia	N	Chordata	CH2	Aves	V2	Passeriformes	3RL	Motacillidae	CYC	Motacilla	63CMY	Motacilla flava	44G9F	LC
4T594	Rissa tridactyla (Linnaeus, 1758)	4T594	Rissa tridactyla (Linnaeus, 1758)	563	SPECIES	ACCEPTED	Animalia	N	Chordata	CH2	Aves	V2	Charadriiformes	X3	Laridae	BSK	Rissa	643QY	Rissa tridactyla	4T594	VU
9G55B	Emberiza cirlus Linnaeus, 1767	9G55B	Emberiza cirlus Linnaeus, 1767	51	SPECIES	ACCEPTED	Animalia	N	Chordata	CH2	Aves	V2	Passeriformes	3RL	Emberizidae	9N5	Emberiza	4B69	Emberiza cirlus	9G55B	LC
7T2T9	Dendrocoptes medius (Linnaeus, 1758)	7T2T9	Dendrocoptes medius (Linnaeus, 1758)	787	SPECIES	ACCEPTED	Animalia	N	Chordata	CH2	Aves	V2	Piciformes	3TR	Picidae	625L8	Dendrocoptes	7NVP8	Dendrocoptes medius	7T2T9	LC
4DXXM	Passer domesticus (Linnaeus, 1758)	4DXXM	Passer domesticus (Linnaeus, 1758)	18563	SPECIES	ACCEPTED	Animalia	N	Chordata	CH2	Aves	V2	Passeriformes	3RL	Passeridae	626DC	Passer	6JFY	Passer domesticus	4DXXM	LC
6JPSG	Fringilla montifringilla Linnaeus, 1758	6JPSG	Fringilla montifringilla Linnaeus, 1758	3409	SPECIES	ACCEPTED	Animalia	N	Chordata	CH2	Aves	V2	Passeriformes	3RL	Fringillidae	6244D	Fringilla	4L6M	Fringilla montifringilla	6JPSG	LC
5CBY8	Xenus cinereus (Güldenstädt, 1775)	5CBY8	Xenus cinereus (Güldenstädt, 1775)	52	SPECIES	ACCEPTED	Animalia	N	Chordata	CH2	Aves	V2	Charadriiformes	X3	Scolopacidae	G4X	Xenus	893C	Xenus cinereus	5CBY8	LC
N74G	Branta sandvicensis (Vigors, 1834)	N74G	Branta sandvicensis (Vigors, 1834)	6	SPECIES	ACCEPTED	Animalia	N	Chordata	CH2	Aves	V2	Anseriformes	PQ	Anatidae	9H6K5	Branta	62H39	Branta sandvicensis	N74G	NT
6VBLL	Phoeniconaias minor (É. Geoffroy Saint-Hilaire, 1798)	6VBLL	Phoeniconaias minor (É. Geoffroy Saint-Hilaire, 1798)	1	SPECIES	ACCEPTED	Animalia	N	Chordata	CH2	Aves	V2	Phoenicopteriformes	3T8	Phoenicopteridae	6269M	Phoeniconaias	6NVL	Phoeniconaias minor	6VBLL	NT
679WV	Anser albifrons (Scopoli, 1769)	679WV	Anser albifrons (Scopoli, 1769)	3129	SPECIES	ACCEPTED	Animalia	N	Chordata	CH2	Aves	V2	Anseriformes	PQ	Anatidae	9H6K5	Anser	X5D	Anser albifrons	679WV	LC
6DYRB	Egretta garzetta (Linnaeus, 1766)	6DYRB	Egretta garzetta (Linnaeus, 1766)	4954	SPECIES	ACCEPTED	Animalia	N	Chordata	CH2	Aves	V2	Pelecaniformes	3RZ	Ardeidae	6PB	Egretta	62QNG	Egretta garzetta	6DYRB	LC
3WTTR	Lyrurus tetrix (Linnaeus, 1758)	3WTTR	Lyrurus tetrix (Linnaeus, 1758)	117	SPECIES	ACCEPTED	Animalia	N	Chordata	CH2	Aves	V2	Galliformes	38Z	Phasianidae	625WG	Lyrurus	639RX	Lyrurus tetrix	3WTTR	LC
6XR3F	Saxicola rubetra (Linnaeus, 1758)	6XR3F	Saxicola rubetra (Linnaeus, 1758)	1283	SPECIES	ACCEPTED	Animalia	N	Chordata	CH2	Aves	V2	Passeriformes	3RL	Muscicapidae	CZN	Saxicola	7CV9	Saxicola rubetra	6XR3F	LC
5384V	Sturnus vulgaris Linnaeus, 1758	5384V	Sturnus vulgaris Linnaeus, 1758	18227	SPECIES	ACCEPTED	Animalia	N	Chordata	CH2	Aves	V2	Passeriformes	3RL	Sturnidae	GRP	Sturnus	7PLY	Sturnus vulgaris	5384V	LC
64R5G	Actitis macularius (Linnaeus, 1766)	64R5G	Actitis macularius (Linnaeus, 1766)	22	SPECIES	ACCEPTED	Animalia	N	Chordata	CH2	Aves	V2	Charadriiformes	X3	Scolopacidae	G4X	Actitis	NT5	Actitis macularius	64R5G	LC
67KDB	Anthus hodgsoni Richmond, 1907	67KDB	Anthus hodgsoni Richmond, 1907	60	SPECIES	ACCEPTED	Animalia	N	Chordata	CH2	Aves	V2	Passeriformes	3RL	Motacillidae	CYC	Anthus	XJ7	Anthus hodgsoni	67KDB	LC
39FTR	Emberiza spodocephala Pallas, 1776	39FTR	Emberiza spodocephala Pallas, 1776	2	SPECIES	ACCEPTED	Animalia	N	Chordata	CH2	Aves	V2	Passeriformes	3RL	Emberizidae	9N5	Emberiza	4B69	Emberiza spodocephala	39FTR	LC
R5BJ2	Oenanthe seebohmi (Dixon, 1882)	R5BJ2	Oenanthe seebohmi (Dixon, 1882)	14	SPECIES	ACCEPTED	Animalia	N	Chordata	CH2	Aves	V2	Passeriformes	3RL	Muscicapidae	CZN	Oenanthe	679P	Oenanthe seebohmi	R5BJ2	LC
54GHR	Tadorna cana (J. F. Gmelin, 1789)	54GHR	Tadorna cana (J. F. Gmelin, 1789)	3	SPECIES	ACCEPTED	Animalia	N	Chordata	CH2	Aves	V2	Anseriformes	PQ	Anatidae	9H6K5	Tadorna	645G2	Tadorna cana	54GHR	LC
4S5KY	Rhea americana (Linnaeus, 1758)	4S5KY	Rhea americana (Linnaeus, 1758)	1	SPECIES	ACCEPTED	Animalia	N	Chordata	CH2	Aves	V2	Rheiformes	3Y9	Rheidae	6277Y	Rhea	78GM	Rhea americana	4S5KY	NT
6C4P6	Cyanochen cyanoptera (Rüppell, 1845)	6C4P6	Cyanochen cyanoptera (Rüppell, 1845)	1	SPECIES	ACCEPTED	Animalia	N	Chordata	CH2	Aves	V2	Anseriformes	PQ	Anatidae	9H6K5	Cyanochen	3XNJ	Cyanochen cyanoptera	6C4P6	NT
52D8L	Stercorarius longicaudus Vieillot, 1819	52D8L	Stercorarius longicaudus Vieillot, 1819	115	SPECIES	ACCEPTED	Animalia	N	Chordata	CH2	Aves	V2	Charadriiformes	X3	Stercorariidae	GNX	Stercorarius	7N5S	Stercorarius longicaudus	52D8L	LC
52D8Q	Stercorarius skua (Brünnich, 1764)	52D8Q	Stercorarius skua (Brünnich, 1764)	249	SPECIES	ACCEPTED	Animalia	N	Chordata	CH2	Aves	V2	Charadriiformes	X3	Stercorariidae	GNX	Stercorarius	7N5S	Stercorarius skua	52D8Q	LC
4HR3F	Picus viridis Linnaeus, 1758	4HR3F	Picus viridis Linnaeus, 1758	11606	SPECIES	ACCEPTED	Animalia	N	Chordata	CH2	Aves	V2	Piciformes	3TR	Picidae	625L8	Picus	63MCB	Picus viridis	4HR3F	LC
69N9M	Certhia brachydactyla C. L. Brehm, 1820	69N9M	Certhia brachydactyla C. L. Brehm, 1820	8594	SPECIES	ACCEPTED	Animalia	N	Chordata	CH2	Aves	V2	Passeriformes	3RL	Certhiidae	7XP	Certhia	3L8X	Certhia brachydactyla	69N9M	LC
58VJH	Tringa totanus (Linnaeus, 1758)	58VJH	Tringa totanus (Linnaeus, 1758)	5392	SPECIES	ACCEPTED	Animalia	N	Chordata	CH2	Aves	V2	Charadriiformes	X3	Scolopacidae	G4X	Tringa	8288	Tringa totanus	58VJH	LC
4DXY4	Passer montanus (Linnaeus, 1758)	4DXY4	Passer montanus (Linnaeus, 1758)	3395	SPECIES	ACCEPTED	Animalia	N	Chordata	CH2	Aves	V2	Passeriformes	3RL	Passeridae	626DC	Passer	6JFY	Passer montanus	4DXY4	LC
BDDV	Aix sponsa (Linnaeus, 1758)	BDDV	Aix sponsa (Linnaeus, 1758)	76	SPECIES	ACCEPTED	Animalia	N	Chordata	CH2	Aves	V2	Anseriformes	PQ	Anatidae	9H6K5	Aix	R89	Aix sponsa	BDDV	LC
N74F	Branta ruficollis (Pallas, 1769)	N74F	Branta ruficollis (Pallas, 1769)	174	SPECIES	ACCEPTED	Animalia	N	Chordata	CH2	Aves	V2	Anseriformes	PQ	Anatidae	9H6K5	Branta	62H39	Branta ruficollis	N74F	VU
486M2	Nymphicus hollandicus (Kerr, 1792)	486M2	Nymphicus hollandicus (Kerr, 1792)	15	SPECIES	ACCEPTED	Animalia	N	Chordata	CH2	Aves	V2	Psittaciformes	3X7	Cacatuidae	C3K78	Nymphicus	6644	Nymphicus hollandicus	486M2	LC
DDBMW	Curruca hortensis (J. F. Gmelin, 1789)	DDBMW	Curruca hortensis (J. F. Gmelin, 1789)	14	SPECIES	ACCEPTED	Animalia	N	Chordata	CH2	Aves	V2	Passeriformes	3RL	Sylviidae	626LT	Curruca	DDBLS	Curruca hortensis	DDBMW	LC
CTW5G	Clanga clanga (Pallas, 1811)	CTW5G	Clanga clanga (Pallas, 1811)	28	SPECIES	ACCEPTED	Animalia	N	Chordata	CH2	Aves	V2	Accipitriformes	MB	Accipitridae	5W6	Clanga	CTW5F	Clanga clanga	CTW5G	VU
7G8T5	Xema sabini (Sabine, 1819)	7G8T5	Xema sabini (Sabine, 1819)	102	SPECIES	ACCEPTED	Animalia	N	Chordata	CH2	Aves	V2	Charadriiformes	X3	Laridae	BSK	Xema	88JP	Xema sabini	7G8T5	LC
6VFNC	Phylloscopus trochiloides (Sundevall, 1837)	6VFNC	Phylloscopus trochiloides (Sundevall, 1837)	72	SPECIES	ACCEPTED	Animalia	N	Chordata	CH2	Aves	V2	Passeriformes	3RL	Phylloscopidae	625K5	Phylloscopus	6PRN	Phylloscopus trochiloides	6VFNC	LC
6NFHF	Junco hyemalis (Linnaeus, 1758)	6NFHF	Junco hyemalis (Linnaeus, 1758)	27	SPECIES	ACCEPTED	Animalia	N	Chordata	CH2	Aves	V2	Passeriformes	3RL	Passerellidae	9G6YK	Junco	56XW	Junco hyemalis	6NFHF	LC
4HR33	Picus canus J. F. Gmelin, 1788	4HR33	Picus canus J. F. Gmelin, 1788	31	SPECIES	ACCEPTED	Animalia	N	Chordata	CH2	Aves	V2	Piciformes	3TR	Picidae	625L8	Picus	63MCB	Picus canus	4HR33	LC
782LG	Plectropterus gambensis (Linnaeus, 1766)	782LG	Plectropterus gambensis (Linnaeus, 1766)	1	SPECIES	ACCEPTED	Animalia	N	Chordata	CH2	Aves	V2	Anseriformes	PQ	Anatidae	9H6K5	Plectropterus	6SD6	Plectropterus gambensis	782LG	LC
4PW55	Pterocles orientalis (Linnaeus, 1758)	4PW55	Pterocles orientalis (Linnaeus, 1758)	1	SPECIES	ACCEPTED	Animalia	N	Chordata	CH2	Aves	V2	Pterocliformes	CP8BX	Pteroclidae	CP8BW	Pterocles	74PC	Pterocles orientalis	4PW55	LC
5XWQ6	Chloris chloris (Linnaeus, 1758)	5XWQ6	Chloris chloris (Linnaeus, 1758)	9550	SPECIES	ACCEPTED	Animalia	N	Chordata	CH2	Aves	V2	Passeriformes	3RL	Fringillidae	6244D	Chloris	62LWM	Chloris chloris	5XWQ6	LC
4KKPV	Pluvialis apricaria (Linnaeus, 1758)	4KKPV	Pluvialis apricaria (Linnaeus, 1758)	1086	SPECIES	ACCEPTED	Animalia	N	Chordata	CH2	Aves	V2	Charadriiformes	X3	Charadriidae	824	Pluvialis	6T7B	Pluvialis apricaria	4KKPV	LC
6K3X3	Fulmarus glacialis (Linnaeus, 1761)	6K3X3	Fulmarus glacialis (Linnaeus, 1761)	166	SPECIES	ACCEPTED	Animalia	N	Chordata	CH2	Aves	V2	Procellariiformes	622V8	Procellariidae	627CQ	Fulmarus	4LCC	Fulmarus glacialis	6K3X3	LC
67KF6	Anthus pratensis (Linnaeus, 1758)	67KF6	Anthus pratensis (Linnaeus, 1758)	7196	SPECIES	ACCEPTED	Animalia	N	Chordata	CH2	Aves	V2	Passeriformes	3RL	Motacillidae	CYC	Anthus	XJ7	Anthus pratensis	67KF6	LC
3SBQM	Larus marinus Linnaeus, 1758	3SBQM	Larus marinus Linnaeus, 1758	2727	SPECIES	ACCEPTED	Animalia	N	Chordata	CH2	Aves	V2	Charadriiformes	X3	Laridae	BSK	Larus	62XFH	Larus marinus	3SBQM	LC
4KSC7	Poecile montanus (Conrad von Baldenstein, 1827)	4KSC7	Poecile montanus (Conrad von Baldenstein, 1827)	1308	SPECIES	ACCEPTED	Animalia	N	Chordata	CH2	Aves	V2	Passeriformes	3RL	Paridae	626B2	Poecile	6TGS	Poecile montanus	4KSC7	LC
3W3GS	Lophodytes cucullatus (Linnaeus, 1758)	3W3GS	Lophodytes cucullatus (Linnaeus, 1758)	23	SPECIES	ACCEPTED	Animalia	N	Chordata	CH2	Aves	V2	Anseriformes	PQ	Anatidae	9H6K5	Lophodytes	5GL3	Lophodytes cucullatus	3W3GS	LC
3C2DL	Eudocimus ruber (Linnaeus, 1758)	3C2DL	Eudocimus ruber (Linnaeus, 1758)	30	SPECIES	ACCEPTED	Animalia	N	Chordata	CH2	Aves	V2	Pelecaniformes	3RZ	Threskiornithidae	H89	Eudocimus	635CX	Eudocimus ruber	3C2DL	LC
4Y8FV	Somateria spectabilis (Linnaeus, 1758)	4Y8FV	Somateria spectabilis (Linnaeus, 1758)	39	SPECIES	ACCEPTED	Animalia	N	Chordata	CH2	Aves	V2	Anseriformes	PQ	Anatidae	9H6K5	Somateria	7JL9	Somateria spectabilis	4Y8FV	LC
FZLP	Aquila chrysaetos (Linnaeus, 1758)	FZLP	Aquila chrysaetos (Linnaeus, 1758)	6	SPECIES	ACCEPTED	Animalia	N	Chordata	CH2	Aves	V2	Accipitriformes	MB	Accipitridae	5W6	Aquila	ZHL	Aquila chrysaetos	FZLP	LC
9HJGT	Mareca sibilatrix (Poeppig, 1829)	9HJGT	Mareca sibilatrix (Poeppig, 1829)	11	SPECIES	ACCEPTED	Animalia	N	Chordata	CH2	Aves	V2	Anseriformes	PQ	Anatidae	9H6K5	Mareca	9HGXM	Mareca sibilatrix	9HJGT	LC
LLRM7	Anarhynchus mongolus (Pallas, 1776)	TMX7	Charadrius mongolus Pallas, 1776	2	SPECIES	SYNONYM	Animalia	N	Chordata	CH2	Aves	V2	Charadriiformes	X3	Charadriidae	824	Charadrius	3M7T	Charadrius mongolus	TMX7	
78JXM	Psittacus erithacus Linnaeus, 1758	78JXM	Psittacus erithacus Linnaeus, 1758	2	SPECIES	ACCEPTED	Animalia	N	Chordata	CH2	Aves	V2	Psittaciformes	3X7	Psittacidae	FBD	Psittacus	74CC	Psittacus erithacus	78JXM	EN
9HP5X	Spatula versicolor (Vieillot, 1816)	9HP5X	Spatula versicolor (Vieillot, 1816)	5	SPECIES	ACCEPTED	Animalia	N	Chordata	CH2	Aves	V2	Anseriformes	PQ	Anatidae	9H6K5	Spatula	9HGYJ	Spatula versicolor	9HP5X	LC
32NH2	Cyanistes caeruleus (Linnaeus, 1758)	32NH2	Cyanistes caeruleus (Linnaeus, 1758)	29352	SPECIES	ACCEPTED	Animalia	N	Chordata	CH2	Aves	V2	Passeriformes	3RL	Paridae	626B2	Cyanistes	3XN8	Cyanistes caeruleus	32NH2	LC
78SHD	Regulus regulus (Linnaeus, 1758)	78SHD	Regulus regulus (Linnaeus, 1758)	6093	SPECIES	ACCEPTED	Animalia	N	Chordata	CH2	Aves	V2	Passeriformes	3RL	Regulidae	FL3	Regulus	77JH	Regulus regulus	78SHD	LC
6866L	Asio otus (Linnaeus, 1758)	6866L	Asio otus (Linnaeus, 1758)	964	SPECIES	ACCEPTED	Animalia	N	Chordata	CH2	Aves	V2	Strigiformes	466	Strigidae	GQX	Asio	33VY	Asio otus	6866L	LC
4KKPY	Pluvialis squatarola (Linnaeus, 1758)	4KKPY	Pluvialis squatarola (Linnaeus, 1758)	1546	SPECIES	ACCEPTED	Animalia	N	Chordata	CH2	Aves	V2	Charadriiformes	X3	Charadriidae	824	Pluvialis	6T7B	Pluvialis squatarola	4KKPY	VU
GCHR	Ardea alba Linnaeus, 1758	GCHR	Ardea alba Linnaeus, 1758	8160	SPECIES	ACCEPTED	Animalia	N	Chordata	CH2	Aves	V2	Pelecaniformes	3RZ	Ardeidae	6PB	Ardea	32FH	Ardea alba	GCHR	LC
D5K8J	Microcarbo pygmaeus (Pallas, 1773)	D5K8J	Microcarbo pygmaeus (Pallas, 1773)	97	SPECIES	ACCEPTED	Animalia	N	Chordata	CH2	Aves	V2	Suliformes	46J	Phalacrocoracidae	62694	Microcarbo	5RJY	Microcarbo pygmaeus	D5K8J	LC
3S7BY	Lanius minor J. F. Gmelin, 1788	3S7BY	Lanius minor J. F. Gmelin, 1788	13	SPECIES	ACCEPTED	Animalia	N	Chordata	CH2	Aves	V2	Passeriformes	3RL	Laniidae	BS2	Lanius	62XLP	Lanius minor	3S7BY	LC
9KHM	Acridotheres cristatellus (Linnaeus, 1758)	9KHM	Acridotheres cristatellus (Linnaeus, 1758)	2	SPECIES	ACCEPTED	Animalia	N	Chordata	CH2	Aves	V2	Passeriformes	3RL	Sturnidae	GRP	Acridotheres	N9Y	Acridotheres cristatellus	9KHM	LC
66Y94	Anser erythropus (Linnaeus, 1758)	66Y94	Anser erythropus (Linnaeus, 1758)	61	SPECIES	ACCEPTED	Animalia	N	Chordata	CH2	Aves	V2	Anseriformes	PQ	Anatidae	9H6K5	Anser	X5D	Anser erythropus	66Y94	VU
N74C	Branta leucopsis (Bechstein, 1803)	N74C	Branta leucopsis (Bechstein, 1803)	4114	SPECIES	ACCEPTED	Animalia	N	Chordata	CH2	Aves	V2	Anseriformes	PQ	Anatidae	9H6K5	Branta	62H39	Branta leucopsis	N74C	LC
K56T	Aythya ferina (Linnaeus, 1758)	K56T	Aythya ferina (Linnaeus, 1758)	6524	SPECIES	ACCEPTED	Animalia	N	Chordata	CH2	Aves	V2	Anseriformes	PQ	Anatidae	9H6K5	Aythya	36VQ	Aythya ferina	K56T	VU
4WV7R	Serinus serinus (Linnaeus, 1766)	4WV7R	Serinus serinus (Linnaeus, 1766)	339	SPECIES	ACCEPTED	Animalia	N	Chordata	CH2	Aves	V2	Passeriformes	3RL	Fringillidae	6244D	Serinus	644MX	Serinus serinus	4WV7R	LC
6QLJV	Locustella luscinioides (Savi, 1824)	6QLJV	Locustella luscinioides (Savi, 1824)	652	SPECIES	ACCEPTED	Animalia	N	Chordata	CH2	Aves	V2	Passeriformes	3RL	Locustellidae	C5V	Locustella	5G59	Locustella luscinioides	6QLJV	LC
77FML	Phylloscopus fuscatus (Blyth, 1842)	77FML	Phylloscopus fuscatus (Blyth, 1842)	183	SPECIES	ACCEPTED	Animalia	N	Chordata	CH2	Aves	V2	Passeriformes	3RL	Phylloscopidae	625K5	Phylloscopus	6PRN	Phylloscopus fuscatus	77FML	LC
77FMW	Phylloscopus sibilatrix (Bechstein, 1793)	6VFN8	Phylloscopus sibillatrix (Bechstein, 1792)	453	SPECIES	SYNONYM	Animalia	N	Chordata	CH2	Aves	V2	Passeriformes	3RL	Phylloscopidae	625K5	Phylloscopus	6PRN	Phylloscopus sibillatrix	6VFN8	
3JBJW	Haliaeetus leucocephalus (Linnaeus, 1766)	3JBJW	Haliaeetus leucocephalus (Linnaeus, 1766)	8	SPECIES	ACCEPTED	Animalia	N	Chordata	CH2	Aves	V2	Accipitriformes	MB	Accipitridae	5W6	Haliaeetus	4SPP	Haliaeetus leucocephalus	3JBJW	LC
D5K7H	Anarhynchus alexandrinus	TMWL	Charadrius alexandrinus Linnaeus, 1758	191	SPECIES	SYNONYM	Animalia	N	Chordata	CH2	Aves	V2	Charadriiformes	X3	Charadriidae	824	Charadrius	3M7T	Charadrius alexandrinus	TMWL	
72LK9	Locustella fluviatilis (Wolf, 1810)	72LK9	Locustella fluviatilis (Wolf, 1810)	56	SPECIES	ACCEPTED	Animalia	N	Chordata	CH2	Aves	V2	Passeriformes	3RL	Locustellidae	C5V	Locustella	5G59	Locustella fluviatilis	72LK9	LC
9L77	Acrocephalus paludicola (Vieillot, 1817)	9L77	Acrocephalus paludicola (Vieillot, 1817)	49	SPECIES	ACCEPTED	Animalia	N	Chordata	CH2	Aves	V2	Passeriformes	3RL	Acrocephalidae	5YC	Acrocephalus	NC3	Acrocephalus paludicola	9L77	VU
L7HPN	Alaudala heinei (Homeyer, 1873)	L7HPN	Alaudala heinei (Homeyer, 1873)	4	SPECIES	ACCEPTED	Animalia	N	Chordata	CH2	Aves	V2	Passeriformes	3RL	Alaudidae	667	Alaudala	L7HP3	Alaudala heinei	L7HPN	LC
3ZN3R	Melopsittacus undulatus (Shaw, 1805)	3ZN3R	Melopsittacus undulatus (Shaw, 1805)	11	SPECIES	ACCEPTED	Animalia	N	Chordata	CH2	Aves	V2	Psittaciformes	3X7	Psittaculidae	C3KV6	Melopsittacus	5NW2	Melopsittacus undulatus	3ZN3R	LC
K56N	Aythya affinis (Eyton, 1838)	K56N	Aythya affinis (Eyton, 1838)	31	SPECIES	ACCEPTED	Animalia	N	Chordata	CH2	Aves	V2	Anseriformes	PQ	Anatidae	9H6K5	Aythya	36VQ	Aythya affinis	K56N	LC
679WS	Anser fabalis (Latham, 1787)	679WS	Anser fabalis (Latham, 1787)	4	SPECIES	ACCEPTED	Animalia	N	Chordata	CH2	Aves	V2	Anseriformes	PQ	Anatidae	9H6K5	Anser	X5D	Anser fabalis	679WS	LC
4BWFW	Padda oryzivora (Linnaeus, 1758)	3VYFC	Lonchura oryzivora (Linnaeus, 1758)	1	SPECIES	SYNONYM	Animalia	N	Chordata	CH2	Aves	V2	Passeriformes	3RL	Estrildidae	623Q5	Lonchura	5GBZ	Lonchura oryzivora	3VYFC	
66XWT	Anser rossii Cassin, 1861	66XWT	Anser rossii Cassin, 1861	140	SPECIES	ACCEPTED	Animalia	N	Chordata	CH2	Aves	V2	Anseriformes	PQ	Anatidae	9H6K5	Anser	X5D	Anser rossii	66XWT	LC
4GKQY	Phoenicurus phoenicurus (Linnaeus, 1758)	4GKQY	Phoenicurus phoenicurus (Linnaeus, 1758)	1508	SPECIES	ACCEPTED	Animalia	N	Chordata	CH2	Aves	V2	Passeriformes	3RL	Muscicapidae	CZN	Phoenicurus	63MGF	Phoenicurus phoenicurus	4GKQY	LC
9HKHG	Spatula querquedula (Linnaeus, 1758)	9HKHG	Spatula querquedula (Linnaeus, 1758)	2096	SPECIES	ACCEPTED	Animalia	N	Chordata	CH2	Aves	V2	Anseriformes	PQ	Anatidae	9H6K5	Spatula	9HGYJ	Spatula querquedula	9HKHG	LC
PK44	Calidris canutus (Linnaeus, 1758)	PK44	Calidris canutus (Linnaeus, 1758)	745	SPECIES	ACCEPTED	Animalia	N	Chordata	CH2	Aves	V2	Charadriiformes	X3	Scolopacidae	G4X	Calidris	3F8J	Calidris canutus	PK44	NT
6Z52Z	Sitta europaea Linnaeus, 1758	6Z52Z	Sitta europaea Linnaeus, 1758	6350	SPECIES	ACCEPTED	Animalia	N	Chordata	CH2	Aves	V2	Passeriformes	3RL	Sittidae	626XK	Sitta	7HWK	Sitta europaea	6Z52Z	LC
4VS4Z	Scolopax rusticola Linnaeus, 1758	4VS4Z	Scolopax rusticola Linnaeus, 1758	1135	SPECIES	ACCEPTED	Animalia	N	Chordata	CH2	Aves	V2	Charadriiformes	X3	Scolopacidae	G4X	Scolopax	6455D	Scolopax rusticola	4VS4Z	LC
3SBPX	Larus cachinnans Pallas, 1811	3SBPX	Larus cachinnans Pallas, 1811	1180	SPECIES	ACCEPTED	Animalia	N	Chordata	CH2	Aves	V2	Charadriiformes	X3	Laridae	BSK	Larus	62XFH	Larus cachinnans	3SBPX	LC
6K9FQ	Gallinago media (Latham, 1787)	6K9FQ	Gallinago media (Latham, 1787)	32	SPECIES	ACCEPTED	Animalia	N	Chordata	CH2	Aves	V2	Charadriiformes	X3	Scolopacidae	G4X	Gallinago	4LXT	Gallinago media	6K9FQ	NT
787WV	Porphyrio porphyrio (Linnaeus, 1758)	787WV	Porphyrio porphyrio (Linnaeus, 1758)	20	SPECIES	ACCEPTED	Animalia	N	Chordata	CH2	Aves	V2	Gruiformes	6223K	Rallidae	FJ9	Porphyrio	63PZ4	Porphyrio porphyrio	787WV	LC
DDBNH	Curruca melanocephala (J. F. Gmelin, 1789)	DDBNH	Curruca melanocephala (J. F. Gmelin, 1789)	4	SPECIES	ACCEPTED	Animalia	N	Chordata	CH2	Aves	V2	Passeriformes	3RL	Sylviidae	626LT	Curruca	DDBLS	Curruca melanocephala	DDBNH	LC
5Y8C9	Chloris spinoides (Vigors, 1831)	5Y8C9	Chloris spinoides (Vigors, 1831)	1	SPECIES	ACCEPTED	Animalia	N	Chordata	CH2	Aves	V2	Passeriformes	3RL	Fringillidae	6244D	Chloris	62LWM	Chloris spinoides	5Y8C9	LC
7DLHC	Upupa epops Linnaeus, 1758	7DLHC	Upupa epops Linnaeus, 1758	100	SPECIES	ACCEPTED	Animalia	N	Chordata	CH2	Aves	V2	Bucerotiformes	6229W	Upupidae	626S6	Upupa	8528	Upupa epops	7DLHC	LC
R6J7	Carduelis carduelis (Linnaeus, 1758)	R6J7	Carduelis carduelis (Linnaeus, 1758)	7643	SPECIES	ACCEPTED	Animalia	N	Chordata	CH2	Aves	V2	Passeriformes	3RL	Fringillidae	6244D	Carduelis	62KHQ	Carduelis carduelis	R6J7	LC
9L82	Acrocephalus scirpaceus (Hermann, 1804)	9L82	Acrocephalus scirpaceus (Hermann, 1804)	4983	SPECIES	ACCEPTED	Animalia	N	Chordata	CH2	Aves	V2	Passeriformes	3RL	Acrocephalidae	5YC	Acrocephalus	NC3	Acrocephalus scirpaceus	9L82	LC
732CT	Lullula arborea (Linnaeus, 1758)	732CT	Lullula arborea (Linnaeus, 1758)	1384	SPECIES	ACCEPTED	Animalia	N	Chordata	CH2	Aves	V2	Passeriformes	3RL	Alaudidae	667	Lullula	5H93	Lullula arborea	732CT	LC
6QFD3	Limosa lapponica (Linnaeus, 1758)	6QFD3	Limosa lapponica (Linnaeus, 1758)	1133	SPECIES	ACCEPTED	Animalia	N	Chordata	CH2	Aves	V2	Charadriiformes	X3	Scolopacidae	G4X	Limosa	62YMT	Limosa lapponica	6QFD3	NT
3SBPZ	Larus canus Linnaeus, 1758	3SBPZ	Larus canus Linnaeus, 1758	6287	SPECIES	ACCEPTED	Animalia	N	Chordata	CH2	Aves	V2	Charadriiformes	X3	Laridae	BSK	Larus	62XFH	Larus canus	3SBPZ	LC
58VJ2	Tringa erythropus (Pallas, 1764)	58VJ2	Tringa erythropus (Pallas, 1764)	1854	SPECIES	ACCEPTED	Animalia	N	Chordata	CH2	Aves	V2	Charadriiformes	X3	Scolopacidae	G4X	Tringa	8288	Tringa erythropus	58VJ2	LC
483T4	Numenius minutus Gould, 1841	483T4	Numenius minutus Gould, 1841	6	SPECIES	ACCEPTED	Animalia	N	Chordata	CH2	Aves	V2	Charadriiformes	X3	Scolopacidae	G4X	Numenius	65VC	Numenius minutus	483T4	LC
