taxonKey	scientificName	acceptedTaxonKey	acceptedScientificName	numberOfOccurrences	taxonRank	taxonomicStatus	kingdom	kingdomKey	phylum	phylumKey	class	classKey	order	orderKey	family	familyKey	genus	genusKey	species	speciesKey	iucnRedListCategory
59PMS	Turdus pilaris Linnaeus, 1758	59PMS	Turdus pilaris Linnaeus, 1758	150	SPECIES	ACCEPTED	Animalia	N	Chordata	CH2	Aves	V2	Passeriformes	3RL	Turdidae	T4K9X	Turdus	647VS	Turdus pilaris	59PMS	LC
C5KM	Alopochen aegyptiaca (Linnaeus, 1766)	C5KM	Alopochen aegyptiaca (Linnaeus, 1766)	1584	SPECIES	ACCEPTED	Animalia	N	Chordata	CH2	Aves	V2	Anseriformes	PQ	Anatidae	9H6K5	Alopochen	6294B	Alopochen aegyptiaca	C5KM	LC
7436N	Morus bassanus (Linnaeus, 1758)	7436N	Morus bassanus (Linnaeus, 1758)	37	SPECIES	ACCEPTED	Animalia	N	Chordata	CH2	Aves	V2	Suliformes	46J	Sulidae	626M3	Morus	5VCR	Morus bassanus	7436N	LC
4KPP4	Podiceps nigricollis C. L. Brehm, 1831	4KPP4	Podiceps nigricollis C. L. Brehm, 1831	85	SPECIES	ACCEPTED	Animalia	N	Chordata	CH2	Aves	V2	Podicipediformes	3V6	Podicipedidae	627FZ	Podiceps	6TBH	Podiceps nigricollis	4KPP4	LC
7JSWQ	Galerida cristata cristata (Linnaeus, 1758)	7JSWQ	Galerida cristata cristata (Linnaeus, 1758)	1	SUBSPECIES	ACCEPTED	Animalia	N	Chordata	CH2	Aves	V2	Passeriformes	3RL	Alaudidae	667	Galerida	62SST	Galerida cristata	3F4BG	
3DTGL	Falco peregrinus Tunstall, 1771	3DTGL	Falco peregrinus Tunstall, 1771	222	SPECIES	ACCEPTED	Animalia	N	Chordata	CH2	Aves	V2	Falconiformes	386	Falconidae	623R8	Falco	62SZ6	Falco peregrinus	3DTGL	LC
3LXZ5	Himantopus himantopus (Linnaeus, 1758)	3LXZ5	Himantopus himantopus (Linnaeus, 1758)	37	SPECIES	ACCEPTED	Animalia	N	Chordata	CH2	Aves	V2	Charadriiformes	X3	Recurvirostridae	FKR	Himantopus	6375G	Himantopus himantopus	3LXZ5	LC
DDBNS	Curruca communis (Latham, 1787)	DDBNS	Curruca communis (Latham, 1787)	183	SPECIES	ACCEPTED	Animalia	N	Chordata	CH2	Aves	V2	Passeriformes	3RL	Sylviidae	626LT	Curruca	DDBLS	Curruca communis	DDBNS	LC
DRXBF	Anas platyrhynchos f. domesticus	DRXBF	Anas platyrhynchos f. domesticus	360	FORM	ACCEPTED	Animalia	N	Chordata	CH2	Aves	V2	Anseriformes	PQ	Anatidae	9H6K5	Anas	V8R			
532G9	Strix aluco Linnaeus, 1758	532G9	Strix aluco Linnaeus, 1758	158	SPECIES	ACCEPTED	Animalia	N	Chordata	CH2	Aves	V2	Strigiformes	466	Strigidae	GQX	Strix	7PCR	Strix aluco	532G9	LC
4F6YZ	Pernis apivorus (Linnaeus, 1758)	4F6YZ	Pernis apivorus (Linnaeus, 1758)	111	SPECIES	ACCEPTED	Animalia	N	Chordata	CH2	Aves	V2	Accipitriformes	MB	Accipitridae	5W6	Pernis	6LNQ	Pernis apivorus	4F6YZ	LC
34GHX	Delichon urbicum (Linnaeus, 1758)	34GHX	Delichon urbicum (Linnaeus, 1758)	165	SPECIES	ACCEPTED	Animalia	N	Chordata	CH2	Aves	V2	Passeriformes	3RL	Hirundinidae	B3Y	Delichon	42MV	Delichon urbicum	34GHX	LC
DDBMF	Curruca curruca (Linnaeus, 1758)	DDBMF	Curruca curruca (Linnaeus, 1758)	29	SPECIES	ACCEPTED	Animalia	N	Chordata	CH2	Aves	V2	Passeriformes	3RL	Sylviidae	626LT	Curruca	DDBLS	Curruca curruca	DDBMF	LC
3M4S7	Hirundo rustica Linnaeus, 1758	3M4S7	Hirundo rustica Linnaeus, 1758	280	SPECIES	ACCEPTED	Animalia	N	Chordata	CH2	Aves	V2	Passeriformes	3RL	Hirundinidae	B3Y	Hirundo	6376D	Hirundo rustica	3M4S7	LC
9H6K5	Anatidae Leach, 1820	9H6K5	Anatidae Leach, 1820	71	FAMILY	ACCEPTED	Animalia	N	Chordata	CH2	Aves	V2	Anseriformes	PQ	Anatidae	9H6K5					
6HNPP	Falco subbuteo Linnaeus, 1758	6HNPP	Falco subbuteo Linnaeus, 1758	74	SPECIES	ACCEPTED	Animalia	N	Chordata	CH2	Aves	V2	Falconiformes	386	Falconidae	623R8	Falco	62SZ6	Falco subbuteo	6HNPP	LC
DJ4G8	Anser anser f. domesticus	DJ4G8	Anser anser f. domesticus	186	FORM	ACCEPTED	Animalia	N	Chordata	CH2	Aves	V2	Anseriformes	PQ	Anatidae	9H6K5	Anser	X5D	Anser anser	679X7	
5HDPW	Fulica atra atra Linnaeus, 1758	5HDPW	Fulica atra atra Linnaeus, 1758	56	SUBSPECIES	ACCEPTED	Animalia	N	Chordata	CH2	Aves	V2	Gruiformes	6223K	Rallidae	FJ9	Fulica	4LC2	Fulica atra	6K3W6	
4PKCF	Psittacula eupatria (Linnaeus, 1766)	4PKCF	Psittacula eupatria (Linnaeus, 1766)	60	SPECIES	ACCEPTED	Animalia	N	Chordata	CH2	Aves	V2	Psittaciformes	3X7	Psittaculidae	C3KV6	Psittacula	642T9	Psittacula eupatria	4PKCF	LC
58VJC	Tringa ochropus Linnaeus, 1758	58VJC	Tringa ochropus Linnaeus, 1758	61	SPECIES	ACCEPTED	Animalia	N	Chordata	CH2	Aves	V2	Charadriiformes	X3	Scolopacidae	G4X	Tringa	8288	Tringa ochropus	58VJC	LC
5Z6WQ	Circus aeruginosus (Linnaeus, 1758)	5Z6WQ	Circus aeruginosus (Linnaeus, 1758)	204	SPECIES	ACCEPTED	Animalia	N	Chordata	CH2	Aves	V2	Accipitriformes	MB	Accipitridae	5W6	Circus	3Q54	Circus aeruginosus	5Z6WQ	LC
3FFP5	Gavia arctica (Linnaeus, 1758)	3FFP5	Gavia arctica (Linnaeus, 1758)	6	SPECIES	ACCEPTED	Animalia	N	Chordata	CH2	Aves	V2	Gaviiformes	396	Gaviidae	6247R	Gavia	4MHK	Gavia arctica	3FFP5	LC
5JXDQ	Numenius arquata arquata (Linnaeus, 1758)	5JXDQ	Numenius arquata arquata (Linnaeus, 1758)	13	SUBSPECIES	ACCEPTED	Animalia	N	Chordata	CH2	Aves	V2	Charadriiformes	X3	Scolopacidae	G4X	Numenius	65VC	Numenius arquata	483SZ	
5V9X4	Anser brachyrhynchus Baillon, 1834	5V9X4	Anser brachyrhynchus Baillon, 1834	39	SPECIES	ACCEPTED	Animalia	N	Chordata	CH2	Aves	V2	Anseriformes	PQ	Anatidae	9H6K5	Anser	X5D	Anser brachyrhynchus	5V9X4	LC
5H6NR	Erithacus rubecula rubecula (Linnaeus, 1758)	5H6NR	Erithacus rubecula rubecula (Linnaeus, 1758)	6	SUBSPECIES	ACCEPTED	Animalia	N	Chordata	CH2	Aves	V2	Passeriformes	3RL	Muscicapidae	CZN	Erithacus	63425	Erithacus rubecula	6H2XM	
62H39	Branta Scopoli, 1769	62H39	Branta Scopoli, 1769	1	GENUS	ACCEPTED	Animalia	N	Chordata	CH2	Aves	V2	Anseriformes	PQ	Anatidae	9H6K5	Branta	62H39			
3W3QK	Lophonetta specularioides (P. P. King, 1828)	3W3QK	Lophonetta specularioides (P. P. King, 1828)	2	SPECIES	ACCEPTED	Animalia	N	Chordata	CH2	Aves	V2	Anseriformes	PQ	Anatidae	9H6K5	Lophonetta	5GM5	Lophonetta specularioides	3W3QK	LC
6N5PG	Ichthyaetus melanocephalus (Temminck, 1820)	6N5PG	Ichthyaetus melanocephalus (Temminck, 1820)	57	SPECIES	ACCEPTED	Animalia	N	Chordata	CH2	Aves	V2	Charadriiformes	X3	Laridae	BSK	Ichthyaetus	53DG	Ichthyaetus melanocephalus	6N5PG	LC
39FTJ	Emberiza pusilla Pallas, 1776	39FTJ	Emberiza pusilla Pallas, 1776	3	SPECIES	ACCEPTED	Animalia	N	Chordata	CH2	Aves	V2	Passeriformes	3RL	Emberizidae	9N5	Emberiza	4B69	Emberiza pusilla	39FTJ	LC
72DFK	Limnodromus scolopaceus (Say, 1822)	72DFK	Limnodromus scolopaceus (Say, 1822)	3	SPECIES	ACCEPTED	Animalia	N	Chordata	CH2	Aves	V2	Charadriiformes	X3	Scolopacidae	G4X	Limnodromus	62YJV	Limnodromus scolopaceus	72DFK	NT
59PNF	Turdus viscivorus Linnaeus, 1758	59PNF	Turdus viscivorus Linnaeus, 1758	51	SPECIES	ACCEPTED	Animalia	N	Chordata	CH2	Aves	V2	Passeriformes	3RL	Turdidae	T4K9X	Turdus	647VS	Turdus viscivorus	59PNF	LC
5KXQR	Riparia riparia riparia (Linnaeus, 1758)	5KXQR	Riparia riparia riparia (Linnaeus, 1758)	3	SUBSPECIES	ACCEPTED	Animalia	N	Chordata	CH2	Aves	V2	Passeriformes	3RL	Hirundinidae	B3Y	Riparia	63RR4	Riparia riparia	4T4PL	
5LC6Q	Sturnus vulgaris vulgaris Linnaeus, 1758	5LC6Q	Sturnus vulgaris vulgaris Linnaeus, 1758	13	SUBSPECIES	ACCEPTED	Animalia	N	Chordata	CH2	Aves	V2	Passeriformes	3RL	Sturnidae	GRP	Sturnus	7PLY	Sturnus vulgaris	5384V	
5XX6Q	Chlidonias hybrida (Pallas, 1811)	5XX6Q	Chlidonias hybrida (Pallas, 1811)	6	SPECIES	ACCEPTED	Animalia	N	Chordata	CH2	Aves	V2	Charadriiformes	X3	Laridae	BSK	Chlidonias	62M8H	Chlidonias hybrida	5XX6Q	LC
67KF5	Anthus richardi Vieillot, 1818	67KF5	Anthus richardi Vieillot, 1818	3	SPECIES	ACCEPTED	Animalia	N	Chordata	CH2	Aves	V2	Passeriformes	3RL	Motacillidae	CYC	Anthus	XJ7	Anthus richardi	67KF5	LC
7KQMR	Regulus regulus regulus (Linnaeus, 1758)	7KQMR	Regulus regulus regulus (Linnaeus, 1758)	9	SUBSPECIES	ACCEPTED	Animalia	N	Chordata	CH2	Aves	V2	Passeriformes	3RL	Regulidae	FL3	Regulus	77JH	Regulus regulus	78SHD	
5Y972	Chlidonias niger (Linnaeus, 1758)	5Y972	Chlidonias niger (Linnaeus, 1758)	7	SPECIES	ACCEPTED	Animalia	N	Chordata	CH2	Aves	V2	Charadriiformes	X3	Laridae	BSK	Chlidonias	62M8H	Chlidonias niger	5Y972	LC
3FFP6	Gavia immer (Brünnich, 1764)	3FFP6	Gavia immer (Brünnich, 1764)	16	SPECIES	ACCEPTED	Animalia	N	Chordata	CH2	Aves	V2	Gaviiformes	396	Gaviidae	6247R	Gavia	4MHK	Gavia immer	3FFP6	LC
VG83	Circus macrourus (S. G. Gmelin, 1770)	VG83	Circus macrourus (S. G. Gmelin, 1770)	5	SPECIES	ACCEPTED	Animalia	N	Chordata	CH2	Aves	V2	Accipitriformes	MB	Accipitridae	5W6	Circus	3Q54	Circus macrourus	VG83	NT
9L45	Acrocephalus agricola (Jerdon, 1845)	9L45	Acrocephalus agricola (Jerdon, 1845)	1	SPECIES	ACCEPTED	Animalia	N	Chordata	CH2	Aves	V2	Passeriformes	3RL	Acrocephalidae	5YC	Acrocephalus	NC3	Acrocephalus agricola	9L45	LC
5GZFT	Dryocopus martius martius (Linnaeus, 1758)	5GZFT	Dryocopus martius martius (Linnaeus, 1758)	7	SUBSPECIES	ACCEPTED	Animalia	N	Chordata	CH2	Aves	V2	Piciformes	3TR	Picidae	625L8	Dryocopus	48HQ	Dryocopus martius	37VCZ	
7JDVX	Athene noctua vidalii A. E. Brehm, 1857	7JDVX	Athene noctua vidalii A. E. Brehm, 1857	9	SUBSPECIES	ACCEPTED	Animalia	N	Chordata	CH2	Aves	V2	Strigiformes	466	Strigidae	GQX	Athene	34YQ	Athene noctua	687BR	
5H366	Elanus caeruleus caeruleus (Desfontaines, 1789)	5H366	Elanus caeruleus caeruleus (Desfontaines, 1789)	2	SUBSPECIES	ACCEPTED	Animalia	N	Chordata	CH2	Aves	V2	Accipitriformes	MB	Accipitridae	5W6	Elanus	6332H	Elanus caeruleus	38YJ7	
5JN2P	Mergus merganser merganser Linnaeus, 1758	5JN2P	Mergus merganser merganser Linnaeus, 1758	2	SUBSPECIES	ACCEPTED	Animalia	N	Chordata	CH2	Aves	V2	Anseriformes	PQ	Anatidae	9H6K5	Mergus	5P8Q	Mergus merganser	3ZTRN	
3SBQ4	Larus delawarensis Ord, 1815	3SBQ4	Larus delawarensis Ord, 1815	6	SPECIES	ACCEPTED	Animalia	N	Chordata	CH2	Aves	V2	Charadriiformes	X3	Laridae	BSK	Larus	62XFH	Larus delawarensis	3SBQ4	LC
34Q36	Dendrocygna viduata (Linnaeus, 1766)	34Q36	Dendrocygna viduata (Linnaeus, 1766)	1	SPECIES	ACCEPTED	Animalia	N	Chordata	CH2	Aves	V2	Anseriformes	PQ	Anatidae	9H6K5	Dendrocygna	42Z7	Dendrocygna viduata	34Q36	LC
4BMPH	Oxyura jamaicensis (J. F. Gmelin, 1789)	4BMPH	Oxyura jamaicensis (J. F. Gmelin, 1789)	3	SPECIES	ACCEPTED	Animalia	N	Chordata	CH2	Aves	V2	Anseriformes	PQ	Anatidae	9H6K5	Oxyura	6BJS	Oxyura jamaicensis	4BMPH	
4K62L	Plegadis falcinellus (Linnaeus, 1766)	4K62L	Plegadis falcinellus (Linnaeus, 1766)	5	SPECIES	ACCEPTED	Animalia	N	Chordata	CH2	Aves	V2	Pelecaniformes	3RZ	Threskiornithidae	H89	Plegadis	6SDS	Plegadis falcinellus	4K62L	LC
6Q4RB	Leucophaeus pipixcan (Wagler, 1831)	6Q4RB	Leucophaeus pipixcan (Wagler, 1831)	2	SPECIES	ACCEPTED	Animalia	N	Chordata	CH2	Aves	V2	Charadriiformes	X3	Laridae	BSK	Leucophaeus	9H84Y	Leucophaeus pipixcan	6Q4RB	LC
44B89	Monticola solitarius (Linnaeus, 1758)	44B89	Monticola solitarius (Linnaeus, 1758)	1	SPECIES	ACCEPTED	Animalia	N	Chordata	CH2	Aves	V2	Passeriformes	3RL	Muscicapidae	CZN	Monticola	63CZN	Monticola solitarius	44B89	LC
6VFNW	Phylloscopus bonelli (Vieillot, 1819)	6VFNW	Phylloscopus bonelli (Vieillot, 1819)	1	SPECIES	ACCEPTED	Animalia	N	Chordata	CH2	Aves	V2	Passeriformes	3RL	Phylloscopidae	625K5	Phylloscopus	6PRN	Phylloscopus bonelli	6VFNW	LC
5K5GW	Pandion haliaetus haliaetus (Linnaeus, 1758)	5K5GW	Pandion haliaetus haliaetus (Linnaeus, 1758)	1	SUBSPECIES	ACCEPTED	Animalia	N	Chordata	CH2	Aves	V2	Accipitriformes	MB	Pandionidae	DWJ	Pandion	6D6F	Pandion haliaetus	4CBTY	
7JXBP	Jynx torquilla torquilla Linnaeus, 1758	7JXBP	Jynx torquilla torquilla Linnaeus, 1758	1	SUBSPECIES	ACCEPTED	Animalia	N	Chordata	CH2	Aves	V2	Piciformes	3TR	Picidae	625L8	Jynx	5737	Jynx torquilla	3QXQR	
3WFWC	Luscinia svecica (Linnaeus, 1758)	3WFWC	Luscinia svecica (Linnaeus, 1758)	90	SPECIES	ACCEPTED	Animalia	N	Chordata	CH2	Aves	V2	Passeriformes	3RL	Muscicapidae	CZN	Luscinia	5HCK	Luscinia svecica	3WFWC	LC
FZD9	Apus apus (Linnaeus, 1758)	FZD9	Apus apus (Linnaeus, 1758)	273	SPECIES	ACCEPTED	Animalia	N	Chordata	CH2	Aves	V2	Apodiformes	Q9	Apodidae	6L5	Apus	ZFN	Apus apus	FZD9	LC
4N8CC	Prunella modularis (Linnaeus, 1758)	4N8CC	Prunella modularis (Linnaeus, 1758)	596	SPECIES	ACCEPTED	Animalia	N	Chordata	CH2	Aves	V2	Passeriformes	3RL	Prunellidae	F6N	Prunella	6Y6B	Prunella modularis	4N8CC	LC
3SBPN	Larus argentatus Pontoppidan, 1763	3SBPN	Larus argentatus Pontoppidan, 1763	899	SPECIES	ACCEPTED	Animalia	N	Chordata	CH2	Aves	V2	Charadriiformes	X3	Laridae	BSK	Larus	62XFH	Larus argentatus	3SBPN	LC
6ZXPP	Streptopelia decaocto (Frivaldszky, 1838)	6ZXPP	Streptopelia decaocto (Frivaldszky, 1838)	563	SPECIES	ACCEPTED	Animalia	N	Chordata	CH2	Aves	V2	Columbiformes	Z8	Columbidae	8GD	Streptopelia	7P7J	Streptopelia decaocto	6ZXPP	LC
X733	Coloeus monedula (Linnaeus, 1758)	X733	Coloeus monedula (Linnaeus, 1758)	1038	SPECIES	ACCEPTED	Animalia	N	Chordata	CH2	Aves	V2	Passeriformes	3RL	Corvidae	8L6	Coloeus	3SGM	Coloeus monedula	X733	LC
4N8B4	Prunella collaris (Scopoli, 1769)	4N8B4	Prunella collaris (Scopoli, 1769)	2	SPECIES	ACCEPTED	Animalia	N	Chordata	CH2	Aves	V2	Passeriformes	3RL	Prunellidae	F6N	Prunella	6Y6B	Prunella collaris	4N8B4	LC
6Y2RF	Saxicola rubicola (Linnaeus, 1766)	6Y2RF	Saxicola rubicola (Linnaeus, 1766)	470	SPECIES	ACCEPTED	Animalia	N	Chordata	CH2	Aves	V2	Passeriformes	3RL	Muscicapidae	CZN	Saxicola	7CV9	Saxicola rubicola	6Y2RF	
KTDZ2	Phalacrocorax carbo sinensis (Staunton, 1796)	KTDZ2	Phalacrocorax carbo sinensis (Staunton, 1796)	27	SUBSPECIES	ACCEPTED	Animalia	N	Chordata	CH2	Aves	V2	Suliformes	46J	Phalacrocoracidae	62694	Phalacrocorax	6MN5	Phalacrocorax carbo	4FQQC	
58VJB	Tringa nebularia (Gunnerus, 1767)	58VJB	Tringa nebularia (Gunnerus, 1767)	58	SPECIES	ACCEPTED	Animalia	N	Chordata	CH2	Aves	V2	Charadriiformes	X3	Scolopacidae	G4X	Tringa	8288	Tringa nebularia	58VJB	LC
4FWMN	Phasianus colchicus Linnaeus, 1758	4FWMN	Phasianus colchicus Linnaeus, 1758	482	SPECIES	ACCEPTED	Animalia	N	Chordata	CH2	Aves	V2	Galliformes	38Z	Phasianidae	625WG	Phasianus	6MY8	Phasianus colchicus	4FWMN	LC
WLXJ	Coccothraustes coccothraustes (Linnaeus, 1758)	WLXJ	Coccothraustes coccothraustes (Linnaeus, 1758)	87	SPECIES	ACCEPTED	Animalia	N	Chordata	CH2	Aves	V2	Passeriformes	3RL	Fringillidae	6244D	Coccothraustes	3RMR	Coccothraustes coccothraustes	WLXJ	LC
9L78	Acrocephalus palustris (Bechstein, 1798)	9L78	Acrocephalus palustris (Bechstein, 1798)	44	SPECIES	ACCEPTED	Animalia	N	Chordata	CH2	Aves	V2	Passeriformes	3RL	Acrocephalidae	5YC	Acrocephalus	NC3	Acrocephalus palustris	9L78	LC
CPZZL	Ardea ibis Linnaeus, 1758	CPZZL	Ardea ibis Linnaeus, 1758	83	SPECIES	ACCEPTED	Animalia	N	Chordata	CH2	Aves	V2	Pelecaniformes	3RZ	Ardeidae	6PB	Ardea	32FH	Ardea ibis	CPZZL	LC
5YTSK	Ciconia nigra (Linnaeus, 1758)	5YTSK	Ciconia nigra (Linnaeus, 1758)	54	SPECIES	ACCEPTED	Animalia	N	Chordata	CH2	Aves	V2	Ciconiiformes	Y9	Ciconiidae	88T	Ciconia	62LBC	Ciconia nigra	5YTSK	LC
5FL58	Anas platyrhynchos platyrhynchos Linnaeus, 1758	5FL58	Anas platyrhynchos platyrhynchos Linnaeus, 1758	35	SUBSPECIES	ACCEPTED	Animalia	N	Chordata	CH2	Aves	V2	Anseriformes	PQ	Anatidae	9H6K5	Anas	V8R	Anas platyrhynchos	DGP6	
5KJM7	Podiceps cristatus cristatus (Linnaeus, 1758)	5KJM7	Podiceps cristatus cristatus (Linnaeus, 1758)	20	SUBSPECIES	ACCEPTED	Animalia	N	Chordata	CH2	Aves	V2	Podicipediformes	3V6	Podicipedidae	627FZ	Podiceps	6TBH	Podiceps cristatus	782YB	
5W66M	Asio flammeus (Pontoppidan, 1763)	5W66M	Asio flammeus (Pontoppidan, 1763)	33	SPECIES	ACCEPTED	Animalia	N	Chordata	CH2	Aves	V2	Strigiformes	466	Strigidae	GQX	Asio	33VY	Asio flammeus	5W66M	LC
3W8WP	Loxia curvirostra Linnaeus, 1758	3W8WP	Loxia curvirostra Linnaeus, 1758	15	SPECIES	ACCEPTED	Animalia	N	Chordata	CH2	Aves	V2	Passeriformes	3RL	Fringillidae	6244D	Loxia	5GX7	Loxia curvirostra	3W8WP	LC
PBGT	Cairina moschata (Linnaeus, 1758)	PBGT	Cairina moschata (Linnaeus, 1758)	3	SPECIES	ACCEPTED	Animalia	N	Chordata	CH2	Aves	V2	Anseriformes	PQ	Anatidae	9H6K5	Cairina	62J47	Cairina moschata	PBGT	LC
NYVC	Buteo lagopus (Pontoppidan, 1763)	NYVC	Buteo lagopus (Pontoppidan, 1763)	3	SPECIES	ACCEPTED	Animalia	N	Chordata	CH2	Aves	V2	Accipitriformes	MB	Accipitridae	5W6	Buteo	62HVC	Buteo lagopus	NYVC	LC
7K5BK	Falco subbuteo subbuteo Linnaeus, 1758	7K5BK	Falco subbuteo subbuteo Linnaeus, 1758	2	SUBSPECIES	ACCEPTED	Animalia	N	Chordata	CH2	Aves	V2	Falconiformes	386	Falconidae	623R8	Falco	62SZ6	Falco subbuteo	6HNPP	
39FSR	Emberiza calandra Linnaeus, 1758	39FSR	Emberiza calandra Linnaeus, 1758	6	SPECIES	ACCEPTED	Animalia	N	Chordata	CH2	Aves	V2	Passeriformes	3RL	Emberizidae	9N5	Emberiza	4B69	Emberiza calandra	39FSR	LC
4RRFV	Remiz pendulinus (Linnaeus, 1758)	4RRFV	Remiz pendulinus (Linnaeus, 1758)	19	SPECIES	ACCEPTED	Animalia	N	Chordata	CH2	Aves	V2	Passeriformes	3RL	Remizidae	FL9	Remiz	77NZ	Remiz pendulinus	4RRFV	LC
4SJLX	Rhodostethia rosea (W. MacGillivray, 1824)	4SJLX	Rhodostethia rosea (W. MacGillivray, 1824)	8	SPECIES	ACCEPTED	Animalia	N	Chordata	CH2	Aves	V2	Charadriiformes	X3	Laridae	BSK	Rhodostethia	798K	Rhodostethia rosea	4SJLX	LC
5K8L3	Parus major major Linnaeus, 1758	5K8L3	Parus major major Linnaeus, 1758	15	SUBSPECIES	ACCEPTED	Animalia	N	Chordata	CH2	Aves	V2	Passeriformes	3RL	Paridae	626B2	Parus	6J9Z	Parus major	75SVV	
7KBDN	Milvus migrans migrans (Boddaert, 1783)	7KBDN	Milvus migrans migrans (Boddaert, 1783)	4	SUBSPECIES	ACCEPTED	Animalia	N	Chordata	CH2	Aves	V2	Accipitriformes	MB	Accipitridae	5W6	Milvus	5SVR	Milvus migrans	43DZH	
6SCXZ	Numida meleagris (Linnaeus, 1758)	6SCXZ	Numida meleagris (Linnaeus, 1758)	1	SPECIES	ACCEPTED	Animalia	N	Chordata	CH2	Aves	V2	Galliformes	38Z	Numididae	DFV	Numida	9JLLF	Numida meleagris	6SCXZ	LC
5LMRJ	Troglodytes troglodytes troglodytes (Linnaeus, 1758)	5LMRJ	Troglodytes troglodytes troglodytes (Linnaeus, 1758)	9	SUBSPECIES	ACCEPTED	Animalia	N	Chordata	CH2	Aves	V2	Passeriformes	3RL	Troglodytidae	626S2	Troglodytes	647TW	Troglodytes troglodytes	598TT	
5JRSD	Motacilla flava flava Linnaeus, 1758	5JRSD	Motacilla flava flava Linnaeus, 1758	11	SUBSPECIES	ACCEPTED	Animalia	N	Chordata	CH2	Aves	V2	Passeriformes	3RL	Motacillidae	CYC	Motacilla	63CMY	Motacilla flava	44G9F	
3SBQC	Larus glaucoides B. Meyer, 1822	3SBQC	Larus glaucoides B. Meyer, 1822	6	SPECIES	ACCEPTED	Animalia	N	Chordata	CH2	Aves	V2	Charadriiformes	X3	Laridae	BSK	Larus	62XFH	Larus glaucoides	3SBQC	LC
66XWS	Anser caerulescens (Linnaeus, 1758)	66XWS	Anser caerulescens (Linnaeus, 1758)	3	SPECIES	ACCEPTED	Animalia	N	Chordata	CH2	Aves	V2	Anseriformes	PQ	Anatidae	9H6K5	Anser	X5D	Anser caerulescens	66XWS	LC
32ZQ6	Cygnus columbianus (Ord, 1815)	32ZQ6	Cygnus columbianus (Ord, 1815)	5	SPECIES	ACCEPTED	Animalia	N	Chordata	CH2	Aves	V2	Anseriformes	PQ	Anatidae	9H6K5	Cygnus	9H7JC	Cygnus columbianus	32ZQ6	LC
CVW3D	Astur gentilis gentilis (Linnaeus, 1758)	CVW3D	Astur gentilis gentilis (Linnaeus, 1758)	3	SUBSPECIES	ACCEPTED	Animalia	N	Chordata	CH2	Aves	V2	Accipitriformes	MB	Accipitridae	5W6	Astur	CTQ6H	Astur gentilis	CVW3C	
PK47	Calidris ferruginea (Pontoppidan, 1763)	PK47	Calidris ferruginea (Pontoppidan, 1763)	5	SPECIES	ACCEPTED	Animalia	N	Chordata	CH2	Aves	V2	Charadriiformes	X3	Scolopacidae	G4X	Calidris	3F8J	Calidris ferruginea	PK47	VU
7KSS2	Sterna hirundo hirundo Linnaeus, 1758	7KSS2	Sterna hirundo hirundo Linnaeus, 1758	2	SUBSPECIES	ACCEPTED	Animalia	N	Chordata	CH2	Aves	V2	Charadriiformes	X3	Laridae	BSK	Sterna	7N8Q	Sterna hirundo	6ZSCT	
7JLTN	Chloris chloris chloris (Linnaeus, 1758)	7JLTN	Chloris chloris chloris (Linnaeus, 1758)	5	SUBSPECIES	ACCEPTED	Animalia	N	Chordata	CH2	Aves	V2	Passeriformes	3RL	Fringillidae	6244D	Chloris	62LWM	Chloris chloris	5XWQ6	
4GKQ2	Phoenicopterus chilensis Molina, 1782	4GKQ2	Phoenicopterus chilensis Molina, 1782	1	SPECIES	ACCEPTED	Animalia	N	Chordata	CH2	Aves	V2	Phoenicopteriformes	3T8	Phoenicopteridae	6269M	Phoenicopterus	6NVS	Phoenicopterus chilensis	4GKQ2	NT
5G23D	Branta bernicla hrota (O. F. Müller, 1776)	5G23D	Branta bernicla hrota (O. F. Müller, 1776)	2	SUBSPECIES	ACCEPTED	Animalia	N	Chordata	CH2	Aves	V2	Anseriformes	PQ	Anatidae	9H6K5	Branta	62H39	Branta bernicla	N749	
NKTJ	Bubo scandiacus (Linnaeus, 1758)	NKTJ	Bubo scandiacus (Linnaeus, 1758)	1	SPECIES	ACCEPTED	Animalia	N	Chordata	CH2	Aves	V2	Strigiformes	466	Strigidae	GQX	Bubo	3DQQ	Bubo scandiacus	NKTJ	VU
67KDD	Anthus godlewskii (Taczanowski, 1876)	67KDD	Anthus godlewskii (Taczanowski, 1876)	1	SPECIES	ACCEPTED	Animalia	N	Chordata	CH2	Aves	V2	Passeriformes	3RL	Motacillidae	CYC	Anthus	XJ7	Anthus godlewskii	67KDD	LC
6244D	Fringillidae Leach, 1820	6244D	Fringillidae Leach, 1820	1	FAMILY	ACCEPTED	Animalia	N	Chordata	CH2	Aves	V2	Passeriformes	3RL	Fringillidae	6244D					
5JDC2	Limosa limosa limosa (Linnaeus, 1758)	5JDC2	Limosa limosa limosa (Linnaeus, 1758)	1	SUBSPECIES	ACCEPTED	Animalia	N	Chordata	CH2	Aves	V2	Charadriiformes	X3	Scolopacidae	G4X	Limosa	62YMT	Limosa limosa	72FCR	
PVJX	Callonetta leucophrys (Vieillot, 1816)	PVJX	Callonetta leucophrys (Vieillot, 1816)	3	SPECIES	ACCEPTED	Animalia	N	Chordata	CH2	Aves	V2	Anseriformes	PQ	Anatidae	9H6K5	Callonetta	3FNY	Callonetta leucophrys	PVJX	LC
5GGW4	Cisticola juncidis cisticola (Temminck, 1820)	5GGW4	Cisticola juncidis cisticola (Temminck, 1820)	1	SUBSPECIES	ACCEPTED	Animalia	N	Chordata	CH2	Aves	V2	Passeriformes	3RL	Cisticolidae	89S	Cisticola	3Q97	Cisticola juncidis	5Z8F6	
9HJGV	Mareca strepera (Linnaeus, 1758)	9HJGV	Mareca strepera (Linnaeus, 1758)	703	SPECIES	ACCEPTED	Animalia	N	Chordata	CH2	Aves	V2	Anseriformes	PQ	Anatidae	9H6K5	Mareca	9HGXM	Mareca strepera	9HJGV	LC
59ZVQ	Tyto alba (Scopoli, 1769)	59ZVQ	Tyto alba (Scopoli, 1769)	28	SPECIES	ACCEPTED	Animalia	N	Chordata	CH2	Aves	V2	Strigiformes	466	Tytonidae	HMY	Tyto	6488W	Tyto alba	59ZVQ	LC
54C7M	Tachybaptus ruficollis (Pallas, 1764)	54C7M	Tachybaptus ruficollis (Pallas, 1764)	339	SPECIES	ACCEPTED	Animalia	N	Chordata	CH2	Aves	V2	Podicipediformes	3V6	Podicipedidae	627FZ	Tachybaptus	7RSK	Tachybaptus ruficollis	54C7M	LC
VG7Z	Circus cyaneus (Linnaeus, 1766)	VG7Z	Circus cyaneus (Linnaeus, 1766)	108	SPECIES	ACCEPTED	Animalia	N	Chordata	CH2	Aves	V2	Accipitriformes	MB	Accipitridae	5W6	Circus	3Q54	Circus cyaneus	VG7Z	LC
4RPW7	Regulus ignicapilla (Temminck, 1820)	4RPW7	Regulus ignicapilla (Temminck, 1820)	102	SPECIES	ACCEPTED	Animalia	N	Chordata	CH2	Aves	V2	Passeriformes	3RL	Regulidae	FL3	Regulus	77JH	Regulus ignicapilla	4RPW7	LC
6JYHZ	Garrulus glandarius (Linnaeus, 1758)	6JYHZ	Garrulus glandarius (Linnaeus, 1758)	675	SPECIES	ACCEPTED	Animalia	N	Chordata	CH2	Aves	V2	Passeriformes	3RL	Corvidae	8L6	Garrulus	4M9W	Garrulus glandarius	6JYHZ	LC
GCHS	Ardea cinerea Linnaeus, 1758	GCHS	Ardea cinerea Linnaeus, 1758	1882	SPECIES	ACCEPTED	Animalia	N	Chordata	CH2	Aves	V2	Pelecaniformes	3RZ	Ardeidae	6PB	Ardea	32FH	Ardea cinerea	GCHS	LC
39FSZ	Emberiza citrinella Linnaeus, 1758	39FSZ	Emberiza citrinella Linnaeus, 1758	107	SPECIES	ACCEPTED	Animalia	N	Chordata	CH2	Aves	V2	Passeriformes	3RL	Emberizidae	9N5	Emberiza	4B69	Emberiza citrinella	39FSZ	LC
4JMRD	Platalea leucorodia Linnaeus, 1758	4JMRD	Platalea leucorodia Linnaeus, 1758	217	SPECIES	ACCEPTED	Animalia	N	Chordata	CH2	Aves	V2	Pelecaniformes	3RZ	Threskiornithidae	H89	Platalea	6RKC	Platalea leucorodia	4JMRD	LC
64QTG	Actitis hypoleucos (Linnaeus, 1758)	64QTG	Actitis hypoleucos (Linnaeus, 1758)	161	SPECIES	ACCEPTED	Animalia	N	Chordata	CH2	Aves	V2	Charadriiformes	X3	Scolopacidae	G4X	Actitis	NT5	Actitis hypoleucos	64QTG	LC
4QW2H	Pyrrhula pyrrhula (Linnaeus, 1758)	4QW2H	Pyrrhula pyrrhula (Linnaeus, 1758)	77	SPECIES	ACCEPTED	Animalia	N	Chordata	CH2	Aves	V2	Passeriformes	3RL	Fringillidae	6244D	Pyrrhula	767K	Pyrrhula pyrrhula	4QW2H	LC
5TV4F	Aix galericulata (Linnaeus, 1758)	5TV4F	Aix galericulata (Linnaeus, 1758)	169	SPECIES	ACCEPTED	Animalia	N	Chordata	CH2	Aves	V2	Anseriformes	PQ	Anatidae	9H6K5	Aix	R89	Aix galericulata	5TV4F	LC
3HFDF	Grus grus (Linnaeus, 1758)	3HFDF	Grus grus (Linnaeus, 1758)	83	SPECIES	ACCEPTED	Animalia	N	Chordata	CH2	Aves	V2	Gruiformes	6223K	Gruidae	625DG	Grus	4R94	Grus grus	3HFDF	LC
6QLK4	Locustella naevia (Boddaert, 1783)	6QLK4	Locustella naevia (Boddaert, 1783)	13	SPECIES	ACCEPTED	Animalia	N	Chordata	CH2	Aves	V2	Passeriformes	3RL	Locustellidae	C5V	Locustella	5G59	Locustella naevia	6QLK4	LC
3S7BJ	Lanius collurio Linnaeus, 1758	3S7BJ	Lanius collurio Linnaeus, 1758	103	SPECIES	ACCEPTED	Animalia	N	Chordata	CH2	Aves	V2	Passeriformes	3RL	Laniidae	BS2	Lanius	62XLP	Lanius collurio	3S7BJ	LC
54GHT	Tadorna ferruginea (Pallas, 1764)	54GHT	Tadorna ferruginea (Pallas, 1764)	32	SPECIES	ACCEPTED	Animalia	N	Chordata	CH2	Aves	V2	Anseriformes	PQ	Anatidae	9H6K5	Tadorna	645G2	Tadorna ferruginea	54GHT	LC
6V58Q	Perdix perdix (Linnaeus, 1758)	6V58Q	Perdix perdix (Linnaeus, 1758)	69	SPECIES	ACCEPTED	Animalia	N	Chordata	CH2	Aves	V2	Galliformes	38Z	Phasianidae	625WG	Perdix	63L8J	Perdix perdix	6V58Q	LC
7JPYJ	Dendrocopos major pinetorum (C. L. Brehm, 1831)	7JPYJ	Dendrocopos major pinetorum (C. L. Brehm, 1831)	6	SUBSPECIES	ACCEPTED	Animalia	N	Chordata	CH2	Aves	V2	Piciformes	3TR	Picidae	625L8	Dendrocopos	42YV	Dendrocopos major	6CJDB	
3G64C	Glaucidium passerinum (Linnaeus, 1758)	3G64C	Glaucidium passerinum (Linnaeus, 1758)	8	SPECIES	ACCEPTED	Animalia	N	Chordata	CH2	Aves	V2	Strigiformes	466	Strigidae	GQX	Glaucidium	4NTQ	Glaucidium passerinum	3G64C	LC
483T6	Numenius phaeopus (Linnaeus, 1758)	483T6	Numenius phaeopus (Linnaeus, 1758)	41	SPECIES	ACCEPTED	Animalia	N	Chordata	CH2	Aves	V2	Charadriiformes	X3	Scolopacidae	G4X	Numenius	65VC	Numenius phaeopus	483T6	LC
5V9X5	Anser indicus (Latham, 1790)	5V9X5	Anser indicus (Latham, 1790)	54	SPECIES	ACCEPTED	Animalia	N	Chordata	CH2	Aves	V2	Anseriformes	PQ	Anatidae	9H6K5	Anser	X5D	Anser indicus	5V9X5	LC
5GMD7	Corvus corone corone Linnaeus, 1758	5GMD7	Corvus corone corone Linnaeus, 1758	34	SUBSPECIES	ACCEPTED	Animalia	N	Chordata	CH2	Aves	V2	Passeriformes	3RL	Corvidae	8L6	Corvus	62LZ4	Corvus corone	YNHJ	
695XN	Calidris maritima (Brünnich, 1764)	695XN	Calidris maritima (Brünnich, 1764)	32	SPECIES	ACCEPTED	Animalia	N	Chordata	CH2	Aves	V2	Charadriiformes	X3	Scolopacidae	G4X	Calidris	3F8J	Calidris maritima	695XN	LC
5FN3Q	Anser anser anser (Linnaeus, 1758)	5FN3Q	Anser anser anser (Linnaeus, 1758)	9	SUBSPECIES	ACCEPTED	Animalia	N	Chordata	CH2	Aves	V2	Anseriformes	PQ	Anatidae	9H6K5	Anser	X5D	Anser anser	679X7	
52D8N	Stercorarius parasiticus (Linnaeus, 1758)	52D8N	Stercorarius parasiticus (Linnaeus, 1758)	3	SPECIES	ACCEPTED	Animalia	N	Chordata	CH2	Aves	V2	Charadriiformes	X3	Stercorariidae	GNX	Stercorarius	7N5S	Stercorarius parasiticus	52D8N	LC
6MJWG	Hydrocoloeus minutus (Pallas, 1776)	6MJWG	Hydrocoloeus minutus (Pallas, 1776)	12	SPECIES	ACCEPTED	Animalia	N	Chordata	CH2	Aves	V2	Charadriiformes	X3	Laridae	BSK	Hydrocoloeus	4ZRN	Hydrocoloeus minutus	6MJWG	LC
3HXNC	Gyps fulvus (Hablizl, 1783)	3HXNC	Gyps fulvus (Hablizl, 1783)	8	SPECIES	ACCEPTED	Animalia	N	Chordata	CH2	Aves	V2	Accipitriformes	MB	Accipitridae	5W6	Gyps	4S2Z	Gyps fulvus	3HXNC	LC
5JFKB	Lullula arborea arborea (Linnaeus, 1758)	5JFKB	Lullula arborea arborea (Linnaeus, 1758)	3	SUBSPECIES	ACCEPTED	Animalia	N	Chordata	CH2	Aves	V2	Passeriformes	3RL	Alaudidae	667	Lullula	5H93	Lullula arborea	732CT	
ZFFP	Crex crex (Linnaeus, 1758)	ZFFP	Crex crex (Linnaeus, 1758)	1	SPECIES	ACCEPTED	Animalia	N	Chordata	CH2	Aves	V2	Gruiformes	6223K	Rallidae	FJ9	Crex	3VRZ	Crex crex	ZFFP	LC
7DS6Y	Uria aalge (Pontoppidan, 1763)	7DS6Y	Uria aalge (Pontoppidan, 1763)	6	SPECIES	ACCEPTED	Animalia	N	Chordata	CH2	Aves	V2	Charadriiformes	X3	Alcidae	66H	Uria	855Y	Uria aalge	7DS6Y	LC
VCDN2	Daptrius chimachima (Vieillot, 1816)	43DZ8	Milvago chimachima (Vieillot, 1816)	2	SPECIES	SYNONYM	Animalia	N	Chordata	CH2	Aves	V2	Falconiformes	386	Falconidae	623R8	Milvago	5SVN	Milvago chimachima	43DZ8	
67QDC	Apus pallidus (Shelley, 1870)	67QDC	Apus pallidus (Shelley, 1870)	1	SPECIES	ACCEPTED	Animalia	N	Chordata	CH2	Aves	V2	Apodiformes	Q9	Apodidae	6L5	Apus	ZFN	Apus pallidus	67QDC	LC
6GFXQ	Eremophila alpestris (Linnaeus, 1758)	6GFXQ	Eremophila alpestris (Linnaeus, 1758)	1	SPECIES	ACCEPTED	Animalia	N	Chordata	CH2	Aves	V2	Passeriformes	3RL	Alaudidae	667	Eremophila	633Z3	Eremophila alpestris	6GFXQ	LC
6VFMM	Phylloscopus humei (W. E. Brooks, 1878)	6VFMM	Phylloscopus humei (W. E. Brooks, 1878)	1	SPECIES	ACCEPTED	Animalia	N	Chordata	CH2	Aves	V2	Passeriformes	3RL	Phylloscopidae	625K5	Phylloscopus	6PRN	Phylloscopus humei	6VFMM	LC
5HBR8	Falco columbarius aesalon Tunstall, 1771	5HBR8	Falco columbarius aesalon Tunstall, 1771	2	SUBSPECIES	ACCEPTED	Animalia	N	Chordata	CH2	Aves	V2	Falconiformes	386	Falconidae	623R8	Falco	62SZ6	Falco columbarius	3DTFW	
7KG4M	Nycticorax nycticorax nycticorax (Linnaeus, 1758)	7KG4M	Nycticorax nycticorax nycticorax (Linnaeus, 1758)	1	SUBSPECIES	ACCEPTED	Animalia	N	Chordata	CH2	Aves	V2	Pelecaniformes	3RZ	Ardeidae	6PB	Nycticorax	65ZQ	Nycticorax nycticorax	485KR	
7CYVX	Turdus merula Linnaeus, 1758	7CYVX	Turdus merula Linnaeus, 1758	1335	SPECIES	ACCEPTED	Animalia	N	Chordata	CH2	Aves	V2	Passeriformes	3RL	Turdidae	T4K9X	Turdus	647VS	Turdus merula	7CYVX	LC
PK42	Calidris alpina (Linnaeus, 1758)	PK42	Calidris alpina (Linnaeus, 1758)	61	SPECIES	ACCEPTED	Animalia	N	Chordata	CH2	Aves	V2	Charadriiformes	X3	Scolopacidae	G4X	Calidris	3F8J	Calidris alpina	PK42	NT
53N3M	Sylvia borin (Boddaert, 1783)	53N3M	Sylvia borin (Boddaert, 1783)	46	SPECIES	ACCEPTED	Animalia	N	Chordata	CH2	Aves	V2	Passeriformes	3RL	Sylviidae	626LT	Sylvia	7QQP	Sylvia borin	53N3M	LC
32ZQB	Cygnus olor (J. F. Gmelin, 1789)	32ZQB	Cygnus olor (J. F. Gmelin, 1789)	1132	SPECIES	ACCEPTED	Animalia	N	Chordata	CH2	Aves	V2	Anseriformes	PQ	Anatidae	9H6K5	Cygnus	9H7JC	Cygnus olor	32ZQB	LC
XBGG	Columba palumbus Linnaeus, 1758	XBGG	Columba palumbus Linnaeus, 1758	1762	SPECIES	ACCEPTED	Animalia	N	Chordata	CH2	Aves	V2	Columbiformes	Z8	Columbidae	8GD	Columba	3SMP	Columba palumbus	XBGG	LC
66Y8S	Anser cygnoides (Linnaeus, 1758)	66Y8S	Anser cygnoides (Linnaeus, 1758)	8	SPECIES	ACCEPTED	Animalia	N	Chordata	CH2	Aves	V2	Anseriformes	PQ	Anatidae	9H6K5	Anser	X5D	Anser cygnoides	66Y8S	EN
64WQQ	Aegithalos caudatus (Linnaeus, 1758)	64WQQ	Aegithalos caudatus (Linnaeus, 1758)	628	SPECIES	ACCEPTED	Animalia	N	Chordata	CH2	Aves	V2	Passeriformes	3RL	Aegithalidae	63D	Aegithalos	629KV	Aegithalos caudatus	64WQQ	LC
43DZH	Milvus migrans (Boddaert, 1783)	43DZH	Milvus migrans (Boddaert, 1783)	30	SPECIES	ACCEPTED	Animalia	N	Chordata	CH2	Aves	V2	Accipitriformes	MB	Accipitridae	5W6	Milvus	5SVR	Milvus migrans	43DZH	LC
TZL9F	Thinornis dubius (Scopoli, 1786)	5XPL5	Charadrius dubius Scopoli, 1786	61	SPECIES	SYNONYM	Animalia	N	Chordata	CH2	Aves	V2	Charadriiformes	X3	Charadriidae	824	Charadrius	3M7T	Charadrius dubius	5XPL5	
T77T	Cettia cetti (Temminck, 1820)	T77T	Cettia cetti (Temminck, 1820)	77	SPECIES	ACCEPTED	Animalia	N	Chordata	CH2	Aves	V2	Passeriformes	3RL	Cettiidae	7Y5	Cettia	3LDD	Cettia cetti	T77T	LC
9HJGS	Mareca penelope (Linnaeus, 1758)	9HJGS	Mareca penelope (Linnaeus, 1758)	244	SPECIES	ACCEPTED	Animalia	N	Chordata	CH2	Aves	V2	Anseriformes	PQ	Anatidae	9H6K5	Mareca	9HGXM	Mareca penelope	9HJGS	LC
6HWGP	Ficedula hypoleuca (Pallas, 1764)	6HWGP	Ficedula hypoleuca (Pallas, 1764)	42	SPECIES	ACCEPTED	Animalia	N	Chordata	CH2	Aves	V2	Passeriformes	3RL	Muscicapidae	CZN	Ficedula	4JY9	Ficedula hypoleuca	6HWGP	LC
5VKFM	Anthus trivialis (Linnaeus, 1758)	5VKFM	Anthus trivialis (Linnaeus, 1758)	116	SPECIES	ACCEPTED	Animalia	N	Chordata	CH2	Aves	V2	Passeriformes	3RL	Motacillidae	CYC	Anthus	XJ7	Anthus trivialis	5VKFM	LC
72F75	Linaria cannabina (Linnaeus, 1758)	72F75	Linaria cannabina (Linnaeus, 1758)	178	SPECIES	ACCEPTED	Animalia	N	Chordata	CH2	Aves	V2	Passeriformes	3RL	Fringillidae	6244D	Linaria	62YPP	Linaria cannabina	72F75	LC
5FQJ9	Apus apus apus (Linnaeus, 1758)	5FQJ9	Apus apus apus (Linnaeus, 1758)	17	SUBSPECIES	ACCEPTED	Animalia	N	Chordata	CH2	Aves	V2	Apodiformes	Q9	Apodidae	6L5	Apus	ZFN	Apus apus	FZD9	
7K99L	Larus fuscus graellsii A. E. Brehm, 1857	7K99L	Larus fuscus graellsii A. E. Brehm, 1857	1	SUBSPECIES	ACCEPTED	Animalia	N	Chordata	CH2	Aves	V2	Charadriiformes	X3	Laridae	BSK	Larus	62XFH	Larus fuscus	3SBQ9	
7J6TT	Acanthis flammea cabaret (P. L. Statius Müller, 1776)	7J6TT	Acanthis flammea cabaret (P. L. Statius Müller, 1776)	9	SUBSPECIES	ACCEPTED	Animalia	N	Chordata	CH2	Aves	V2	Passeriformes	3RL	Fringillidae	6244D	Acanthis	M2J	Acanthis flammea	8TTP	
3JBJV	Haliaeetus albicilla (Linnaeus, 1758)	3JBJV	Haliaeetus albicilla (Linnaeus, 1758)	53	SPECIES	ACCEPTED	Animalia	N	Chordata	CH2	Aves	V2	Accipitriformes	MB	Accipitridae	5W6	Haliaeetus	4SPP	Haliaeetus albicilla	3JBJV	LC
6HWGB	Ficedula parva (Bechstein, 1792)	6HWGB	Ficedula parva (Bechstein, 1792)	7	SPECIES	ACCEPTED	Animalia	N	Chordata	CH2	Aves	V2	Passeriformes	3RL	Muscicapidae	CZN	Ficedula	4JY9	Ficedula parva	6HWGB	LC
4FRHR	Phalaropus fulicarius (Linnaeus, 1758)	4FRHR	Phalaropus fulicarius (Linnaeus, 1758)	7	SPECIES	ACCEPTED	Animalia	N	Chordata	CH2	Aves	V2	Charadriiformes	X3	Scolopacidae	G4X	Phalaropus	6MPL	Phalaropus fulicarius	4FRHR	LC
3QXQR	Jynx torquilla Linnaeus, 1758	3QXQR	Jynx torquilla Linnaeus, 1758	15	SPECIES	ACCEPTED	Animalia	N	Chordata	CH2	Aves	V2	Piciformes	3TR	Picidae	625L8	Jynx	5737	Jynx torquilla	3QXQR	LC
9HCHQ	Calidris pugnax (Linnaeus, 1758)	9HCHQ	Calidris pugnax (Linnaeus, 1758)	56	SPECIES	ACCEPTED	Animalia	N	Chordata	CH2	Aves	V2	Charadriiformes	X3	Scolopacidae	G4X	Calidris	3F8J	Calidris pugnax	9HCHQ	LC
CR8MD	Botaurus minutus (Linnaeus, 1766)	CR8MD	Botaurus minutus (Linnaeus, 1766)	6	SPECIES	ACCEPTED	Animalia	N	Chordata	CH2	Aves	V2	Pelecaniformes	3RZ	Ardeidae	6PB	Botaurus	3BT5	Botaurus minutus	CR8MD	LC
52G25	Sternula albifrons (Pallas, 1764)	52G25	Sternula albifrons (Pallas, 1764)	8	SPECIES	ACCEPTED	Animalia	N	Chordata	CH2	Aves	V2	Charadriiformes	X3	Laridae	BSK	Sternula	63TYM	Sternula albifrons	52G25	LC
7KLDW	Phoenicurus ochruros gibraltariensis (Gmelin, 1789)	7KLDW	Phoenicurus ochruros gibraltariensis (Gmelin, 1789)	1	SUBSPECIES	ACCEPTED	Animalia	N	Chordata	CH2	Aves	V2	Passeriformes	3RL	Muscicapidae	CZN	Phoenicurus	63MGF	Phoenicurus ochruros	4GKQX	
3SBQP	Larus michahellis J. F. Naumann, 1840	3SBQP	Larus michahellis J. F. Naumann, 1840	11	SPECIES	ACCEPTED	Animalia	N	Chordata	CH2	Aves	V2	Charadriiformes	X3	Laridae	BSK	Larus	62XFH	Larus michahellis	3SBQP	LC
6PRN	Phylloscopus F. Boie, 1826	6PRN	Phylloscopus F. Boie, 1826	3	GENUS	ACCEPTED	Animalia	N	Chordata	CH2	Aves	V2	Passeriformes	3RL	Phylloscopidae	625K5	Phylloscopus	6PRN			
77FN7	Phylloscopus proregulus (Pallas, 1811)	77FN7	Phylloscopus proregulus (Pallas, 1811)	4	SPECIES	ACCEPTED	Animalia	N	Chordata	CH2	Aves	V2	Passeriformes	3RL	Phylloscopidae	625K5	Phylloscopus	6PRN	Phylloscopus proregulus	77FN7	LC
3WSC2	Lymnocryptes minimus (Brünnich, 1764)	3WSC2	Lymnocryptes minimus (Brünnich, 1764)	6	SPECIES	ACCEPTED	Animalia	N	Chordata	CH2	Aves	V2	Charadriiformes	X3	Scolopacidae	G4X	Lymnocryptes	5HQD	Lymnocryptes minimus	3WSC2	LC
32ZQ7	Cygnus cygnus (Linnaeus, 1758)	32ZQ7	Cygnus cygnus (Linnaeus, 1758)	8	SPECIES	ACCEPTED	Animalia	N	Chordata	CH2	Aves	V2	Anseriformes	PQ	Anatidae	9H6K5	Cygnus	9H7JC	Cygnus cygnus	32ZQ7	LC
DGN4	Anas bahamensis Linnaeus, 1758	DGN4	Anas bahamensis Linnaeus, 1758	3	SPECIES	ACCEPTED	Animalia	N	Chordata	CH2	Aves	V2	Anseriformes	PQ	Anatidae	9H6K5	Anas	V8R	Anas bahamensis	DGN4	LC
5G7SM	Carduelis carduelis carduelis (Linnaeus, 1758)	5G7SM	Carduelis carduelis carduelis (Linnaeus, 1758)	4	SUBSPECIES	ACCEPTED	Animalia	N	Chordata	CH2	Aves	V2	Passeriformes	3RL	Fringillidae	6244D	Carduelis	62KHQ	Carduelis carduelis	R6J7	
5FRCD	Ardea purpurea purpurea Linnaeus, 1766	5FRCD	Ardea purpurea purpurea Linnaeus, 1766	2	SUBSPECIES	ACCEPTED	Animalia	N	Chordata	CH2	Aves	V2	Pelecaniformes	3RZ	Ardeidae	6PB	Ardea	32FH	Ardea purpurea	GCJ8	
PGVX	Calcarius lapponicus (Linnaeus, 1758)	PGVX	Calcarius lapponicus (Linnaeus, 1758)	2	SPECIES	ACCEPTED	Animalia	N	Chordata	CH2	Aves	V2	Passeriformes	3RL	Calcariidae	7JF	Calcarius	3F36	Calcarius lapponicus	PGVX	LC
4QFY4	Puffinus puffinus (Brünnich, 1764)	4QFY4	Puffinus puffinus (Brünnich, 1764)	1	SPECIES	ACCEPTED	Animalia	N	Chordata	CH2	Aves	V2	Procellariiformes	622V8	Procellariidae	627CQ	Puffinus	75BM	Puffinus puffinus	4QFY4	LC
5Y96Q	Chlidonias leucopterus (Temminck, 1815)	5Y96Q	Chlidonias leucopterus (Temminck, 1815)	1	SPECIES	ACCEPTED	Animalia	N	Chordata	CH2	Aves	V2	Charadriiformes	X3	Laridae	BSK	Chlidonias	62M8H	Chlidonias leucopterus	5Y96Q	LC
67KDW	Anthus campestris (Linnaeus, 1758)	67KDW	Anthus campestris (Linnaeus, 1758)	2	SPECIES	ACCEPTED	Animalia	N	Chordata	CH2	Aves	V2	Passeriformes	3RL	Motacillidae	CYC	Anthus	XJ7	Anthus campestris	67KDW	LC
7JGH6	Branta hutchinsii hutchinsii (Richardson, 1832)	7JGH6	Branta hutchinsii hutchinsii (Richardson, 1832)	1	SUBSPECIES	ACCEPTED	Animalia	N	Chordata	CH2	Aves	V2	Anseriformes	PQ	Anatidae	9H6K5	Branta	62H39	Branta hutchinsii	N74B	
5GJCG	Coccothraustes coccothraustes coccothraustes (Linnaeus, 1758)	5GJCG	Coccothraustes coccothraustes coccothraustes (Linnaeus, 1758)	1	SUBSPECIES	ACCEPTED	Animalia	N	Chordata	CH2	Aves	V2	Passeriformes	3RL	Fringillidae	6244D	Coccothraustes	3RMR	Coccothraustes coccothraustes	WLXJ	
7KJV5	Phalacrocorax carbo carbo (Linnaeus, 1758)	7KJV5	Phalacrocorax carbo carbo (Linnaeus, 1758)	2	SUBSPECIES	ACCEPTED	Animalia	N	Chordata	CH2	Aves	V2	Suliformes	46J	Phalacrocoracidae	62694	Phalacrocorax	6MN5	Phalacrocorax carbo	4FQQC	
3Y3C6	Mareca americana (J. F. Gmelin, 1789)	3Y3C6	Mareca americana (J. F. Gmelin, 1789)	1	SPECIES	ACCEPTED	Animalia	N	Chordata	CH2	Aves	V2	Anseriformes	PQ	Anatidae	9H6K5	Mareca	9HGXM	Mareca americana	3Y3C6	LC
43SRL	Mniotilta varia (Linnaeus, 1766)	43SRL	Mniotilta varia (Linnaeus, 1766)	1	SPECIES	ACCEPTED	Animalia	N	Chordata	CH2	Aves	V2	Passeriformes	3RL	Parulidae	626BR	Mniotilta	63C7H	Mniotilta varia	43SRL	LC
4FQQC	Phalacrocorax carbo (Linnaeus, 1758)	4FQQC	Phalacrocorax carbo (Linnaeus, 1758)	1310	SPECIES	ACCEPTED	Animalia	N	Chordata	CH2	Aves	V2	Suliformes	46J	Phalacrocoracidae	62694	Phalacrocorax	6MN5	Phalacrocorax carbo	4FQQC	LC
6VFMH	Phylloscopus collybita (Vieillot, 1817)	6VFMH	Phylloscopus collybita (Vieillot, 1817)	672	SPECIES	ACCEPTED	Animalia	N	Chordata	CH2	Aves	V2	Passeriformes	3RL	Phylloscopidae	625K5	Phylloscopus	6PRN	Phylloscopus collybita	6VFMH	LC
3SBQ9	Larus fuscus Linnaeus, 1758	3SBQ9	Larus fuscus Linnaeus, 1758	273	SPECIES	ACCEPTED	Animalia	N	Chordata	CH2	Aves	V2	Charadriiformes	X3	Laridae	BSK	Larus	62XFH	Larus fuscus	3SBQ9	LC
5LNQM	Turdus merula merula Linnaeus, 1758	5LNQM	Turdus merula merula Linnaeus, 1758	35	SUBSPECIES	ACCEPTED	Animalia	N	Chordata	CH2	Aves	V2	Passeriformes	3RL	Turdidae	T4K9X	Turdus	647VS	Turdus merula	7CYVX	
53N3J	Sylvia atricapilla (Linnaeus, 1758)	53N3J	Sylvia atricapilla (Linnaeus, 1758)	443	SPECIES	ACCEPTED	Animalia	N	Chordata	CH2	Aves	V2	Passeriformes	3RL	Sylviidae	626LT	Sylvia	7QQP	Sylvia atricapilla	53N3J	LC
4GKQX	Phoenicurus ochruros (S. G. Gmelin, 1774)	4GKQX	Phoenicurus ochruros (S. G. Gmelin, 1774)	347	SPECIES	ACCEPTED	Animalia	N	Chordata	CH2	Aves	V2	Passeriformes	3RL	Muscicapidae	CZN	Phoenicurus	63MGF	Phoenicurus ochruros	4GKQX	LC
483SZ	Numenius arquata (Linnaeus, 1758)	483SZ	Numenius arquata (Linnaeus, 1758)	262	SPECIES	ACCEPTED	Animalia	N	Chordata	CH2	Aves	V2	Charadriiformes	X3	Scolopacidae	G4X	Numenius	65VC	Numenius arquata	483SZ	NT
667V7	Alcedo atthis (Linnaeus, 1758)	667V7	Alcedo atthis (Linnaeus, 1758)	253	SPECIES	ACCEPTED	Animalia	N	Chordata	CH2	Aves	V2	Coraciiformes	ZL	Alcedinidae	66F	Alcedo	RKP	Alcedo atthis	667V7	LC
4KSC9	Poecile palustris (Linnaeus, 1758)	4KSC9	Poecile palustris (Linnaeus, 1758)	149	SPECIES	ACCEPTED	Animalia	N	Chordata	CH2	Aves	V2	Passeriformes	3RL	Paridae	626B2	Poecile	6TGS	Poecile palustris	4KSC9	LC
4RB9P	Rallus aquaticus Linnaeus, 1758	4RB9P	Rallus aquaticus Linnaeus, 1758	44	SPECIES	ACCEPTED	Animalia	N	Chordata	CH2	Aves	V2	Gruiformes	6223K	Rallidae	FJ9	Rallus	76VZ	Rallus aquaticus	4RB9P	LC
3FFP8	Gavia stellata (Pontoppidan, 1763)	3FFP8	Gavia stellata (Pontoppidan, 1763)	15	SPECIES	ACCEPTED	Animalia	N	Chordata	CH2	Aves	V2	Gaviiformes	396	Gaviidae	6247R	Gavia	4MHK	Gavia stellata	3FFP8	LC
9HH6D	Anser serrirostris Gould, 1852	9HH6D	Anser serrirostris Gould, 1852	16	SPECIES	ACCEPTED	Animalia	N	Chordata	CH2	Aves	V2	Anseriformes	PQ	Anatidae	9H6K5	Anser	X5D	Anser serrirostris	9HH6D	
77FNC	Phylloscopus trochilus (Linnaeus, 1758)	77FNC	Phylloscopus trochilus (Linnaeus, 1758)	105	SPECIES	ACCEPTED	Animalia	N	Chordata	CH2	Aves	V2	Passeriformes	3RL	Phylloscopidae	625K5	Phylloscopus	6PRN	Phylloscopus trochilus	77FNC	LC
5JFR9	Luscinia svecica cyanecula (Meisner, 1804)	5JFR9	Luscinia svecica cyanecula (Meisner, 1804)	9	SUBSPECIES	ACCEPTED	Animalia	N	Chordata	CH2	Aves	V2	Passeriformes	3RL	Muscicapidae	CZN	Luscinia	5HCK	Luscinia svecica	3WFWC	
5VKDZ	Anthus spinoletta (Linnaeus, 1758)	5VKDZ	Anthus spinoletta (Linnaeus, 1758)	17	SPECIES	ACCEPTED	Animalia	N	Chordata	CH2	Aves	V2	Passeriformes	3RL	Motacillidae	CYC	Anthus	XJ7	Anthus spinoletta	5VKDZ	LC
37VCZ	Dryocopus martius (Linnaeus, 1758)	37VCZ	Dryocopus martius (Linnaeus, 1758)	69	SPECIES	ACCEPTED	Animalia	N	Chordata	CH2	Aves	V2	Piciformes	3TR	Picidae	625L8	Dryocopus	48HQ	Dryocopus martius	37VCZ	LC
4CBTY	Pandion haliaetus (Linnaeus, 1758)	4CBTY	Pandion haliaetus (Linnaeus, 1758)	41	SPECIES	ACCEPTED	Animalia	N	Chordata	CH2	Aves	V2	Accipitriformes	MB	Pandionidae	DWJ	Pandion	6D6F	Pandion haliaetus	4CBTY	LC
MMYM	Botaurus stellaris (Linnaeus, 1758)	MMYM	Botaurus stellaris (Linnaeus, 1758)	38	SPECIES	ACCEPTED	Animalia	N	Chordata	CH2	Aves	V2	Pelecaniformes	3RZ	Ardeidae	6PB	Botaurus	3BT5	Botaurus stellaris	MMYM	LC
7KBDR	Milvus milvus milvus (Linnaeus, 1758)	7KBDR	Milvus milvus milvus (Linnaeus, 1758)	11	SUBSPECIES	ACCEPTED	Animalia	N	Chordata	CH2	Aves	V2	Accipitriformes	MB	Accipitridae	5W6	Milvus	5SVR	Milvus milvus	43DZJ	
QSND	Caprimulgus europaeus Linnaeus, 1758	QSND	Caprimulgus europaeus Linnaeus, 1758	7	SPECIES	ACCEPTED	Animalia	N	Chordata	CH2	Aves	V2	Caprimulgiformes	VJ	Caprimulgidae	7PQ	Caprimulgus	3H66	Caprimulgus europaeus	QSND	LC
6XQRF	Saxicola maurus (Pallas, 1773)	6XQRF	Saxicola maurus (Pallas, 1773)	6	SPECIES	ACCEPTED	Animalia	N	Chordata	CH2	Aves	V2	Passeriformes	3RL	Muscicapidae	CZN	Saxicola	7CV9	Saxicola maurus	6XQRF	
5LDQ5	Tachybaptus ruficollis ruficollis (Pallas, 1764)	5LDQ5	Tachybaptus ruficollis ruficollis (Pallas, 1764)	3	SUBSPECIES	ACCEPTED	Animalia	N	Chordata	CH2	Aves	V2	Podicipediformes	3V6	Podicipedidae	627FZ	Tachybaptus	7RSK	Tachybaptus ruficollis	54C7M	
39FTK	Emberiza rustica Pallas, 1776	39FTK	Emberiza rustica Pallas, 1776	1	SPECIES	ACCEPTED	Animalia	N	Chordata	CH2	Aves	V2	Passeriformes	3RL	Emberizidae	9N5	Emberiza	4B69	Emberiza rustica	39FTK	NT
5ZQ9C	Columba oenas Linnaeus, 1758	5ZQ9C	Columba oenas Linnaeus, 1758	139	SPECIES	ACCEPTED	Animalia	N	Chordata	CH2	Aves	V2	Columbiformes	Z8	Columbidae	8GD	Columba	3SMP	Columba oenas	5ZQ9C	LC
5LNQ2	Turdus iliacus iliacus Linnaeus, 1758	5LNQ2	Turdus iliacus iliacus Linnaeus, 1758	3	SUBSPECIES	ACCEPTED	Animalia	N	Chordata	CH2	Aves	V2	Passeriformes	3RL	Turdidae	T4K9X	Turdus	647VS	Turdus iliacus	59PLT	
3N8ZF	Hydroprogne caspia (Pallas, 1770)	3N8ZF	Hydroprogne caspia (Pallas, 1770)	9	SPECIES	ACCEPTED	Animalia	N	Chordata	CH2	Aves	V2	Charadriiformes	X3	Laridae	BSK	Hydroprogne	4ZVB	Hydroprogne caspia	3N8ZF	LC
6ZXPY	Streptopelia turtur (Linnaeus, 1758)	6ZXPY	Streptopelia turtur (Linnaeus, 1758)	17	SPECIES	ACCEPTED	Animalia	N	Chordata	CH2	Aves	V2	Columbiformes	Z8	Columbidae	8GD	Streptopelia	7P7J	Streptopelia turtur	6ZXPY	VU
K56Y	Aythya nyroca (Güldenstädt, 1770)	K56Y	Aythya nyroca (Güldenstädt, 1770)	7	SPECIES	ACCEPTED	Animalia	N	Chordata	CH2	Aves	V2	Anseriformes	PQ	Anatidae	9H6K5	Aythya	36VQ	Aythya nyroca	K56Y	NT
52D8P	Stercorarius pomarinus (Temminck, 1815)	52D8P	Stercorarius pomarinus (Temminck, 1815)	2	SPECIES	ACCEPTED	Animalia	N	Chordata	CH2	Aves	V2	Charadriiformes	X3	Stercorariidae	GNX	Stercorarius	7N5S	Stercorarius pomarinus	52D8P	LC
XBFW	Columba livia J. F. Gmelin, 1789	XBFW	Columba livia J. F. Gmelin, 1789	5	SPECIES	ACCEPTED	Animalia	N	Chordata	CH2	Aves	V2	Columbiformes	Z8	Columbidae	8GD	Columba	3SMP	Columba livia	XBFW	LC
7KCX6	Muscicapa striata striata (Pallas, 1764)	7KCX6	Muscicapa striata striata (Pallas, 1764)	1	SUBSPECIES	ACCEPTED	Animalia	N	Chordata	CH2	Aves	V2	Passeriformes	3RL	Muscicapidae	CZN	Muscicapa	5VVQ	Muscicapa striata	44Q67	
7KKS3	Phylloscopus collybita collybita (Vieillot, 1817)	7KKS3	Phylloscopus collybita collybita (Vieillot, 1817)	17	SUBSPECIES	ACCEPTED	Animalia	N	Chordata	CH2	Aves	V2	Passeriformes	3RL	Phylloscopidae	625K5	Phylloscopus	6PRN	Phylloscopus collybita	6VFMH	
48X6R	Oenanthe deserti (Temminck, 1825)	48X6R	Oenanthe deserti (Temminck, 1825)	5	SPECIES	ACCEPTED	Animalia	N	Chordata	CH2	Aves	V2	Passeriformes	3RL	Muscicapidae	CZN	Oenanthe	679P	Oenanthe deserti	48X6R	LC
6JFY	Passer Brisson, 1760	6JFY	Passer Brisson, 1760	1	GENUS	ACCEPTED	Animalia	N	Chordata	CH2	Aves	V2	Passeriformes	3RL	Passeridae	626DC	Passer	6JFY			
9L48	Acrocephalus arundinaceus (Linnaeus, 1758)	9L48	Acrocephalus arundinaceus (Linnaeus, 1758)	5	SPECIES	ACCEPTED	Animalia	N	Chordata	CH2	Aves	V2	Passeriformes	3RL	Acrocephalidae	5YC	Acrocephalus	NC3	Acrocephalus arundinaceus	9L48	
5YVVD	Clangula hyemalis (Linnaeus, 1758)	5YVVD	Clangula hyemalis (Linnaeus, 1758)	13	SPECIES	ACCEPTED	Animalia	N	Chordata	CH2	Aves	V2	Anseriformes	PQ	Anatidae	9H6K5	Clangula	3QG6	Clangula hyemalis	5YVVD	VU
5GMCS	Corvus corax corax Linnaeus, 1758	5GMCS	Corvus corax corax Linnaeus, 1758	1	SUBSPECIES	ACCEPTED	Animalia	N	Chordata	CH2	Aves	V2	Passeriformes	3RL	Corvidae	8L6	Corvus	62LZ4	Corvus corax	YNHG	
DDBNT	Curruca communis communis (Latham, 1787)	DDBNT	Curruca communis communis (Latham, 1787)	3	SUBSPECIES	ACCEPTED	Animalia	N	Chordata	CH2	Aves	V2	Passeriformes	3RL	Sylviidae	626LT	Curruca	DDBLS	Curruca communis	DDBNS	
5JF5S	Lophophanes cristatus mitratus (C. L. Brehm, 1831)	5JF5S	Lophophanes cristatus mitratus (C. L. Brehm, 1831)	2	SUBSPECIES	ACCEPTED	Animalia	N	Chordata	CH2	Aves	V2	Passeriformes	3RL	Paridae	626B2	Lophophanes	5GMJ	Lophophanes cristatus	3W3VB	
62LZ4	Corvus Linnaeus, 1758	62LZ4	Corvus Linnaeus, 1758	3	GENUS	ACCEPTED	Animalia	N	Chordata	CH2	Aves	V2	Passeriformes	3RL	Corvidae	8L6	Corvus	62LZ4			
4FRHS	Phalaropus lobatus (Linnaeus, 1758)	4FRHS	Phalaropus lobatus (Linnaeus, 1758)	2	SPECIES	ACCEPTED	Animalia	N	Chordata	CH2	Aves	V2	Charadriiformes	X3	Scolopacidae	G4X	Phalaropus	6MPL	Phalaropus lobatus	4FRHS	LC
6L8DR	Haemorhous mexicanus (P. L. Statius Müller, 1776)	6L8DR	Haemorhous mexicanus (P. L. Statius Müller, 1776)	1	SPECIES	ACCEPTED	Animalia	N	Chordata	CH2	Aves	V2	Passeriformes	3RL	Fringillidae	6244D	Haemorhous	4SJ3	Haemorhous mexicanus	6L8DR	LC
5LCQG	Sylvia atricapilla atricapilla (Linnaeus, 1758)	5LCQG	Sylvia atricapilla atricapilla (Linnaeus, 1758)	2	SUBSPECIES	ACCEPTED	Animalia	N	Chordata	CH2	Aves	V2	Passeriformes	3RL	Sylviidae	626LT	Sylvia	7QQP	Sylvia atricapilla	53N3J	
7KQP2	Regulus ignicapilla ignicapilla (Temminck, 1820)	7KQP2	Regulus ignicapilla ignicapilla (Temminck, 1820)	5	SUBSPECIES	ACCEPTED	Animalia	N	Chordata	CH2	Aves	V2	Passeriformes	3RL	Regulidae	FL3	Regulus	77JH	Regulus ignicapilla	4RPW7	
5JXDW	Numenius phaeopus phaeopus (Linnaeus, 1758)	5JXDW	Numenius phaeopus phaeopus (Linnaeus, 1758)	3	SUBSPECIES	ACCEPTED	Animalia	N	Chordata	CH2	Aves	V2	Charadriiformes	X3	Scolopacidae	G4X	Numenius	65VC	Numenius phaeopus	483T6	
7KKDP	Periparus ater ater (Linnaeus, 1758)	7KKDP	Periparus ater ater (Linnaeus, 1758)	3	SUBSPECIES	ACCEPTED	Animalia	N	Chordata	CH2	Aves	V2	Passeriformes	3RL	Paridae	626B2	Periparus	6LCZ	Periparus ater	4F2VB	
7KKK7	Perdix perdix perdix (Linnaeus, 1758)	7KKK7	Perdix perdix perdix (Linnaeus, 1758)	2	SUBSPECIES	ACCEPTED	Animalia	N	Chordata	CH2	Aves	V2	Galliformes	38Z	Phasianidae	625WG	Perdix	63L8J	Perdix perdix	6V58Q	
39FT7	Emberiza hortulana Linnaeus, 1758	39FT7	Emberiza hortulana Linnaeus, 1758	1	SPECIES	ACCEPTED	Animalia	N	Chordata	CH2	Aves	V2	Passeriformes	3RL	Emberizidae	9N5	Emberiza	4B69	Emberiza hortulana	39FT7	LC
75YWG	Pelecanus onocrotalus Linnaeus, 1758	75YWG	Pelecanus onocrotalus Linnaeus, 1758	2	SPECIES	ACCEPTED	Animalia	N	Chordata	CH2	Aves	V2	Pelecaniformes	3RZ	Pelecanidae	625T5	Pelecanus	6K7T	Pelecanus onocrotalus	75YWG	LC
CPPDW	Zapornia parva (Scopoli, 1769)	CPPDW	Zapornia parva (Scopoli, 1769)	2	SPECIES	ACCEPTED	Animalia	N	Chordata	CH2	Aves	V2	Gruiformes	6223K	Rallidae	FJ9	Zapornia	CPPD8	Zapornia parva	CPPDW	LC
44B86	Monticola saxatilis (Linnaeus, 1766)	44B86	Monticola saxatilis (Linnaeus, 1766)	1	SPECIES	ACCEPTED	Animalia	N	Chordata	CH2	Aves	V2	Passeriformes	3RL	Muscicapidae	CZN	Monticola	63CZN	Monticola saxatilis	44B86	LC
5GGF3	Cinclus cinclus cinclus (Linnaeus, 1758)	5GGF3	Cinclus cinclus cinclus (Linnaeus, 1758)	1	SUBSPECIES	ACCEPTED	Animalia	N	Chordata	CH2	Aves	V2	Passeriformes	3RL	Cinclidae	896	Cinclus	3PYJ	Cinclus cinclus	VDPH	
5VYJV	Aythya fuligula (Linnaeus, 1758)	5VYJV	Aythya fuligula (Linnaeus, 1758)	1026	SPECIES	ACCEPTED	Animalia	N	Chordata	CH2	Aves	V2	Anseriformes	PQ	Anatidae	9H6K5	Aythya	36VQ	Aythya fuligula	5VYJV	LC
DGND	Anas crecca Linnaeus, 1758	DGND	Anas crecca Linnaeus, 1758	388	SPECIES	ACCEPTED	Animalia	N	Chordata	CH2	Aves	V2	Anseriformes	PQ	Anatidae	9H6K5	Anas	V8R	Anas crecca	DGND	LC
54GHV	Tadorna tadorna (Linnaeus, 1758)	54GHV	Tadorna tadorna (Linnaeus, 1758)	409	SPECIES	ACCEPTED	Animalia	N	Chordata	CH2	Aves	V2	Anseriformes	PQ	Anatidae	9H6K5	Tadorna	645G2	Tadorna tadorna	54GHV	LC
6K3W6	Fulica atra Linnaeus, 1758	6K3W6	Fulica atra Linnaeus, 1758	2310	SPECIES	ACCEPTED	Animalia	N	Chordata	CH2	Aves	V2	Gruiformes	6223K	Rallidae	FJ9	Fulica	4LC2	Fulica atra	6K3W6	LC
44G99	Motacilla alba Linnaeus, 1758	44G99	Motacilla alba Linnaeus, 1758	453	SPECIES	ACCEPTED	Animalia	N	Chordata	CH2	Aves	V2	Passeriformes	3RL	Motacillidae	CYC	Motacilla	63CMY	Motacilla alba	44G99	LC
3F6VX	Gallinula chloropus (Linnaeus, 1758)	3F6VX	Gallinula chloropus (Linnaeus, 1758)	1242	SPECIES	ACCEPTED	Animalia	N	Chordata	CH2	Aves	V2	Gruiformes	6223K	Rallidae	FJ9	Gallinula	4LXW	Gallinula chloropus	3F6VX	LC
59PLT	Turdus iliacus Linnaeus, 1758	59PLT	Turdus iliacus Linnaeus, 1758	218	SPECIES	ACCEPTED	Animalia	N	Chordata	CH2	Aves	V2	Passeriformes	3RL	Turdidae	T4K9X	Turdus	647VS	Turdus iliacus	59PLT	LC
3SBQG	Larus hyperboreus Gunnerus, 1767	3SBQG	Larus hyperboreus Gunnerus, 1767	4	SPECIES	ACCEPTED	Animalia	N	Chordata	CH2	Aves	V2	Charadriiformes	X3	Laridae	BSK	Larus	62XFH	Larus hyperboreus	3SBQG	LC
39FTN	Emberiza schoeniclus (Linnaeus, 1758)	39FTN	Emberiza schoeniclus (Linnaeus, 1758)	236	SPECIES	ACCEPTED	Animalia	N	Chordata	CH2	Aves	V2	Passeriformes	3RL	Emberizidae	9N5	Emberiza	4B69	Emberiza schoeniclus	39FTN	LC
4Z65Y	Spinus spinus (Linnaeus, 1758)	4Z65Y	Spinus spinus (Linnaeus, 1758)	89	SPECIES	ACCEPTED	Animalia	N	Chordata	CH2	Aves	V2	Passeriformes	3RL	Fringillidae	6244D	Spinus	7L9G	Spinus spinus	4Z65Y	LC
7KCV9	Motacilla flava flavissima (Blyth, 1834)	7KCV9	Motacilla flava flavissima (Blyth, 1834)	2	SUBSPECIES	ACCEPTED	Animalia	N	Chordata	CH2	Aves	V2	Passeriformes	3RL	Motacillidae	CYC	Motacilla	63CMY	Motacilla flava	44G9F	
DRXBH	Anser cygnoides f. domesticus	DRXBH	Anser cygnoides f. domesticus	22	FORM	ACCEPTED	Animalia	N	Chordata	CH2	Aves	V2	Anseriformes	PQ	Anatidae	9H6K5	Anser	X5D			
BGZW	Alca torda Linnaeus, 1758	BGZW	Alca torda Linnaeus, 1758	2	SPECIES	ACCEPTED	Animalia	N	Chordata	CH2	Aves	V2	Charadriiformes	X3	Alcidae	66H	Alca	RK7	Alca torda	BGZW	LC
5K8P7	Passer domesticus domesticus (Linnaeus, 1758)	5K8P7	Passer domesticus domesticus (Linnaeus, 1758)	27	SUBSPECIES	ACCEPTED	Animalia	N	Chordata	CH2	Aves	V2	Passeriformes	3RL	Passeridae	626DC	Passer	6JFY	Passer domesticus	4DXXM	
5VKF6	Anthus petrosus (Montagu, 1798)	5VKF6	Anthus petrosus (Montagu, 1798)	18	SPECIES	ACCEPTED	Animalia	N	Chordata	CH2	Aves	V2	Passeriformes	3RL	Motacillidae	CYC	Anthus	XJ7	Anthus petrosus	5VKF6	LC
44Q67	Muscicapa striata (Pallas, 1764)	44Q67	Muscicapa striata (Pallas, 1764)	50	SPECIES	ACCEPTED	Animalia	N	Chordata	CH2	Aves	V2	Passeriformes	3RL	Muscicapidae	CZN	Muscicapa	5VVQ	Muscicapa striata	44Q67	LC
4M2R8	Porzana porzana (Linnaeus, 1766)	4M2R8	Porzana porzana (Linnaeus, 1766)	11	SPECIES	ACCEPTED	Animalia	N	Chordata	CH2	Aves	V2	Gruiformes	6223K	Rallidae	FJ9	Porzana	6V2X	Porzana porzana	4M2R8	LC
3M26F	Hippolais polyglotta (Vieillot, 1817)	3M26F	Hippolais polyglotta (Vieillot, 1817)	9	SPECIES	ACCEPTED	Animalia	N	Chordata	CH2	Aves	V2	Passeriformes	3RL	Acrocephalidae	5YC	Hippolais	4XFF	Hippolais polyglotta	3M26F	LC
3ZTRF	Mergellus albellus (Linnaeus, 1758)	3ZTRF	Mergellus albellus (Linnaeus, 1758)	28	SPECIES	ACCEPTED	Animalia	N	Chordata	CH2	Aves	V2	Anseriformes	PQ	Anatidae	9H6K5	Mergellus	5P8N	Mergellus albellus	3ZTRF	LC
7J9FQ	Alcedo atthis ispida Linnaeus, 1758	7J9FQ	Alcedo atthis ispida Linnaeus, 1758	5	SUBSPECIES	ACCEPTED	Animalia	N	Chordata	CH2	Aves	V2	Coraciiformes	ZL	Alcedinidae	66F	Alcedo	RKP	Alcedo atthis	667V7	
BMZGH	Anas crecca crecca Linnaeus, 1758	DGND	Anas crecca Linnaeus, 1758	29	SUBSPECIES	SYNONYM	Animalia	N	Chordata	CH2	Aves	V2	Anseriformes	PQ	Anatidae	9H6K5	Anas	V8R	Anas crecca	DGND	
7TCSL	Dryobates minor (Linnaeus, 1758)	7TCSL	Dryobates minor (Linnaeus, 1758)	37	SPECIES	ACCEPTED	Animalia	N	Chordata	CH2	Aves	V2	Piciformes	3TR	Picidae	625L8	Dryobates	7NXMX	Dryobates minor	7TCSL	LC
7L3RQ	Sitta europaea caesia Wolf, 1810	7L3RQ	Sitta europaea caesia Wolf, 1810	6	SUBSPECIES	ACCEPTED	Animalia	N	Chordata	CH2	Aves	V2	Passeriformes	3RL	Sittidae	626XK	Sitta	7HWK	Sitta europaea	6Z52Z	
7J6SP	Accipiter nisus nisus (Linnaeus, 1758)	7J6SP	Accipiter nisus nisus (Linnaeus, 1758)	20	SUBSPECIES	ACCEPTED	Animalia	N	Chordata	CH2	Aves	V2	Accipitriformes	MB	Accipitridae	5W6	Accipiter	627QR	Accipiter nisus	93VP	
5H44W	Emberiza schoeniclus schoeniclus (Linnaeus, 1758)	5H44W	Emberiza schoeniclus schoeniclus (Linnaeus, 1758)	8	SUBSPECIES	ACCEPTED	Animalia	N	Chordata	CH2	Aves	V2	Passeriformes	3RL	Emberizidae	9N5	Emberiza	4B69	Emberiza schoeniclus	39FTN	
YYSJ	Coturnix coturnix (Linnaeus, 1758)	YYSJ	Coturnix coturnix (Linnaeus, 1758)	6	SPECIES	ACCEPTED	Animalia	N	Chordata	CH2	Aves	V2	Galliformes	38Z	Phasianidae	625WG	Coturnix	9JJCS	Coturnix coturnix	YYSJ	LC
VFS9	Circaetus gallicus (J. F. Gmelin, 1788)	VFS9	Circaetus gallicus (J. F. Gmelin, 1788)	4	SPECIES	ACCEPTED	Animalia	N	Chordata	CH2	Aves	V2	Accipitriformes	MB	Accipitridae	5W6	Circaetus	62LC9	Circaetus gallicus	VFS9	LC
D5JSP	Gulosus aristotelis (Linnaeus, 1761)	D5JSP	Gulosus aristotelis (Linnaeus, 1761)	5	SPECIES	ACCEPTED	Animalia	N	Chordata	CH2	Aves	V2	Suliformes	46J	Phalacrocoracidae	62694	Gulosus	D5JSN	Gulosus aristotelis	D5JSP	LC
5FGYR	Alauda arvensis arvensis Linnaeus, 1758	5FGYR	Alauda arvensis arvensis Linnaeus, 1758	4	SUBSPECIES	ACCEPTED	Animalia	N	Chordata	CH2	Aves	V2	Passeriformes	3RL	Alaudidae	667	Alauda	RFQ	Alauda arvensis	BFFT	
6Z4ZB	Somateria mollissima (Linnaeus, 1758)	6Z4ZB	Somateria mollissima (Linnaeus, 1758)	6	SPECIES	ACCEPTED	Animalia	N	Chordata	CH2	Aves	V2	Anseriformes	PQ	Anatidae	9H6K5	Somateria	7JL9	Somateria mollissima	6Z4ZB	NT
5J9JJ	Larus glaucoides glaucoides B. Meyer, 1822	5J9JJ	Larus glaucoides glaucoides B. Meyer, 1822	2	SUBSPECIES	ACCEPTED	Animalia	N	Chordata	CH2	Aves	V2	Charadriiformes	X3	Laridae	BSK	Larus	62XFH	Larus glaucoides	3SBQC	
6ZSDC	Sterna paradisaea Pontoppidan, 1763	6ZSDC	Sterna paradisaea Pontoppidan, 1763	3	SPECIES	ACCEPTED	Animalia	N	Chordata	CH2	Aves	V2	Charadriiformes	X3	Laridae	BSK	Sterna	7N8Q	Sterna paradisaea	6ZSDC	LC
56LQB	Threskiornis aethiopicus (Latham, 1790)	56LQB	Threskiornis aethiopicus (Latham, 1790)	1	SPECIES	ACCEPTED	Animalia	N	Chordata	CH2	Aves	V2	Pelecaniformes	3RZ	Threskiornithidae	H89	Threskiornis	7WB9	Threskiornis aethiopicus	56LQB	LC
7KMKC	Picus viridis viridis Linnaeus, 1758	7KMKC	Picus viridis viridis Linnaeus, 1758	8	SUBSPECIES	ACCEPTED	Animalia	N	Chordata	CH2	Aves	V2	Piciformes	3TR	Picidae	625L8	Picus	63MCB	Picus viridis	4HR3F	
RG9T	Carpodacus erythrinus (Pallas, 1770)	RG9T	Carpodacus erythrinus (Pallas, 1770)	2	SPECIES	ACCEPTED	Animalia	N	Chordata	CH2	Aves	V2	Passeriformes	3RL	Fringillidae	6244D	Carpodacus	62KK5	Carpodacus erythrinus	RG9T	LC
BTFY	Alle alle (Linnaeus, 1758)	BTFY	Alle alle (Linnaeus, 1758)	1	SPECIES	ACCEPTED	Animalia	N	Chordata	CH2	Aves	V2	Charadriiformes	X3	Alcidae	66H	Alle	S47	Alle alle	BTFY	LC
7L6YK	Turdus torquatus torquatus Linnaeus, 1758	7L6YK	Turdus torquatus torquatus Linnaeus, 1758	2	SUBSPECIES	ACCEPTED	Animalia	N	Chordata	CH2	Aves	V2	Passeriformes	3RL	Turdidae	T4K9X	Turdus	647VS	Turdus torquatus	59PND	
5FZ64	Bombycilla garrulus garrulus (Linnaeus, 1758)	5FZ64	Bombycilla garrulus garrulus (Linnaeus, 1758)	1	SUBSPECIES	ACCEPTED	Animalia	N	Chordata	CH2	Aves	V2	Passeriformes	3RL	Bombycillidae	622GL	Bombycilla	3BBX	Bombycilla garrulus	5WNQS	
3LKLR	Hieraaetus pennatus (J. F. Gmelin, 1788)	3LKLR	Hieraaetus pennatus (J. F. Gmelin, 1788)	1	SPECIES	ACCEPTED	Animalia	N	Chordata	CH2	Aves	V2	Accipitriformes	MB	Accipitridae	5W6	Hieraaetus	4X5Q	Hieraaetus pennatus	3LKLR	LC
9HKB9	Calidris falcinellus (Pontoppidan, 1763)	9HKB9	Calidris falcinellus (Pontoppidan, 1763)	1	SPECIES	ACCEPTED	Animalia	N	Chordata	CH2	Aves	V2	Charadriiformes	X3	Scolopacidae	G4X	Calidris	3F8J	Calidris falcinellus	9HKB9	VU
5FRGH	Arenaria interpres interpres (Linnaeus, 1758)	5FRGH	Arenaria interpres interpres (Linnaeus, 1758)	1	SUBSPECIES	ACCEPTED	Animalia	N	Chordata	CH2	Aves	V2	Charadriiformes	X3	Scolopacidae	G4X	Arenaria	6238B	Arenaria interpres	67RLB	
YNHH	Corvus cornix Linnaeus, 1758	YNHH	Corvus cornix Linnaeus, 1758	2	SPECIES	ACCEPTED	Animalia	N	Chordata	CH2	Aves	V2	Passeriformes	3RL	Corvidae	8L6	Corvus	62LZ4	Corvus cornix	YNHH	
4BMPJ	Oxyura leucocephala (Scopoli, 1769)	4BMPJ	Oxyura leucocephala (Scopoli, 1769)	1	SPECIES	ACCEPTED	Animalia	N	Chordata	CH2	Aves	V2	Anseriformes	PQ	Anatidae	9H6K5	Oxyura	6BJS	Oxyura leucocephala	4BMPJ	EN
48X87	Oenanthe isabellina (Temminck, 1829)	48X87	Oenanthe isabellina (Temminck, 1829)	1	SPECIES	ACCEPTED	Animalia	N	Chordata	CH2	Aves	V2	Passeriformes	3RL	Muscicapidae	CZN	Oenanthe	679P	Oenanthe isabellina	48X87	LC
3ZTRN	Mergus merganser Linnaeus, 1758	3ZTRN	Mergus merganser Linnaeus, 1758	94	SPECIES	ACCEPTED	Animalia	N	Chordata	CH2	Aves	V2	Anseriformes	PQ	Anatidae	9H6K5	Mergus	5P8Q	Mergus merganser	3ZTRN	LC
6JPSJ	Fringilla coelebs Linnaeus, 1758	6JPSJ	Fringilla coelebs Linnaeus, 1758	1224	SPECIES	ACCEPTED	Animalia	N	Chordata	CH2	Aves	V2	Passeriformes	3RL	Fringillidae	6244D	Fringilla	4L6M	Fringilla coelebs	6JPSJ	LC
DGP6	Anas platyrhynchos Linnaeus, 1758	DGP6	Anas platyrhynchos Linnaeus, 1758	2068	SPECIES	ACCEPTED	Animalia	N	Chordata	CH2	Aves	V2	Anseriformes	PQ	Anatidae	9H6K5	Anas	V8R	Anas platyrhynchos	DGP6	LC
93VP	Accipiter nisus (Linnaeus, 1758)	93VP	Accipiter nisus (Linnaeus, 1758)	204	SPECIES	ACCEPTED	Animalia	N	Chordata	CH2	Aves	V2	Accipitriformes	MB	Accipitridae	5W6	Accipiter	627QR	Accipiter nisus	93VP	LC
598TT	Troglodytes troglodytes (Linnaeus, 1758)	598TT	Troglodytes troglodytes (Linnaeus, 1758)	723	SPECIES	ACCEPTED	Animalia	N	Chordata	CH2	Aves	V2	Passeriformes	3RL	Troglodytidae	626S2	Troglodytes	647TW	Troglodytes troglodytes	598TT	LC
4PKCM	Psittacula krameri (Scopoli, 1769)	4PKCM	Psittacula krameri (Scopoli, 1769)	569	SPECIES	ACCEPTED	Animalia	N	Chordata	CH2	Aves	V2	Psittaciformes	3X7	Psittaculidae	C3KV6	Psittacula	642T9	Psittacula krameri	4PKCM	LC
5J9HV	Larus argentatus argenteus C. L. Brehm & Schilling, 1822	5J9HV	Larus argentatus argenteus C. L. Brehm & Schilling, 1822	11	SUBSPECIES	ACCEPTED	Animalia	N	Chordata	CH2	Aves	V2	Charadriiformes	X3	Laridae	BSK	Larus	62XFH	Larus argentatus	3SBPN	
9HKHD	Spatula clypeata (Linnaeus, 1758)	9HKHD	Spatula clypeata (Linnaeus, 1758)	447	SPECIES	ACCEPTED	Animalia	N	Chordata	CH2	Aves	V2	Anseriformes	PQ	Anatidae	9H6K5	Spatula	9HGYJ	Spatula clypeata	9HKHD	LC
3DTGW	Falco tinnunculus Linnaeus, 1758	3DTGW	Falco tinnunculus Linnaeus, 1758	735	SPECIES	ACCEPTED	Animalia	N	Chordata	CH2	Aves	V2	Falconiformes	386	Falconidae	623R8	Falco	62SZ6	Falco tinnunculus	3DTGW	LC
32ZQ4	Cygnus atratus (Latham, 1790)	32ZQ4	Cygnus atratus (Latham, 1790)	51	SPECIES	ACCEPTED	Animalia	N	Chordata	CH2	Aves	V2	Anseriformes	PQ	Anatidae	9H6K5	Cygnus	9H7JC	Cygnus atratus	32ZQ4	LC
5LCQQ	Sylvia borin borin (Boddaert, 1783)	5LCQQ	Sylvia borin borin (Boddaert, 1783)	2	SUBSPECIES	ACCEPTED	Animalia	N	Chordata	CH2	Aves	V2	Passeriformes	3RL	Sylviidae	626LT	Sylvia	7QQP	Sylvia borin	53N3M	
3ZTRQ	Mergus serrator Linnaeus, 1758	3ZTRQ	Mergus serrator Linnaeus, 1758	10	SPECIES	ACCEPTED	Animalia	N	Chordata	CH2	Aves	V2	Anseriformes	PQ	Anatidae	9H6K5	Mergus	5P8Q	Mergus serrator	3ZTRQ	LC
479P3	Netta rufina (Pallas, 1773)	479P3	Netta rufina (Pallas, 1773)	13	SPECIES	ACCEPTED	Animalia	N	Chordata	CH2	Aves	V2	Anseriformes	PQ	Anatidae	9H6K5	Netta	63P5	Netta rufina	479P3	LC
7BWT9	Theristicus caudatus (Boddaert, 1783)	7BWT9	Theristicus caudatus (Boddaert, 1783)	1	SPECIES	ACCEPTED	Animalia	N	Chordata	CH2	Aves	V2	Pelecaniformes	3RZ	Threskiornithidae	H89	Theristicus	7VQZ	Theristicus caudatus	7BWT9	LC
NM25	Bucephala clangula (Linnaeus, 1758)	NM25	Bucephala clangula (Linnaeus, 1758)	24	SPECIES	ACCEPTED	Animalia	N	Chordata	CH2	Aves	V2	Anseriformes	PQ	Anatidae	9H6K5	Bucephala	62H58	Bucephala clangula	NM25	LC
5XN9F	Certhia familiaris Linnaeus, 1758	5XN9F	Certhia familiaris Linnaeus, 1758	18	SPECIES	ACCEPTED	Animalia	N	Chordata	CH2	Aves	V2	Passeriformes	3RL	Certhiidae	7XP	Certhia	3L8X	Certhia familiaris	5XN9F	LC
5K8PX	Passer montanus montanus (Linnaeus, 1758)	5K8PX	Passer montanus montanus (Linnaeus, 1758)	8	SUBSPECIES	ACCEPTED	Animalia	N	Chordata	CH2	Aves	V2	Passeriformes	3RL	Passeridae	626DC	Passer	6JFY	Passer montanus	4DXY4	
74VGB	Oriolus oriolus (Linnaeus, 1758)	74VGB	Oriolus oriolus (Linnaeus, 1758)	13	SPECIES	ACCEPTED	Animalia	N	Chordata	CH2	Aves	V2	Passeriformes	3RL	Oriolidae	DQ9	Oriolus	63HGX	Oriolus oriolus	74VGB	LC
4CHSV	Panurus biarmicus (Linnaeus, 1758)	4CHSV	Panurus biarmicus (Linnaeus, 1758)	29	SPECIES	ACCEPTED	Animalia	N	Chordata	CH2	Aves	V2	Passeriformes	3RL	Panuridae	DX2	Panurus	6DDT	Panurus biarmicus	4CHSV	LC
58VJ4	Tringa glareola Linnaeus, 1758	58VJ4	Tringa glareola Linnaeus, 1758	27	SPECIES	ACCEPTED	Animalia	N	Chordata	CH2	Aves	V2	Charadriiformes	X3	Scolopacidae	G4X	Tringa	8288	Tringa glareola	58VJ4	LC
N749	Branta bernicla (Linnaeus, 1758)	N749	Branta bernicla (Linnaeus, 1758)	15	SPECIES	ACCEPTED	Animalia	N	Chordata	CH2	Aves	V2	Anseriformes	PQ	Anatidae	9H6K5	Branta	62H39	Branta bernicla	N749	LC
482M4	Nucifraga caryocatactes (Linnaeus, 1758)	482M4	Nucifraga caryocatactes (Linnaeus, 1758)	6	SPECIES	ACCEPTED	Animalia	N	Chordata	CH2	Aves	V2	Passeriformes	3RL	Corvidae	8L6	Nucifraga	65SH	Nucifraga caryocatactes	482M4	LC
65MG4	Agapornis roseicollis (Vieillot, 1818)	65MG4	Agapornis roseicollis (Vieillot, 1818)	2	SPECIES	ACCEPTED	Animalia	N	Chordata	CH2	Aves	V2	Psittaciformes	3X7	Psittaculidae	C3KV6	Agapornis	QJM	Agapornis roseicollis	65MG4	LC
5JRRS	Motacilla alba yarrellii Gould, 1837	5JRRS	Motacilla alba yarrellii Gould, 1837	7	SUBSPECIES	ACCEPTED	Animalia	N	Chordata	CH2	Aves	V2	Passeriformes	3RL	Motacillidae	CYC	Motacilla	63CMY	Motacilla alba	44G99	
5J6D4	Junco hyemalis hyemalis (Linnaeus, 1758)	5J6D4	Junco hyemalis hyemalis (Linnaeus, 1758)	1	SUBSPECIES	ACCEPTED	Animalia	N	Chordata	CH2	Aves	V2	Passeriformes	3RL	Passerellidae	9G6YK	Junco	56XW	Junco hyemalis	6NFHF	
6ZXQ7	Streptopelia orientalis (Latham, 1790)	6ZXQ7	Streptopelia orientalis (Latham, 1790)	1	SPECIES	ACCEPTED	Animalia	N	Chordata	CH2	Aves	V2	Columbiformes	Z8	Columbidae	8GD	Streptopelia	7P7J	Streptopelia orientalis	6ZXQ7	LC
5FT3P	Asio otus otus (Linnaeus, 1758)	5FT3P	Asio otus otus (Linnaeus, 1758)	11	SUBSPECIES	ACCEPTED	Animalia	N	Chordata	CH2	Aves	V2	Strigiformes	466	Strigidae	GQX	Asio	33VY	Asio otus	6866L	
7KL5N	Phylloscopus trochilus trochilus (Linnaeus, 1758)	7KL5N	Phylloscopus trochilus trochilus (Linnaeus, 1758)	1	SUBSPECIES	ACCEPTED	Animalia	N	Chordata	CH2	Aves	V2	Passeriformes	3RL	Phylloscopidae	625K5	Phylloscopus	6PRN	Phylloscopus trochilus	77FNC	
5LNRV	Turdus philomelos clarkei E. J. O. Hartert, 1909	5LNRV	Turdus philomelos clarkei E. J. O. Hartert, 1909	1	SUBSPECIES	ACCEPTED	Animalia	N	Chordata	CH2	Aves	V2	Passeriformes	3RL	Turdidae	T4K9X	Turdus	647VS	Turdus philomelos	59PMR	
5J9J4	Larus canus canus Linnaeus, 1758	5J9J4	Larus canus canus Linnaeus, 1758	7	SUBSPECIES	ACCEPTED	Animalia	N	Chordata	CH2	Aves	V2	Charadriiformes	X3	Laridae	BSK	Larus	62XFH	Larus canus	3SBPZ	
9L5F	Acrocephalus dumetorum Blyth, 1849	9L5F	Acrocephalus dumetorum Blyth, 1849	3	SPECIES	ACCEPTED	Animalia	N	Chordata	CH2	Aves	V2	Passeriformes	3RL	Acrocephalidae	5YC	Acrocephalus	NC3	Acrocephalus dumetorum	9L5F	LC
34Q32	Dendrocygna bicolor (Vieillot, 1816)	34Q32	Dendrocygna bicolor (Vieillot, 1816)	4	SPECIES	ACCEPTED	Animalia	N	Chordata	CH2	Aves	V2	Anseriformes	PQ	Anatidae	9H6K5	Dendrocygna	42Z7	Dendrocygna bicolor	34Q32	LC
D5KCJ	Ardenna grisea (J. F. Gmelin, 1789)	D5KCJ	Ardenna grisea (J. F. Gmelin, 1789)	1	SPECIES	ACCEPTED	Animalia	N	Chordata	CH2	Aves	V2	Procellariiformes	622V8	Procellariidae	627CQ	Ardenna	D5KD6	Ardenna grisea	D5KCJ	NT
5D75Z	Zonotrichia albicollis (J. F. Gmelin, 1789)	5D75Z	Zonotrichia albicollis (J. F. Gmelin, 1789)	1	SPECIES	ACCEPTED	Animalia	N	Chordata	CH2	Aves	V2	Passeriformes	3RL	Passerellidae	9G6YK	Zonotrichia	8B4V	Zonotrichia albicollis	5D75Z	LC
NC3	Acrocephalus J. A. Naumann & J. F. Naumann, 1811	NC3	Acrocephalus J. A. Naumann & J. F. Naumann, 1811	1	GENUS	ACCEPTED	Animalia	N	Chordata	CH2	Aves	V2	Passeriformes	3RL	Acrocephalidae	5YC	Acrocephalus	NC3			
5KJTS	Poecile montanus rhenanus (Kleinschmidt, 1900)	5KJTS	Poecile montanus rhenanus (Kleinschmidt, 1900)	1	SUBSPECIES	ACCEPTED	Animalia	N	Chordata	CH2	Aves	V2	Passeriformes	3RL	Paridae	626B2	Poecile	6TGS	Poecile montanus	4KSC7	
DRGD8	Serinus canaria domestica	DRGD8	Serinus canaria domestica	2	SUBSPECIES	ACCEPTED	Animalia	N	Chordata	CH2	Aves	V2	Passeriformes	3RL	Fringillidae	6244D	Serinus	644MX	Serinus canaria	4WV6K	
5JDBZ	Limosa limosa islandica C. L. Brehm, 1831	5JDBZ	Limosa limosa islandica C. L. Brehm, 1831	2	SUBSPECIES	ACCEPTED	Animalia	N	Chordata	CH2	Aves	V2	Charadriiformes	X3	Scolopacidae	G4X	Limosa	62YMT	Limosa limosa	72FCR	
QZS5	Caracara plancus (J. F. Miller, 1777)	QZS5	Caracara plancus (J. F. Miller, 1777)	1	SPECIES	ACCEPTED	Animalia	N	Chordata	CH2	Aves	V2	Falconiformes	386	Falconidae	623R8	Caracara	3H8X	Caracara plancus	QZS5	LC
5KDLW	Phoenicurus ochruros phoenicuroides (Moore, 1854)	5KDLW	Phoenicurus ochruros phoenicuroides (Moore, 1854)	1	SUBSPECIES	ACCEPTED	Animalia	N	Chordata	CH2	Aves	V2	Passeriformes	3RL	Muscicapidae	CZN	Phoenicurus	63MGF	Phoenicurus ochruros	4GKQX	
7JX6D	Lanius cristatus lucionensis Linnaeus, 1766	7JX6D	Lanius cristatus lucionensis Linnaeus, 1766	1	SUBSPECIES	ACCEPTED	Animalia	N	Chordata	CH2	Aves	V2	Passeriformes	3RL	Laniidae	BS2	Lanius	62XLP	Lanius cristatus	3S7BL	
48X9H	Oenanthe oenanthe (Linnaeus, 1758)	48X9H	Oenanthe oenanthe (Linnaeus, 1758)	100	SPECIES	ACCEPTED	Animalia	N	Chordata	CH2	Aves	V2	Passeriformes	3RL	Muscicapidae	CZN	Oenanthe	679P	Oenanthe oenanthe	48X9H	LC
6H2XM	Erithacus rubecula (Linnaeus, 1758)	6H2XM	Erithacus rubecula (Linnaeus, 1758)	1738	SPECIES	ACCEPTED	Animalia	N	Chordata	CH2	Aves	V2	Passeriformes	3RL	Muscicapidae	CZN	Erithacus	63425	Erithacus rubecula	6H2XM	LC
4HPXM	Pica pica (Linnaeus, 1758)	4HPXM	Pica pica (Linnaeus, 1758)	1257	SPECIES	ACCEPTED	Animalia	N	Chordata	CH2	Aves	V2	Passeriformes	3RL	Corvidae	8L6	Pica	63MBS	Pica pica	4HPXM	LC
5GK95	Coloeus monedula spermologus (Vieillot, 1817)	5GK95	Coloeus monedula spermologus (Vieillot, 1817)	23	SUBSPECIES	ACCEPTED	Animalia	N	Chordata	CH2	Aves	V2	Passeriformes	3RL	Corvidae	8L6	Coloeus	3SGM	Coloeus monedula	X733	
3J8XQ	Haematopus ostralegus Linnaeus, 1758	3J8XQ	Haematopus ostralegus Linnaeus, 1758	393	SPECIES	ACCEPTED	Animalia	N	Chordata	CH2	Aves	V2	Charadriiformes	X3	Haematopodidae	625G4	Haematopus	4SGR	Haematopus ostralegus	3J8XQ	NT
75SVV	Parus major Linnaeus, 1758	75SVV	Parus major Linnaeus, 1758	1577	SPECIES	ACCEPTED	Animalia	N	Chordata	CH2	Aves	V2	Passeriformes	3RL	Paridae	626B2	Parus	6J9Z	Parus major	75SVV	LC
DS97M	Cairina moschata var. domestica	DS97M	Cairina moschata var. domestica	96	VARIETY	ACCEPTED	Animalia	N	Chordata	CH2	Aves	V2	Anseriformes	PQ	Anatidae	9H6K5	Cairina	62J47	Cairina moschata	PBGT	
59PMR	Turdus philomelos C. L. Brehm, 1831	59PMR	Turdus philomelos C. L. Brehm, 1831	443	SPECIES	ACCEPTED	Animalia	N	Chordata	CH2	Aves	V2	Passeriformes	3RL	Turdidae	T4K9X	Turdus	647VS	Turdus philomelos	59PMR	LC
5Z5T3	Ciconia ciconia (Linnaeus, 1758)	5Z5T3	Ciconia ciconia (Linnaeus, 1758)	332	SPECIES	ACCEPTED	Animalia	N	Chordata	CH2	Aves	V2	Ciconiiformes	Y9	Ciconiidae	88T	Ciconia	62LBC	Ciconia ciconia	5Z5T3	LC
4532H	Myiopsitta monachus (Boddaert, 1783)	4532H	Myiopsitta monachus (Boddaert, 1783)	211	SPECIES	ACCEPTED	Animalia	N	Chordata	CH2	Aves	V2	Psittaciformes	3X7	Psittacidae	FBD	Myiopsitta	63D34	Myiopsitta monachus	4532H	LC
8TTP	Acanthis flammea (Linnaeus, 1758)	8TTP	Acanthis flammea (Linnaeus, 1758)	19	SPECIES	ACCEPTED	Animalia	N	Chordata	CH2	Aves	V2	Passeriformes	3RL	Fringillidae	6244D	Acanthis	M2J	Acanthis flammea	8TTP	LC
5KPGP	Prunella modularis modularis (Linnaeus, 1758)	5KPGP	Prunella modularis modularis (Linnaeus, 1758)	9	SUBSPECIES	ACCEPTED	Animalia	N	Chordata	CH2	Aves	V2	Passeriformes	3RL	Prunellidae	F6N	Prunella	6Y6B	Prunella modularis	4N8CC	
TMWY	Charadrius hiaticula Linnaeus, 1758	TMWY	Charadrius hiaticula Linnaeus, 1758	33	SPECIES	ACCEPTED	Animalia	N	Chordata	CH2	Aves	V2	Charadriiformes	X3	Charadriidae	824	Charadrius	3M7T	Charadrius hiaticula	TMWY	LC
3DTGX	Falco vespertinus Linnaeus, 1766	3DTGX	Falco vespertinus Linnaeus, 1766	6	SPECIES	ACCEPTED	Animalia	N	Chordata	CH2	Aves	V2	Falconiformes	386	Falconidae	623R8	Falco	62SZ6	Falco vespertinus	3DTGX	VU
3WFW6	Luscinia megarhynchos C. L. Brehm, 1831	3WFW6	Luscinia megarhynchos C. L. Brehm, 1831	30	SPECIES	ACCEPTED	Animalia	N	Chordata	CH2	Aves	V2	Passeriformes	3RL	Muscicapidae	CZN	Luscinia	5HCK	Luscinia megarhynchos	3WFW6	LC
VDPH	Cinclus cinclus (Linnaeus, 1758)	VDPH	Cinclus cinclus (Linnaeus, 1758)	44	SPECIES	ACCEPTED	Animalia	N	Chordata	CH2	Aves	V2	Passeriformes	3RL	Cinclidae	896	Cinclus	3PYJ	Cinclus cinclus	VDPH	LC
CVW3C	Astur gentilis (Linnaeus, 1758)	CVW3C	Astur gentilis (Linnaeus, 1758)	48	SPECIES	ACCEPTED	Animalia	N	Chordata	CH2	Aves	V2	Accipitriformes	MB	Accipitridae	5W6	Astur	CTQ6H	Astur gentilis	CVW3C	LC
7C5FT	Thalasseus sandvicensis (Latham, 1787)	7C5FT	Thalasseus sandvicensis (Latham, 1787)	17	SPECIES	ACCEPTED	Animalia	N	Chordata	CH2	Aves	V2	Charadriiformes	X3	Laridae	BSK	Thalasseus	7V3K	Thalasseus sandvicensis	7C5FT	LC
3ZW55	Merops apiaster Linnaeus, 1758	3ZW55	Merops apiaster Linnaeus, 1758	7	SPECIES	ACCEPTED	Animalia	N	Chordata	CH2	Aves	V2	Coraciiformes	ZL	Meropidae	CLY	Merops	62Z7C	Merops apiaster	3ZW55	LC
5L2FP	Saxicola rubicola rubicola (Linnaeus, 1766)	5L2FP	Saxicola rubicola rubicola (Linnaeus, 1766)	8	SUBSPECIES	ACCEPTED	Animalia	N	Chordata	CH2	Aves	V2	Passeriformes	3RL	Muscicapidae	CZN	Saxicola	7CV9	Saxicola rubicola	6Y2RF	
5HKXW	Haematopus ostralegus ostralegus Linnaeus, 1758	5HKXW	Haematopus ostralegus ostralegus Linnaeus, 1758	6	SUBSPECIES	ACCEPTED	Animalia	N	Chordata	CH2	Aves	V2	Charadriiformes	X3	Haematopodidae	625G4	Haematopus	4SGR	Haematopus ostralegus	3J8XQ	
3Z83C	Melanitta nigra (Linnaeus, 1758)	3Z83C	Melanitta nigra (Linnaeus, 1758)	6	SPECIES	ACCEPTED	Animalia	N	Chordata	CH2	Aves	V2	Anseriformes	PQ	Anatidae	9H6K5	Melanitta	62YSK	Melanitta nigra	3Z83C	LC
DRG5V	Anser albifrons x anser	DRG5V	Anser albifrons x anser	1	SPECIES	ACCEPTED	Animalia	N	Chordata	CH2	Aves	V2	Anseriformes	PQ	Anatidae	9H6K5	Anser	X5D	Anser albifrons x anser	DRG5V	
3C2DJ	Eudocimus albus (Linnaeus, 1758)	3C2DJ	Eudocimus albus (Linnaeus, 1758)	7	SPECIES	ACCEPTED	Animalia	N	Chordata	CH2	Aves	V2	Pelecaniformes	3RZ	Threskiornithidae	H89	Eudocimus	635CX	Eudocimus albus	3C2DJ	LC
D5KF8	Hydrobates leucorhous (Vieillot, 1818)	D5KF8	Hydrobates leucorhous (Vieillot, 1818)	2	SPECIES	ACCEPTED	Animalia	N	Chordata	CH2	Aves	V2	Procellariiformes	622V8	Hydrobatidae	B87	Hydrobates	4ZQM	Hydrobates leucorhous	D5KF8	VU
7JSMK	Gallinago gallinago gallinago (Linnaeus, 1758)	7JSMK	Gallinago gallinago gallinago (Linnaeus, 1758)	4	SUBSPECIES	ACCEPTED	Animalia	N	Chordata	CH2	Aves	V2	Charadriiformes	X3	Scolopacidae	G4X	Gallinago	4LXT	Gallinago gallinago	3F6V9	
658RG	Aegolius funereus (Linnaeus, 1758)	658RG	Aegolius funereus (Linnaeus, 1758)	1	SPECIES	ACCEPTED	Animalia	N	Chordata	CH2	Aves	V2	Strigiformes	466	Strigidae	GQX	Aegolius	PKF	Aegolius funereus	658RG	LC
5FT39	Asio flammeus flammeus (Pontoppidan, 1763)	5FT39	Asio flammeus flammeus (Pontoppidan, 1763)	2	SUBSPECIES	ACCEPTED	Animalia	N	Chordata	CH2	Aves	V2	Strigiformes	466	Strigidae	GQX	Asio	33VY	Asio flammeus	5W66M	
7XCVW	Dryobates minor hortorum (C. L. Brehm, 1831)	7XCVW	Dryobates minor hortorum (C. L. Brehm, 1831)	1	SUBSPECIES	ACCEPTED	Animalia	N	Chordata	CH2	Aves	V2	Piciformes	3TR	Picidae	625L8	Dryobates	7NXMX	Dryobates minor	7TCSL	
4QMMS	Pycnonotus leucotis (Gould, 1836)	4QMMS	Pycnonotus leucotis (Gould, 1836)	2	SPECIES	ACCEPTED	Animalia	N	Chordata	CH2	Aves	V2	Passeriformes	3RL	Pycnonotidae	FFJ	Pycnonotus	75Q7	Pycnonotus leucotis	4QMMS	LC
77JH	Regulus Cuvier, 1800	77JH	Regulus Cuvier, 1800	1	GENUS	ACCEPTED	Animalia	N	Chordata	CH2	Aves	V2	Passeriformes	3RL	Regulidae	FL3	Regulus	77JH			
6SJPR	Oenanthe pleschanka (Lepechin, 1770)	6SJPR	Oenanthe pleschanka (Lepechin, 1770)	1	SPECIES	ACCEPTED	Animalia	N	Chordata	CH2	Aves	V2	Passeriformes	3RL	Muscicapidae	CZN	Oenanthe	679P	Oenanthe pleschanka	6SJPR	LC
5YGFK	Chroicocephalus ridibundus (Linnaeus, 1766)	5YGFK	Chroicocephalus ridibundus (Linnaeus, 1766)	1261	SPECIES	ACCEPTED	Animalia	N	Chordata	CH2	Aves	V2	Charadriiformes	X3	Laridae	BSK	Chroicocephalus	3P9X	Chroicocephalus ridibundus	5YGFK	LC
5WRC3	Branta canadensis (Linnaeus, 1758)	5WRC3	Branta canadensis (Linnaeus, 1758)	1563	SPECIES	ACCEPTED	Animalia	N	Chordata	CH2	Aves	V2	Anseriformes	PQ	Anatidae	9H6K5	Branta	62H39	Branta canadensis	5WRC3	LC
3S7BN	Lanius excubitor Linnaeus, 1758	3S7BN	Lanius excubitor Linnaeus, 1758	55	SPECIES	ACCEPTED	Animalia	N	Chordata	CH2	Aves	V2	Passeriformes	3RL	Laniidae	BS2	Lanius	62XLP	Lanius excubitor	3S7BN	LC
6CJDB	Dendrocopos major (Linnaeus, 1758)	6CJDB	Dendrocopos major (Linnaeus, 1758)	769	SPECIES	ACCEPTED	Animalia	N	Chordata	CH2	Aves	V2	Piciformes	3TR	Picidae	625L8	Dendrocopos	42YV	Dendrocopos major	6CJDB	LC
9L7Y	Acrocephalus schoenobaenus (Linnaeus, 1758)	9L7Y	Acrocephalus schoenobaenus (Linnaeus, 1758)	90	SPECIES	ACCEPTED	Animalia	N	Chordata	CH2	Aves	V2	Passeriformes	3RL	Acrocephalidae	5YC	Acrocephalus	NC3	Acrocephalus schoenobaenus	9L7Y	LC
43DZJ	Milvus milvus (Linnaeus, 1758)	43DZJ	Milvus milvus (Linnaeus, 1758)	363	SPECIES	ACCEPTED	Animalia	N	Chordata	CH2	Aves	V2	Accipitriformes	MB	Accipitridae	5W6	Milvus	5SVR	Milvus milvus	43DZJ	LC
7FFJL	Vanellus vanellus (Linnaeus, 1758)	7FFJL	Vanellus vanellus (Linnaeus, 1758)	512	SPECIES	ACCEPTED	Animalia	N	Chordata	CH2	Aves	V2	Charadriiformes	X3	Charadriidae	824	Vanellus	647JQ	Vanellus vanellus	7FFJL	NT
7K4P3	Gallinula chloropus chloropus (Linnaeus, 1758)	7K4P3	Gallinula chloropus chloropus (Linnaeus, 1758)	27	SUBSPECIES	ACCEPTED	Animalia	N	Chordata	CH2	Aves	V2	Gruiformes	6223K	Rallidae	FJ9	Gallinula	4LXW	Gallinula chloropus	3F6VX	
77QJ8	Plectrophenax nivalis (Linnaeus, 1758)	77QJ8	Plectrophenax nivalis (Linnaeus, 1758)	11	SPECIES	ACCEPTED	Animalia	N	Chordata	CH2	Aves	V2	Passeriformes	3RL	Calcariidae	7JF	Plectrophenax	63NSN	Plectrophenax nivalis	77QJ8	LC
GCJ8	Ardea purpurea Linnaeus, 1766	GCJ8	Ardea purpurea Linnaeus, 1766	18	SPECIES	ACCEPTED	Animalia	N	Chordata	CH2	Aves	V2	Pelecaniformes	3RZ	Ardeidae	6PB	Ardea	32FH	Ardea purpurea	GCJ8	LC
3F6V9	Gallinago gallinago (Linnaeus, 1758)	3F6V9	Gallinago gallinago (Linnaeus, 1758)	106	SPECIES	ACCEPTED	Animalia	N	Chordata	CH2	Aves	V2	Charadriiformes	X3	Scolopacidae	G4X	Gallinago	4LXT	Gallinago gallinago	3F6V9	LC
5GGC3	Ciconia ciconia ciconia (Linnaeus, 1758)	5GGC3	Ciconia ciconia ciconia (Linnaeus, 1758)	189	SUBSPECIES	ACCEPTED	Animalia	N	Chordata	CH2	Aves	V2	Ciconiiformes	Y9	Ciconiidae	88T	Ciconia	62LBC	Ciconia ciconia	5Z5T3	
7J6N5	Acrocephalus scirpaceus scirpaceus (Hermann, 1804)	7J6N5	Acrocephalus scirpaceus scirpaceus (Hermann, 1804)	6	SUBSPECIES	ACCEPTED	Animalia	N	Chordata	CH2	Aves	V2	Passeriformes	3RL	Acrocephalidae	5YC	Acrocephalus	NC3	Acrocephalus scirpaceus	9L82	
4RP59	Recurvirostra avosetta Linnaeus, 1758	4RP59	Recurvirostra avosetta Linnaeus, 1758	107	SPECIES	ACCEPTED	Animalia	N	Chordata	CH2	Aves	V2	Charadriiformes	X3	Recurvirostridae	FKR	Recurvirostra	77FJ	Recurvirostra avosetta	4RP59	LC
7J7Q9	Aegithalos caudatus europaeus (Hermann, 1804)	7J7Q9	Aegithalos caudatus europaeus (Hermann, 1804)	12	SUBSPECIES	ACCEPTED	Animalia	N	Chordata	CH2	Aves	V2	Passeriformes	3RL	Aegithalidae	63D	Aegithalos	629KV	Aegithalos caudatus	64WQQ	
YNHT	Corvus frugilegus Linnaeus, 1758	YNHT	Corvus frugilegus Linnaeus, 1758	108	SPECIES	ACCEPTED	Animalia	N	Chordata	CH2	Aves	V2	Passeriformes	3RL	Corvidae	8L6	Corvus	62LZ4	Corvus frugilegus	YNHT	LC
DGMX	Anas acuta Linnaeus, 1758	DGMX	Anas acuta Linnaeus, 1758	110	SPECIES	ACCEPTED	Animalia	N	Chordata	CH2	Aves	V2	Anseriformes	PQ	Anatidae	9H6K5	Anas	V8R	Anas acuta	DGMX	LC
DRG6D	Branta hutchinsii x leucopsis	DRG6D	Branta hutchinsii x leucopsis	5	SPECIES	ACCEPTED	Animalia	N	Chordata	CH2	Aves	V2	Anseriformes	PQ	Anatidae	9H6K5	Branta	62H39	Branta hutchinsii x leucopsis	DRG6D	
542SH	Syrmaticus reevesii (J. E. Gray, 1829)	542SH	Syrmaticus reevesii (J. E. Gray, 1829)	6	SPECIES	ACCEPTED	Animalia	N	Chordata	CH2	Aves	V2	Galliformes	38Z	Phasianidae	625WG	Syrmaticus	7RKK	Syrmaticus reevesii	542SH	VU
54HRJ	Taeniopygia guttata (Vieillot, 1817)	54HRJ	Taeniopygia guttata (Vieillot, 1817)	1	SPECIES	ACCEPTED	Animalia	N	Chordata	CH2	Aves	V2	Passeriformes	3RL	Estrildidae	623Q5	Taeniopygia	63TG4	Taeniopygia guttata	54HRJ	LC
5Z8F6	Cisticola juncidis (Rafinesque, 1810)	5Z8F6	Cisticola juncidis (Rafinesque, 1810)	35	SPECIES	ACCEPTED	Animalia	N	Chordata	CH2	Aves	V2	Passeriformes	3RL	Cisticolidae	89S	Cisticola	3Q97	Cisticola juncidis	5Z8F6	LC
DDBLT	Curruca nisoria (Bechstein, 1792)	DDBLT	Curruca nisoria (Bechstein, 1792)	10	SPECIES	ACCEPTED	Animalia	N	Chordata	CH2	Aves	V2	Passeriformes	3RL	Sylviidae	626LT	Curruca	DDBLS	Curruca nisoria	DDBLT	LC
3M26B	Hippolais icterina (Vieillot, 1817)	3M26B	Hippolais icterina (Vieillot, 1817)	13	SPECIES	ACCEPTED	Animalia	N	Chordata	CH2	Aves	V2	Passeriformes	3RL	Acrocephalidae	5YC	Hippolais	4XFF	Hippolais icterina	3M26B	LC
7KL43	Phylloscopus collybita tristis Blyth, 1843	7KL43	Phylloscopus collybita tristis Blyth, 1843	7	SUBSPECIES	ACCEPTED	Animalia	N	Chordata	CH2	Aves	V2	Passeriformes	3RL	Phylloscopidae	625K5	Phylloscopus	6PRN	Phylloscopus collybita	6VFMH	
6TWGZ	Pavo cristatus Linnaeus, 1758	6TWGZ	Pavo cristatus Linnaeus, 1758	9	SPECIES	ACCEPTED	Animalia	N	Chordata	CH2	Aves	V2	Galliformes	38Z	Phasianidae	625WG	Pavo	6JS7	Pavo cristatus	6TWGZ	LC
59PND	Turdus torquatus Linnaeus, 1758	59PND	Turdus torquatus Linnaeus, 1758	25	SPECIES	ACCEPTED	Animalia	N	Chordata	CH2	Aves	V2	Passeriformes	3RL	Turdidae	T4K9X	Turdus	647VS	Turdus torquatus	59PND	LC
PK4K	Calidris temminckii (Leisler, 1812)	PK4K	Calidris temminckii (Leisler, 1812)	3	SPECIES	ACCEPTED	Animalia	N	Chordata	CH2	Aves	V2	Charadriiformes	X3	Scolopacidae	G4X	Calidris	3F8J	Calidris temminckii	PK4K	LC
38YJ7	Elanus caeruleus (Desfontaines, 1789)	38YJ7	Elanus caeruleus (Desfontaines, 1789)	4	SPECIES	ACCEPTED	Animalia	N	Chordata	CH2	Aves	V2	Accipitriformes	MB	Accipitridae	5W6	Elanus	6332H	Elanus caeruleus	38YJ7	LC
CTVGT	Circaetus gallicus gallicus (J. F. Gmelin, 1788)	CTVGT	Circaetus gallicus gallicus (J. F. Gmelin, 1788)	1	SUBSPECIES	ACCEPTED	Animalia	N	Chordata	CH2	Aves	V2	Accipitriformes	MB	Accipitridae	5W6	Circaetus	62LC9	Circaetus gallicus	VFS9	
3DTFW	Falco columbarius Linnaeus, 1758	3DTFW	Falco columbarius Linnaeus, 1758	6	SPECIES	ACCEPTED	Animalia	N	Chordata	CH2	Aves	V2	Falconiformes	386	Falconidae	623R8	Falco	62SZ6	Falco columbarius	3DTFW	LC
4CN4R	Parabuteo unicinctus (Temminck, 1824)	4CN4R	Parabuteo unicinctus (Temminck, 1824)	2	SPECIES	ACCEPTED	Animalia	N	Chordata	CH2	Aves	V2	Accipitriformes	MB	Accipitridae	5W6	Parabuteo	6DRS	Parabuteo unicinctus	4CN4R	LC
5KDLZ	Phoenicurus phoenicurus phoenicurus (Linnaeus, 1758)	5KDLZ	Phoenicurus phoenicurus phoenicurus (Linnaeus, 1758)	3	SUBSPECIES	ACCEPTED	Animalia	N	Chordata	CH2	Aves	V2	Passeriformes	3RL	Muscicapidae	CZN	Phoenicurus	63MGF	Phoenicurus phoenicurus	4GKQY	
59PL2	Turdus atrogularis Jarocki, 1819	59PL2	Turdus atrogularis Jarocki, 1819	1	SPECIES	ACCEPTED	Animalia	N	Chordata	CH2	Aves	V2	Passeriformes	3RL	Turdidae	T4K9X	Turdus	647VS	Turdus atrogularis	59PL2	LC
77FMP	Phylloscopus inornatus (Blyth, 1842)	77FMP	Phylloscopus inornatus (Blyth, 1842)	8	SPECIES	ACCEPTED	Animalia	N	Chordata	CH2	Aves	V2	Passeriformes	3RL	Phylloscopidae	625K5	Phylloscopus	6PRN	Phylloscopus inornatus	77FMP	LC
33VY	Asio Brisson, 1760	33VY	Asio Brisson, 1760	1	GENUS	ACCEPTED	Animalia	N	Chordata	CH2	Aves	V2	Strigiformes	466	Strigidae	GQX	Asio	33VY			
3ZN55	Melospiza melodia (A. Wilson, 1810)	3ZN55	Melospiza melodia (A. Wilson, 1810)	3	SPECIES	ACCEPTED	Animalia	N	Chordata	CH2	Aves	V2	Passeriformes	3RL	Passerellidae	9G6YK	Melospiza	62YTB	Melospiza melodia	3ZN55	
64WLF	Aegypius monachus (Linnaeus, 1766)	64WLF	Aegypius monachus (Linnaeus, 1766)	3	SPECIES	ACCEPTED	Animalia	N	Chordata	CH2	Aves	V2	Accipitriformes	MB	Accipitridae	5W6	Aegypius	PL4	Aegypius monachus	64WLF	NT
5G2SH	Bubo bubo bubo (Linnaeus, 1758)	5G2SH	Bubo bubo bubo (Linnaeus, 1758)	1	SUBSPECIES	ACCEPTED	Animalia	N	Chordata	CH2	Aves	V2	Strigiformes	466	Strigidae	GQX	Bubo	3DQQ	Bubo bubo	NKSD	
32NXC	Cyanoramphus auriceps (Kuhl, 1820)	32NXC	Cyanoramphus auriceps (Kuhl, 1820)	1	SPECIES	ACCEPTED	Animalia	N	Chordata	CH2	Aves	V2	Psittaciformes	3X7	Psittaculidae	C3KV6	Cyanoramphus	3XQ4	Cyanoramphus auriceps	32NXC	NT
7L6YL	Turdus viscivorus viscivorus Linnaeus, 1758	7L6YL	Turdus viscivorus viscivorus Linnaeus, 1758	3	SUBSPECIES	ACCEPTED	Animalia	N	Chordata	CH2	Aves	V2	Passeriformes	3RL	Turdidae	T4K9X	Turdus	647VS	Turdus viscivorus	59PNF	
3S7C6	Lanius senator Linnaeus, 1758	3S7C6	Lanius senator Linnaeus, 1758	3	SPECIES	ACCEPTED	Animalia	N	Chordata	CH2	Aves	V2	Passeriformes	3RL	Laniidae	BS2	Lanius	62XLP	Lanius senator	3S7C6	NT
GCML	Ardeola ralloides (Scopoli, 1769)	GCML	Ardeola ralloides (Scopoli, 1769)	4	SPECIES	ACCEPTED	Animalia	N	Chordata	CH2	Aves	V2	Pelecaniformes	3RZ	Ardeidae	6PB	Ardeola	62D5S	Ardeola ralloides	GCML	LC
PK4D	Calidris minuta (Leisler, 1812)	PK4D	Calidris minuta (Leisler, 1812)	4	SPECIES	ACCEPTED	Animalia	N	Chordata	CH2	Aves	V2	Charadriiformes	X3	Scolopacidae	G4X	Calidris	3F8J	Calidris minuta	PK4D	LC
4WV6K	Serinus canaria (Linnaeus, 1758)	4WV6K	Serinus canaria (Linnaeus, 1758)	3	SPECIES	ACCEPTED	Animalia	N	Chordata	CH2	Aves	V2	Passeriformes	3RL	Fringillidae	6244D	Serinus	644MX	Serinus canaria	4WV6K	LC
BLSJ	Alectoris rufa (Linnaeus, 1758)	BLSJ	Alectoris rufa (Linnaeus, 1758)	2	SPECIES	ACCEPTED	Animalia	N	Chordata	CH2	Aves	V2	Galliformes	38Z	Phasianidae	625WG	Alectoris	RP2	Alectoris rufa	BLSJ	NT
5J9JR	Larus michahellis michahellis J. F. Naumann, 1840	5J9JR	Larus michahellis michahellis J. F. Naumann, 1840	1	SUBSPECIES	ACCEPTED	Animalia	N	Chordata	CH2	Aves	V2	Charadriiformes	X3	Laridae	BSK	Larus	62XFH	Larus michahellis	3SBQP	
CPPDY	Zapornia pusilla (Pallas, 1776)	CPPDY	Zapornia pusilla (Pallas, 1776)	1	SPECIES	ACCEPTED	Animalia	N	Chordata	CH2	Aves	V2	Gruiformes	6223K	Rallidae	FJ9	Zapornia	CPPD8	Zapornia pusilla	CPPDY	LC
3C36N	Eudromias morinellus (Linnaeus, 1758)	TMX9	Charadrius morinellus Linnaeus, 1758	3	SPECIES	SYNONYM	Animalia	N	Chordata	CH2	Aves	V2	Charadriiformes	X3	Charadriidae	824	Charadrius	3M7T	Charadrius morinellus	TMX9	
K56S	Aythya collaris (Donovan, 1809)	K56S	Aythya collaris (Donovan, 1809)	2	SPECIES	ACCEPTED	Animalia	N	Chordata	CH2	Aves	V2	Anseriformes	PQ	Anatidae	9H6K5	Aythya	36VQ	Aythya collaris	K56S	LC
5FNWL	Anthus spinoletta spinoletta (Linnaeus, 1758)	5FNWL	Anthus spinoletta spinoletta (Linnaeus, 1758)	1	SUBSPECIES	ACCEPTED	Animalia	N	Chordata	CH2	Aves	V2	Passeriformes	3RL	Motacillidae	CYC	Anthus	XJ7	Anthus spinoletta	5VKDZ	
3FQSD	Geopelia cuneata (Latham, 1801)	3FQSD	Geopelia cuneata (Latham, 1801)	2	SPECIES	ACCEPTED	Animalia	N	Chordata	CH2	Aves	V2	Columbiformes	Z8	Columbidae	8GD	Geopelia	62T74	Geopelia cuneata	3FQSD	LC
679X7	Anser anser (Linnaeus, 1758)	679X7	Anser anser (Linnaeus, 1758)	700	SPECIES	ACCEPTED	Animalia	N	Chordata	CH2	Aves	V2	Anseriformes	PQ	Anatidae	9H6K5	Anser	X5D	Anser anser	679X7	LC
44G9B	Motacilla cinerea Tunstall, 1771	44G9B	Motacilla cinerea Tunstall, 1771	361	SPECIES	ACCEPTED	Animalia	N	Chordata	CH2	Aves	V2	Passeriformes	3RL	Motacillidae	CYC	Motacilla	63CMY	Motacilla cinerea	44G9B	LC
PK3Z	Calidris alba (Pallas, 1764)	PK3Z	Calidris alba (Pallas, 1764)	95	SPECIES	ACCEPTED	Animalia	N	Chordata	CH2	Aves	V2	Charadriiformes	X3	Scolopacidae	G4X	Calidris	3F8J	Calidris alba	PK3Z	LC
782YB	Podiceps cristatus (Linnaeus, 1758)	782YB	Podiceps cristatus (Linnaeus, 1758)	1188	SPECIES	ACCEPTED	Animalia	N	Chordata	CH2	Aves	V2	Podicipediformes	3V6	Podicipedidae	627FZ	Podiceps	6TBH	Podiceps cristatus	782YB	LC
YNHJ	Corvus corone Linnaeus, 1758	YNHJ	Corvus corone Linnaeus, 1758	1485	SPECIES	ACCEPTED	Animalia	N	Chordata	CH2	Aves	V2	Passeriformes	3RL	Corvidae	8L6	Corvus	62LZ4	Corvus corone	YNHJ	LC
K56W	Aythya marila (Linnaeus, 1761)	K56W	Aythya marila (Linnaeus, 1761)	10	SPECIES	ACCEPTED	Animalia	N	Chordata	CH2	Aves	V2	Anseriformes	PQ	Anatidae	9H6K5	Aythya	36VQ	Aythya marila	K56W	LC
72FCR	Limosa limosa (Linnaeus, 1758)	72FCR	Limosa limosa (Linnaeus, 1758)	139	SPECIES	ACCEPTED	Animalia	N	Chordata	CH2	Aves	V2	Charadriiformes	X3	Scolopacidae	G4X	Limosa	62YMT	Limosa limosa	72FCR	NT
BFFT	Alauda arvensis Linnaeus, 1758	BFFT	Alauda arvensis Linnaeus, 1758	134	SPECIES	ACCEPTED	Animalia	N	Chordata	CH2	Aves	V2	Passeriformes	3RL	Alaudidae	667	Alauda	RFQ	Alauda arvensis	BFFT	LC
687BR	Athene noctua (Scopoli, 1769)	687BR	Athene noctua (Scopoli, 1769)	72	SPECIES	ACCEPTED	Animalia	N	Chordata	CH2	Aves	V2	Strigiformes	466	Strigidae	GQX	Athene	34YQ	Athene noctua	687BR	LC
NKSD	Bubo bubo (Linnaeus, 1758)	NKSD	Bubo bubo (Linnaeus, 1758)	62	SPECIES	ACCEPTED	Animalia	N	Chordata	CH2	Aves	V2	Strigiformes	466	Strigidae	GQX	Bubo	3DQQ	Bubo bubo	NKSD	LC
5FRBW	Ardea cinerea cinerea Linnaeus, 1758	5FRBW	Ardea cinerea cinerea Linnaeus, 1758	41	SUBSPECIES	ACCEPTED	Animalia	N	Chordata	CH2	Aves	V2	Pelecaniformes	3RZ	Ardeidae	6PB	Ardea	32FH	Ardea cinerea	GCHS	
6ZSCT	Sterna hirundo Linnaeus, 1758	6ZSCT	Sterna hirundo Linnaeus, 1758	152	SPECIES	ACCEPTED	Animalia	N	Chordata	CH2	Aves	V2	Charadriiformes	X3	Laridae	BSK	Sterna	7N8Q	Sterna hirundo	6ZSCT	LC
4F2VB	Periparus ater (Linnaeus, 1758)	4F2VB	Periparus ater (Linnaeus, 1758)	75	SPECIES	ACCEPTED	Animalia	N	Chordata	CH2	Aves	V2	Passeriformes	3RL	Paridae	626B2	Periparus	6LCZ	Periparus ater	4F2VB	LC
4T4PL	Riparia riparia (Linnaeus, 1758)	4T4PL	Riparia riparia (Linnaeus, 1758)	41	SPECIES	ACCEPTED	Animalia	N	Chordata	CH2	Aves	V2	Passeriformes	3RL	Hirundinidae	B3Y	Riparia	63RR4	Riparia riparia	4T4PL	LC
6BPL3	Cuculus canorus Linnaeus, 1758	6BPL3	Cuculus canorus Linnaeus, 1758	121	SPECIES	ACCEPTED	Animalia	N	Chordata	CH2	Aves	V2	Cuculiformes	32K	Cuculidae	8S7	Cuculus	3X8N	Cuculus canorus	6BPL3	LC
67RLB	Arenaria interpres (Linnaeus, 1758)	67RLB	Arenaria interpres (Linnaeus, 1758)	244	SPECIES	ACCEPTED	Animalia	N	Chordata	CH2	Aves	V2	Charadriiformes	X3	Scolopacidae	G4X	Arenaria	6238B	Arenaria interpres	67RLB	NT
3W3VB	Lophophanes cristatus (Linnaeus, 1758)	3W3VB	Lophophanes cristatus (Linnaeus, 1758)	97	SPECIES	ACCEPTED	Animalia	N	Chordata	CH2	Aves	V2	Passeriformes	3RL	Paridae	626B2	Lophophanes	5GMJ	Lophophanes cristatus	3W3VB	LC
5JRRG	Motacilla alba alba Linnaeus, 1758	5JRRG	Motacilla alba alba Linnaeus, 1758	29	SUBSPECIES	ACCEPTED	Animalia	N	Chordata	CH2	Aves	V2	Passeriformes	3RL	Motacillidae	CYC	Motacilla	63CMY	Motacilla alba	44G99	
YNHG	Corvus corax Linnaeus, 1758	YNHG	Corvus corax Linnaeus, 1758	64	SPECIES	ACCEPTED	Animalia	N	Chordata	CH2	Aves	V2	Passeriformes	3RL	Corvidae	8L6	Corvus	62LZ4	Corvus corax	YNHG	LC
5GMDJ	Corvus frugilegus frugilegus Linnaeus, 1758	5GMDJ	Corvus frugilegus frugilegus Linnaeus, 1758	26	SUBSPECIES	ACCEPTED	Animalia	N	Chordata	CH2	Aves	V2	Passeriformes	3RL	Corvidae	8L6	Corvus	62LZ4	Corvus frugilegus	YNHT	
5WNQS	Bombycilla garrulus (Linnaeus, 1758)	5WNQS	Bombycilla garrulus (Linnaeus, 1758)	7	SPECIES	ACCEPTED	Animalia	N	Chordata	CH2	Aves	V2	Passeriformes	3RL	Bombycillidae	622GL	Bombycilla	3BBX	Bombycilla garrulus	5WNQS	LC
3F4BG	Galerida cristata (Linnaeus, 1758)	3F4BG	Galerida cristata (Linnaeus, 1758)	9	SPECIES	ACCEPTED	Animalia	N	Chordata	CH2	Aves	V2	Passeriformes	3RL	Alaudidae	667	Galerida	62SST	Galerida cristata	3F4BG	LC
5GQWS	Cyanistes caeruleus caeruleus (Linnaeus, 1758)	5GQWS	Cyanistes caeruleus caeruleus (Linnaeus, 1758)	9	SUBSPECIES	ACCEPTED	Animalia	N	Chordata	CH2	Aves	V2	Passeriformes	3RL	Paridae	626B2	Cyanistes	3XN8	Cyanistes caeruleus	32NH2	
3G5XD	Glareola nordmanni Fischer von Waldheim, 1842	3G5XD	Glareola nordmanni Fischer von Waldheim, 1842	1	SPECIES	ACCEPTED	Animalia	N	Chordata	CH2	Aves	V2	Charadriiformes	X3	Glareolidae	623H5	Glareola	4NT4	Glareola nordmanni	3G5XD	NT
3Z83B	Melanitta fusca (Linnaeus, 1758)	3Z83B	Melanitta fusca (Linnaeus, 1758)	8	SPECIES	ACCEPTED	Animalia	N	Chordata	CH2	Aves	V2	Anseriformes	PQ	Anatidae	9H6K5	Melanitta	62YSK	Melanitta fusca	3Z83B	VU
4KPNX	Podiceps grisegena (Boddaert, 1783)	4KPNX	Podiceps grisegena (Boddaert, 1783)	13	SPECIES	ACCEPTED	Animalia	N	Chordata	CH2	Aves	V2	Podicipediformes	3V6	Podicipedidae	627FZ	Podiceps	6TBH	Podiceps grisegena	4KPNX	LC
5GCKC	Certhia brachydactyla megarhynchos C. L. Brehm, 1831	5GCKC	Certhia brachydactyla megarhynchos C. L. Brehm, 1831	8	SUBSPECIES	ACCEPTED	Animalia	N	Chordata	CH2	Aves	V2	Passeriformes	3RL	Certhiidae	7XP	Certhia	3L8X	Certhia brachydactyla	69N9M	
5FN3J	Anser albifrons albifrons (Scopoli, 1769)	5FN3J	Anser albifrons albifrons (Scopoli, 1769)	6	SUBSPECIES	ACCEPTED	Animalia	N	Chordata	CH2	Aves	V2	Anseriformes	PQ	Anatidae	9H6K5	Anser	X5D	Anser albifrons	679WV	
485KR	Nycticorax nycticorax (Linnaeus, 1758)	485KR	Nycticorax nycticorax (Linnaeus, 1758)	15	SPECIES	ACCEPTED	Animalia	N	Chordata	CH2	Aves	V2	Pelecaniformes	3RZ	Ardeidae	6PB	Nycticorax	65ZQ	Nycticorax nycticorax	485KR	LC
62XFH	Larus Linnaeus, 1758	62XFH	Larus Linnaeus, 1758	6	GENUS	ACCEPTED	Animalia	N	Chordata	CH2	Aves	V2	Charadriiformes	X3	Laridae	BSK	Larus	62XFH			
DDBMH	Curruca curruca blythi (Ticehurst & Whistler, 1933)	DDBMH	Curruca curruca blythi (Ticehurst & Whistler, 1933)	1	SUBSPECIES	ACCEPTED	Animalia	N	Chordata	CH2	Aves	V2	Passeriformes	3RL	Sylviidae	626LT	Curruca	DDBLS	Curruca curruca	DDBMF	
3S7BL	Lanius cristatus Linnaeus, 1758	3S7BL	Lanius cristatus Linnaeus, 1758	3	SPECIES	ACCEPTED	Animalia	N	Chordata	CH2	Aves	V2	Passeriformes	3RL	Laniidae	BS2	Lanius	62XLP	Lanius cristatus	3S7BL	LC
VG87	Circus pygargus (Linnaeus, 1758)	VG87	Circus pygargus (Linnaeus, 1758)	8	SPECIES	ACCEPTED	Animalia	N	Chordata	CH2	Aves	V2	Accipitriformes	MB	Accipitridae	5W6	Circus	3Q54	Circus pygargus	VG87	LC
4DZCM	Pastor roseus (Linnaeus, 1758)	4DZCM	Pastor roseus (Linnaeus, 1758)	1	SPECIES	ACCEPTED	Animalia	N	Chordata	CH2	Aves	V2	Passeriformes	3RL	Sturnidae	GRP	Pastor	6JGW	Pastor roseus	4DZCM	LC
NBQ3Z	Curruca undata (Boddaert, 1783)	NBQ3Z	Curruca undata (Boddaert, 1783)	4	SPECIES	ACCEPTED	Animalia	N	Chordata	CH2	Aves	V2	Passeriformes	3RL	Sylviidae	626LT	Curruca	DDBLS	Curruca undata	NBQ3Z	NT
5Y8VT	Chloephaga picta (J. F. Gmelin, 1789)	5Y8VT	Chloephaga picta (J. F. Gmelin, 1789)	1	SPECIES	ACCEPTED	Animalia	N	Chordata	CH2	Aves	V2	Anseriformes	PQ	Anatidae	9H6K5	Chloephaga	3NJP	Chloephaga picta	5Y8VT	LC
5FNWP	Anthus trivialis trivialis (Linnaeus, 1758)	5FNWP	Anthus trivialis trivialis (Linnaeus, 1758)	1	SUBSPECIES	ACCEPTED	Animalia	N	Chordata	CH2	Aves	V2	Passeriformes	3RL	Motacillidae	CYC	Anthus	XJ7	Anthus trivialis	5VKFM	
4KPNN	Podiceps auritus (Linnaeus, 1758)	4KPNN	Podiceps auritus (Linnaeus, 1758)	8	SPECIES	ACCEPTED	Animalia	N	Chordata	CH2	Aves	V2	Podicipediformes	3V6	Podicipedidae	627FZ	Podiceps	6TBH	Podiceps auritus	4KPNN	VU
9HKDN	Sibirionetta formosa (Georgi, 1775)	9HKDN	Sibirionetta formosa (Georgi, 1775)	2	SPECIES	ACCEPTED	Animalia	N	Chordata	CH2	Aves	V2	Anseriformes	PQ	Anatidae	9H6K5	Sibirionetta	9HGYD	Sibirionetta formosa	9HKDN	LC
6QGKV	Linaria flavirostris (Linnaeus, 1758)	6QGKV	Linaria flavirostris (Linnaeus, 1758)	2	SPECIES	ACCEPTED	Animalia	N	Chordata	CH2	Aves	V2	Passeriformes	3RL	Fringillidae	6244D	Linaria	62YPP	Linaria flavirostris	6QGKV	LC
77FMM	Phylloscopus ibericus Ticehurst, 1937	77FMM	Phylloscopus ibericus Ticehurst, 1937	2	SPECIES	ACCEPTED	Animalia	N	Chordata	CH2	Aves	V2	Passeriformes	3RL	Phylloscopidae	625K5	Phylloscopus	6PRN	Phylloscopus ibericus	77FMM	LC
PK4C	Calidris melanotos (Vieillot, 1819)	PK4C	Calidris melanotos (Vieillot, 1819)	1	SPECIES	ACCEPTED	Animalia	N	Chordata	CH2	Aves	V2	Charadriiformes	X3	Scolopacidae	G4X	Calidris	3F8J	Calidris melanotos	PK4C	LC
59PLD	Turdus eunomus Temminck, 1831	59PLD	Turdus eunomus Temminck, 1831	4	SPECIES	ACCEPTED	Animalia	N	Chordata	CH2	Aves	V2	Passeriformes	3RL	Turdidae	T4K9X	Turdus	647VS	Turdus eunomus	59PLD	LC
58VJ3	Tringa flavipes (J. F. Gmelin, 1789)	58VJ3	Tringa flavipes (J. F. Gmelin, 1789)	1	SPECIES	ACCEPTED	Animalia	N	Chordata	CH2	Aves	V2	Charadriiformes	X3	Scolopacidae	G4X	Tringa	8288	Tringa flavipes	58VJ3	VU
75Z8F	Pelecanus crispus Bruch, 1832	75Z8F	Pelecanus crispus Bruch, 1832	1	SPECIES	ACCEPTED	Animalia	N	Chordata	CH2	Aves	V2	Pelecaniformes	3RZ	Pelecanidae	625T5	Pelecanus	6K7T	Pelecanus crispus	75Z8F	NT
NYV7	Buteo buteo (Linnaeus, 1758)	NYV7	Buteo buteo (Linnaeus, 1758)	1489	SPECIES	ACCEPTED	Animalia	N	Chordata	CH2	Aves	V2	Accipitriformes	MB	Accipitridae	5W6	Buteo	62HVC	Buteo buteo	NYV7	LC
4DXXM	Passer domesticus (Linnaeus, 1758)	4DXXM	Passer domesticus (Linnaeus, 1758)	824	SPECIES	ACCEPTED	Animalia	N	Chordata	CH2	Aves	V2	Passeriformes	3RL	Passeridae	626DC	Passer	6JFY	Passer domesticus	4DXXM	LC
5384V	Sturnus vulgaris Linnaeus, 1758	5384V	Sturnus vulgaris Linnaeus, 1758	583	SPECIES	ACCEPTED	Animalia	N	Chordata	CH2	Aves	V2	Passeriformes	3RL	Sturnidae	GRP	Sturnus	7PLY	Sturnus vulgaris	5384V	LC
4HR3F	Picus viridis Linnaeus, 1758	4HR3F	Picus viridis Linnaeus, 1758	276	SPECIES	ACCEPTED	Animalia	N	Chordata	CH2	Aves	V2	Piciformes	3TR	Picidae	625L8	Picus	63MCB	Picus viridis	4HR3F	LC
58VJH	Tringa totanus (Linnaeus, 1758)	58VJH	Tringa totanus (Linnaeus, 1758)	191	SPECIES	ACCEPTED	Animalia	N	Chordata	CH2	Aves	V2	Charadriiformes	X3	Scolopacidae	G4X	Tringa	8288	Tringa totanus	58VJH	LC
5XWQ6	Chloris chloris (Linnaeus, 1758)	5XWQ6	Chloris chloris (Linnaeus, 1758)	246	SPECIES	ACCEPTED	Animalia	N	Chordata	CH2	Aves	V2	Passeriformes	3RL	Fringillidae	6244D	Chloris	62LWM	Chloris chloris	5XWQ6	LC
5GRFJ	Cygnus columbianus bewickii Yarrell, 1830	5GRFJ	Cygnus columbianus bewickii Yarrell, 1830	29	SUBSPECIES	ACCEPTED	Animalia	N	Chordata	CH2	Aves	V2	Anseriformes	PQ	Anatidae	9H6K5	Cygnus	9H7JC	Cygnus columbianus	32ZQ6	
6DYRB	Egretta garzetta (Linnaeus, 1766)	6DYRB	Egretta garzetta (Linnaeus, 1766)	175	SPECIES	ACCEPTED	Animalia	N	Chordata	CH2	Aves	V2	Pelecaniformes	3RZ	Ardeidae	6PB	Egretta	62QNG	Egretta garzetta	6DYRB	LC
4KKPV	Pluvialis apricaria (Linnaeus, 1758)	4KKPV	Pluvialis apricaria (Linnaeus, 1758)	16	SPECIES	ACCEPTED	Animalia	N	Chordata	CH2	Aves	V2	Charadriiformes	X3	Charadriidae	824	Pluvialis	6T7B	Pluvialis apricaria	4KKPV	LC
X5D	Anser Brisson, 1760	X5D	Anser Brisson, 1760	60	GENUS	ACCEPTED	Animalia	N	Chordata	CH2	Aves	V2	Anseriformes	PQ	Anatidae	9H6K5	Anser	X5D			
69N9M	Certhia brachydactyla C. L. Brehm, 1820	69N9M	Certhia brachydactyla C. L. Brehm, 1820	272	SPECIES	ACCEPTED	Animalia	N	Chordata	CH2	Aves	V2	Passeriformes	3RL	Certhiidae	7XP	Certhia	3L8X	Certhia brachydactyla	69N9M	LC
4T594	Rissa tridactyla (Linnaeus, 1758)	4T594	Rissa tridactyla (Linnaeus, 1758)	21	SPECIES	ACCEPTED	Animalia	N	Chordata	CH2	Aves	V2	Charadriiformes	X3	Laridae	BSK	Rissa	643QY	Rissa tridactyla	4T594	VU
5HBSD	Falco peregrinus peregrinus Tunstall, 1771	5HBSD	Falco peregrinus peregrinus Tunstall, 1771	10	SUBSPECIES	ACCEPTED	Animalia	N	Chordata	CH2	Aves	V2	Falconiformes	386	Falconidae	623R8	Falco	62SZ6	Falco peregrinus	3DTGL	
44G9F	Motacilla flava Linnaeus, 1758	44G9F	Motacilla flava Linnaeus, 1758	91	SPECIES	ACCEPTED	Animalia	N	Chordata	CH2	Aves	V2	Passeriformes	3RL	Motacillidae	CYC	Motacilla	63CMY	Motacilla flava	44G9F	LC
6JPSG	Fringilla montifringilla Linnaeus, 1758	6JPSG	Fringilla montifringilla Linnaeus, 1758	126	SPECIES	ACCEPTED	Animalia	N	Chordata	CH2	Aves	V2	Passeriformes	3RL	Fringillidae	6244D	Fringilla	4L6M	Fringilla montifringilla	6JPSG	LC
6XR3F	Saxicola rubetra (Linnaeus, 1758)	6XR3F	Saxicola rubetra (Linnaeus, 1758)	64	SPECIES	ACCEPTED	Animalia	N	Chordata	CH2	Aves	V2	Passeriformes	3RL	Muscicapidae	CZN	Saxicola	7CV9	Saxicola rubetra	6XR3F	LC
9HM4J	Oressochen melanopterus (Eyton, 1838)	5XX7T	Chloephaga melanoptera (Eyton, 1838)	1	SPECIES	SYNONYM	Animalia	N	Chordata	CH2	Aves	V2	Anseriformes	PQ	Anatidae	9H6K5	Chloephaga	3NJP	Chloephaga melanoptera	5XX7T	
679WV	Anser albifrons (Scopoli, 1769)	679WV	Anser albifrons (Scopoli, 1769)	144	SPECIES	ACCEPTED	Animalia	N	Chordata	CH2	Aves	V2	Anseriformes	PQ	Anatidae	9H6K5	Anser	X5D	Anser albifrons	679WV	LC
7JN6H	Columba palumbus palumbus Linnaeus, 1758	7JN6H	Columba palumbus palumbus Linnaeus, 1758	61	SUBSPECIES	ACCEPTED	Animalia	N	Chordata	CH2	Aves	V2	Columbiformes	Z8	Columbidae	8GD	Columba	3SMP	Columba palumbus	XBGG	
NX9BB	Gallus gallus domesticus (Linnaeus, 1758)	DJ4L6	Gallus gallus f. domestica	5	SUBSPECIES	SYNONYM	Animalia	N	Chordata	CH2	Aves	V2	Galliformes	38Z	Phasianidae	625WG	Gallus	4LYQ	Gallus gallus	3F72J	
52D8Q	Stercorarius skua (Brünnich, 1764)	52D8Q	Stercorarius skua (Brünnich, 1764)	4	SPECIES	ACCEPTED	Animalia	N	Chordata	CH2	Aves	V2	Charadriiformes	X3	Stercorariidae	GNX	Stercorarius	7N5S	Stercorarius skua	52D8Q	LC
4DXY4	Passer montanus (Linnaeus, 1758)	4DXY4	Passer montanus (Linnaeus, 1758)	25	SPECIES	ACCEPTED	Animalia	N	Chordata	CH2	Aves	V2	Passeriformes	3RL	Passeridae	626DC	Passer	6JFY	Passer montanus	4DXY4	LC
7KNTM	Poecile palustris palustris (Linnaeus, 1758)	7KNTM	Poecile palustris palustris (Linnaeus, 1758)	2	SUBSPECIES	ACCEPTED	Animalia	N	Chordata	CH2	Aves	V2	Passeriformes	3RL	Paridae	626B2	Poecile	6TGS	Poecile palustris	4KSC9	
BDDV	Aix sponsa (Linnaeus, 1758)	BDDV	Aix sponsa (Linnaeus, 1758)	16	SPECIES	ACCEPTED	Animalia	N	Chordata	CH2	Aves	V2	Anseriformes	PQ	Anatidae	9H6K5	Aix	R89	Aix sponsa	BDDV	LC
7T2T9	Dendrocoptes medius (Linnaeus, 1758)	7T2T9	Dendrocoptes medius (Linnaeus, 1758)	61	SPECIES	ACCEPTED	Animalia	N	Chordata	CH2	Aves	V2	Piciformes	3TR	Picidae	625L8	Dendrocoptes	7NVP8	Dendrocoptes medius	7T2T9	LC
7KMFJ	Pica pica pica (Linnaeus, 1758)	7KMFJ	Pica pica pica (Linnaeus, 1758)	26	SUBSPECIES	ACCEPTED	Animalia	N	Chordata	CH2	Aves	V2	Passeriformes	3RL	Corvidae	8L6	Pica	63MBS	Pica pica	4HPXM	
486M2	Nymphicus hollandicus (Kerr, 1792)	486M2	Nymphicus hollandicus (Kerr, 1792)	7	SPECIES	ACCEPTED	Animalia	N	Chordata	CH2	Aves	V2	Psittaciformes	3X7	Cacatuidae	C3K78	Nymphicus	6644	Nymphicus hollandicus	486M2	LC
5HDJ5	Fringilla coelebs coelebs Linnaeus, 1758	5HDJ5	Fringilla coelebs coelebs Linnaeus, 1758	12	SUBSPECIES	ACCEPTED	Animalia	N	Chordata	CH2	Aves	V2	Passeriformes	3RL	Fringillidae	6244D	Fringilla	4L6M	Fringilla coelebs	6JPSJ	
5H2WL	Egretta garzetta garzetta (Linnaeus, 1766)	5H2WL	Egretta garzetta garzetta (Linnaeus, 1766)	6	SUBSPECIES	ACCEPTED	Animalia	N	Chordata	CH2	Aves	V2	Pelecaniformes	3RZ	Ardeidae	6PB	Egretta	62QNG	Egretta garzetta	6DYRB	
3L8X	Certhia Linnaeus, 1758	3L8X	Certhia Linnaeus, 1758	8	GENUS	ACCEPTED	Animalia	N	Chordata	CH2	Aves	V2	Passeriformes	3RL	Certhiidae	7XP	Certhia	3L8X			
5JSV7	Myiopsitta monachus monachus (Boddaert, 1783)	5JSV7	Myiopsitta monachus monachus (Boddaert, 1783)	1	SUBSPECIES	ACCEPTED	Animalia	N	Chordata	CH2	Aves	V2	Psittaciformes	3X7	Psittacidae	FBD	Myiopsitta	63D34	Myiopsitta monachus	4532H	
5FNV8	Anthus pratensis pratensis (Linnaeus, 1758)	5FNV8	Anthus pratensis pratensis (Linnaeus, 1758)	1	SUBSPECIES	ACCEPTED	Animalia	N	Chordata	CH2	Aves	V2	Passeriformes	3RL	Motacillidae	CYC	Anthus	XJ7	Anthus pratensis	67KF6	
3WTTR	Lyrurus tetrix (Linnaeus, 1758)	3WTTR	Lyrurus tetrix (Linnaeus, 1758)	3	SPECIES	ACCEPTED	Animalia	N	Chordata	CH2	Aves	V2	Galliformes	38Z	Phasianidae	625WG	Lyrurus	639RX	Lyrurus tetrix	3WTTR	LC
N74G	Branta sandvicensis (Vigors, 1834)	N74G	Branta sandvicensis (Vigors, 1834)	1	SPECIES	ACCEPTED	Animalia	N	Chordata	CH2	Aves	V2	Anseriformes	PQ	Anatidae	9H6K5	Branta	62H39	Branta sandvicensis	N74G	NT
5FRBS	Ardea alba alba Linnaeus, 1758	5FRBS	Ardea alba alba Linnaeus, 1758	15	SUBSPECIES	ACCEPTED	Animalia	N	Chordata	CH2	Aves	V2	Pelecaniformes	3RZ	Ardeidae	6PB	Ardea	32FH	Ardea alba	GCHR	
6VFNC	Phylloscopus trochiloides (Sundevall, 1837)	6VFNC	Phylloscopus trochiloides (Sundevall, 1837)	1	SPECIES	ACCEPTED	Animalia	N	Chordata	CH2	Aves	V2	Passeriformes	3RL	Phylloscopidae	625K5	Phylloscopus	6PRN	Phylloscopus trochiloides	6VFNC	LC
7KLYD	Platalea leucorodia leucorodia Linnaeus, 1758	7KLYD	Platalea leucorodia leucorodia Linnaeus, 1758	2	SUBSPECIES	ACCEPTED	Animalia	N	Chordata	CH2	Aves	V2	Pelecaniformes	3RZ	Threskiornithidae	H89	Platalea	6RKC	Platalea leucorodia	4JMRD	
N74F	Branta ruficollis (Pallas, 1769)	N74F	Branta ruficollis (Pallas, 1769)	11	SPECIES	ACCEPTED	Animalia	N	Chordata	CH2	Aves	V2	Anseriformes	PQ	Anatidae	9H6K5	Branta	62H39	Branta ruficollis	N74F	VU
CV8KP	Icthyophaga vocifer (Daudin, 1800)	CV8KP	Icthyophaga vocifer (Daudin, 1800)	4	SPECIES	ACCEPTED	Animalia	N	Chordata	CH2	Aves	V2	Accipitriformes	MB	Accipitridae	5W6	Icthyophaga	53FR	Icthyophaga vocifer	CV8KP	LC
5CBY8	Xenus cinereus (Güldenstädt, 1775)	5CBY8	Xenus cinereus (Güldenstädt, 1775)	1	SPECIES	ACCEPTED	Animalia	N	Chordata	CH2	Aves	V2	Charadriiformes	X3	Scolopacidae	G4X	Xenus	893C	Xenus cinereus	5CBY8	LC
DRG74	Tadorna ferruginea x tadorna	DRG73	Tadorna tadorna x ferruginea	1	SPECIES	SYNONYM	Animalia	N	Chordata	CH2	Aves	V2	Anseriformes	PQ	Anatidae	9H6K5	Tadorna	645G2	Tadorna tadorna x ferruginea	DRG73	
DDBMG	Curruca curruca curruca (Linnaeus, 1758)	DDBMG	Curruca curruca curruca (Linnaeus, 1758)	1	SUBSPECIES	ACCEPTED	Animalia	N	Chordata	CH2	Aves	V2	Passeriformes	3RL	Sylviidae	626LT	Curruca	DDBLS	Curruca curruca	DDBMF	
R5BJ2	Oenanthe seebohmi (Dixon, 1882)	R5BJ2	Oenanthe seebohmi (Dixon, 1882)	2	SPECIES	ACCEPTED	Animalia	N	Chordata	CH2	Aves	V2	Passeriformes	3RL	Muscicapidae	CZN	Oenanthe	679P	Oenanthe seebohmi	R5BJ2	LC
N74B	Branta hutchinsii (Richardson, 1832)	N74B	Branta hutchinsii (Richardson, 1832)	6	SPECIES	ACCEPTED	Animalia	N	Chordata	CH2	Aves	V2	Anseriformes	PQ	Anatidae	9H6K5	Branta	62H39	Branta hutchinsii	N74B	LC
9HJGT	Mareca sibilatrix (Poeppig, 1829)	9HJGT	Mareca sibilatrix (Poeppig, 1829)	2	SPECIES	ACCEPTED	Animalia	N	Chordata	CH2	Aves	V2	Anseriformes	PQ	Anatidae	9H6K5	Mareca	9HGXM	Mareca sibilatrix	9HJGT	LC
67KDB	Anthus hodgsoni Richmond, 1907	67KDB	Anthus hodgsoni Richmond, 1907	1	SPECIES	ACCEPTED	Animalia	N	Chordata	CH2	Aves	V2	Passeriformes	3RL	Motacillidae	CYC	Anthus	XJ7	Anthus hodgsoni	67KDB	LC
9G55B	Emberiza cirlus Linnaeus, 1767	9G55B	Emberiza cirlus Linnaeus, 1767	3	SPECIES	ACCEPTED	Animalia	N	Chordata	CH2	Aves	V2	Passeriformes	3RL	Emberizidae	9N5	Emberiza	4B69	Emberiza cirlus	9G55B	LC
52D8L	Stercorarius longicaudus Vieillot, 1819	52D8L	Stercorarius longicaudus Vieillot, 1819	1	SPECIES	ACCEPTED	Animalia	N	Chordata	CH2	Aves	V2	Charadriiformes	X3	Stercorariidae	GNX	Stercorarius	7N5S	Stercorarius longicaudus	52D8L	LC
7G8T5	Xema sabini (Sabine, 1819)	7G8T5	Xema sabini (Sabine, 1819)	1	SPECIES	ACCEPTED	Animalia	N	Chordata	CH2	Aves	V2	Charadriiformes	X3	Laridae	BSK	Xema	88JP	Xema sabini	7G8T5	LC
5KJLZ	Podiceps auritus auritus (Linnaeus, 1758)	5KJLZ	Podiceps auritus auritus (Linnaeus, 1758)	1	SUBSPECIES	ACCEPTED	Animalia	N	Chordata	CH2	Aves	V2	Podicipediformes	3V6	Podicipedidae	627FZ	Podiceps	6TBH	Podiceps auritus	4KPNN	
5JYT5	Oenanthe oenanthe oenanthe (Linnaeus, 1758)	5JYT5	Oenanthe oenanthe oenanthe (Linnaeus, 1758)	1	SUBSPECIES	ACCEPTED	Animalia	N	Chordata	CH2	Aves	V2	Passeriformes	3RL	Muscicapidae	CZN	Oenanthe	679P	Oenanthe oenanthe	48X9H	
32NH2	Cyanistes caeruleus (Linnaeus, 1758)	32NH2	Cyanistes caeruleus (Linnaeus, 1758)	1343	SPECIES	ACCEPTED	Animalia	N	Chordata	CH2	Aves	V2	Passeriformes	3RL	Paridae	626B2	Cyanistes	3XN8	Cyanistes caeruleus	32NH2	LC
GCHR	Ardea alba Linnaeus, 1758	GCHR	Ardea alba Linnaeus, 1758	610	SPECIES	ACCEPTED	Animalia	N	Chordata	CH2	Aves	V2	Pelecaniformes	3RZ	Ardeidae	6PB	Ardea	32FH	Ardea alba	GCHR	LC
MRW8S	Columba livia var. domestica J.F.Gmelin, 1789	MRW8S	Columba livia var. domestica J.F.Gmelin, 1789	1016	VARIETY	ACCEPTED	Animalia	N	Chordata	CH2	Aves	V2	Columbiformes	Z8	Columbidae	8GD	Columba	3SMP	Columba livia	XBFW	
K56T	Aythya ferina (Linnaeus, 1758)	K56T	Aythya ferina (Linnaeus, 1758)	554	SPECIES	ACCEPTED	Animalia	N	Chordata	CH2	Aves	V2	Anseriformes	PQ	Anatidae	9H6K5	Aythya	36VQ	Aythya ferina	K56T	VU
4GKQY	Phoenicurus phoenicurus (Linnaeus, 1758)	4GKQY	Phoenicurus phoenicurus (Linnaeus, 1758)	71	SPECIES	ACCEPTED	Animalia	N	Chordata	CH2	Aves	V2	Passeriformes	3RL	Muscicapidae	CZN	Phoenicurus	63MGF	Phoenicurus phoenicurus	4GKQY	LC
9L82	Acrocephalus scirpaceus (Hermann, 1804)	9L82	Acrocephalus scirpaceus (Hermann, 1804)	120	SPECIES	ACCEPTED	Animalia	N	Chordata	CH2	Aves	V2	Passeriformes	3RL	Acrocephalidae	5YC	Acrocephalus	NC3	Acrocephalus scirpaceus	9L82	LC
67KF6	Anthus pratensis (Linnaeus, 1758)	67KF6	Anthus pratensis (Linnaeus, 1758)	237	SPECIES	ACCEPTED	Animalia	N	Chordata	CH2	Aves	V2	Passeriformes	3RL	Motacillidae	CYC	Anthus	XJ7	Anthus pratensis	67KF6	LC
78SHD	Regulus regulus (Linnaeus, 1758)	78SHD	Regulus regulus (Linnaeus, 1758)	236	SPECIES	ACCEPTED	Animalia	N	Chordata	CH2	Aves	V2	Passeriformes	3RL	Regulidae	FL3	Regulus	77JH	Regulus regulus	78SHD	LC
R6J7	Carduelis carduelis (Linnaeus, 1758)	R6J7	Carduelis carduelis (Linnaeus, 1758)	320	SPECIES	ACCEPTED	Animalia	N	Chordata	CH2	Aves	V2	Passeriformes	3RL	Fringillidae	6244D	Carduelis	62KHQ	Carduelis carduelis	R6J7	LC
N74C	Branta leucopsis (Bechstein, 1803)	N74C	Branta leucopsis (Bechstein, 1803)	335	SPECIES	ACCEPTED	Animalia	N	Chordata	CH2	Aves	V2	Anseriformes	PQ	Anatidae	9H6K5	Branta	62H39	Branta leucopsis	N74C	LC
3SBPX	Larus cachinnans Pallas, 1811	3SBPX	Larus cachinnans Pallas, 1811	41	SPECIES	ACCEPTED	Animalia	N	Chordata	CH2	Aves	V2	Charadriiformes	X3	Laridae	BSK	Larus	62XFH	Larus cachinnans	3SBPX	LC
4VS4Z	Scolopax rusticola Linnaeus, 1758	4VS4Z	Scolopax rusticola Linnaeus, 1758	40	SPECIES	ACCEPTED	Animalia	N	Chordata	CH2	Aves	V2	Charadriiformes	X3	Scolopacidae	G4X	Scolopax	6455D	Scolopax rusticola	4VS4Z	LC
5HBTR	Falco tinnunculus tinnunculus Linnaeus, 1758	5HBTR	Falco tinnunculus tinnunculus Linnaeus, 1758	34	SUBSPECIES	ACCEPTED	Animalia	N	Chordata	CH2	Aves	V2	Falconiformes	386	Falconidae	623R8	Falco	62SZ6	Falco tinnunculus	3DTGW	
3SBPZ	Larus canus Linnaeus, 1758	3SBPZ	Larus canus Linnaeus, 1758	169	SPECIES	ACCEPTED	Animalia	N	Chordata	CH2	Aves	V2	Charadriiformes	X3	Laridae	BSK	Larus	62XFH	Larus canus	3SBPZ	LC
5G3KG	Buteo buteo buteo (Linnaeus, 1758)	5G3KG	Buteo buteo buteo (Linnaeus, 1758)	90	SUBSPECIES	ACCEPTED	Animalia	N	Chordata	CH2	Aves	V2	Accipitriformes	MB	Accipitridae	5W6	Buteo	62HVC	Buteo buteo	NYV7	
6Z52Z	Sitta europaea Linnaeus, 1758	6Z52Z	Sitta europaea Linnaeus, 1758	439	SPECIES	ACCEPTED	Animalia	N	Chordata	CH2	Aves	V2	Passeriformes	3RL	Sittidae	626XK	Sitta	7HWK	Sitta europaea	6Z52Z	LC
5HYQT	Hirundo rustica rustica Linnaeus, 1758	5HYQT	Hirundo rustica rustica Linnaeus, 1758	23	SUBSPECIES	ACCEPTED	Animalia	N	Chordata	CH2	Aves	V2	Passeriformes	3RL	Hirundinidae	B3Y	Hirundo	6376D	Hirundo rustica	3M4S7	
7DLHC	Upupa epops Linnaeus, 1758	7DLHC	Upupa epops Linnaeus, 1758	15	SPECIES	ACCEPTED	Animalia	N	Chordata	CH2	Aves	V2	Bucerotiformes	6229W	Upupidae	626S6	Upupa	8528	Upupa epops	7DLHC	LC
4KKPY	Pluvialis squatarola (Linnaeus, 1758)	4KKPY	Pluvialis squatarola (Linnaeus, 1758)	34	SPECIES	ACCEPTED	Animalia	N	Chordata	CH2	Aves	V2	Charadriiformes	X3	Charadriidae	824	Pluvialis	6T7B	Pluvialis squatarola	4KKPY	VU
58VJ2	Tringa erythropus (Pallas, 1764)	58VJ2	Tringa erythropus (Pallas, 1764)	36	SPECIES	ACCEPTED	Animalia	N	Chordata	CH2	Aves	V2	Charadriiformes	X3	Scolopacidae	G4X	Tringa	8288	Tringa erythropus	58VJ2	LC
3SBQM	Larus marinus Linnaeus, 1758	3SBQM	Larus marinus Linnaeus, 1758	70	SPECIES	ACCEPTED	Animalia	N	Chordata	CH2	Aves	V2	Charadriiformes	X3	Laridae	BSK	Larus	62XFH	Larus marinus	3SBQM	LC
6866L	Asio otus (Linnaeus, 1758)	6866L	Asio otus (Linnaeus, 1758)	82	SPECIES	ACCEPTED	Animalia	N	Chordata	CH2	Aves	V2	Strigiformes	466	Strigidae	GQX	Asio	33VY	Asio otus	6866L	LC
9HKHG	Spatula querquedula (Linnaeus, 1758)	9HKHG	Spatula querquedula (Linnaeus, 1758)	37	SPECIES	ACCEPTED	Animalia	N	Chordata	CH2	Aves	V2	Anseriformes	PQ	Anatidae	9H6K5	Spatula	9HGYJ	Spatula querquedula	9HKHG	LC
77FML	Phylloscopus fuscatus (Blyth, 1842)	77FML	Phylloscopus fuscatus (Blyth, 1842)	4	SPECIES	ACCEPTED	Animalia	N	Chordata	CH2	Aves	V2	Passeriformes	3RL	Phylloscopidae	625K5	Phylloscopus	6PRN	Phylloscopus fuscatus	77FML	LC
5GGLR	Circus aeruginosus aeruginosus (Linnaeus, 1758)	5GGLR	Circus aeruginosus aeruginosus (Linnaeus, 1758)	17	SUBSPECIES	ACCEPTED	Animalia	N	Chordata	CH2	Aves	V2	Accipitriformes	MB	Accipitridae	5W6	Circus	3Q54	Circus aeruginosus	5Z6WQ	
4KSC7	Poecile montanus (Conrad von Baldenstein, 1827)	4KSC7	Poecile montanus (Conrad von Baldenstein, 1827)	8	SPECIES	ACCEPTED	Animalia	N	Chordata	CH2	Aves	V2	Passeriformes	3RL	Paridae	626B2	Poecile	6TGS	Poecile montanus	4KSC7	LC
7J7PX	Aegithalos caudatus caudatus (Linnaeus, 1758)	7J7PX	Aegithalos caudatus caudatus (Linnaeus, 1758)	2	SUBSPECIES	ACCEPTED	Animalia	N	Chordata	CH2	Aves	V2	Passeriformes	3RL	Aegithalidae	63D	Aegithalos	629KV	Aegithalos caudatus	64WQQ	
66XWT	Anser rossii Cassin, 1861	66XWT	Anser rossii Cassin, 1861	11	SPECIES	ACCEPTED	Animalia	N	Chordata	CH2	Aves	V2	Anseriformes	PQ	Anatidae	9H6K5	Anser	X5D	Anser rossii	66XWT	LC
6QFD3	Limosa lapponica (Linnaeus, 1758)	6QFD3	Limosa lapponica (Linnaeus, 1758)	28	SPECIES	ACCEPTED	Animalia	N	Chordata	CH2	Aves	V2	Charadriiformes	X3	Scolopacidae	G4X	Limosa	62YMT	Limosa lapponica	6QFD3	NT
9HP5X	Spatula versicolor (Vieillot, 1816)	9HP5X	Spatula versicolor (Vieillot, 1816)	1	SPECIES	ACCEPTED	Animalia	N	Chordata	CH2	Aves	V2	Anseriformes	PQ	Anatidae	9H6K5	Spatula	9HGYJ	Spatula versicolor	9HP5X	LC
732CT	Lullula arborea (Linnaeus, 1758)	732CT	Lullula arborea (Linnaeus, 1758)	29	SPECIES	ACCEPTED	Animalia	N	Chordata	CH2	Aves	V2	Passeriformes	3RL	Alaudidae	667	Lullula	5H93	Lullula arborea	732CT	LC
77FMW	Phylloscopus sibilatrix (Bechstein, 1793)	6VFN8	Phylloscopus sibillatrix (Bechstein, 1792)	12	SPECIES	SYNONYM	Animalia	N	Chordata	CH2	Aves	V2	Passeriformes	3RL	Phylloscopidae	625K5	Phylloscopus	6PRN	Phylloscopus sibillatrix	6VFN8	
PK44	Calidris canutus (Linnaeus, 1758)	PK44	Calidris canutus (Linnaeus, 1758)	11	SPECIES	ACCEPTED	Animalia	N	Chordata	CH2	Aves	V2	Charadriiformes	X3	Scolopacidae	G4X	Calidris	3F8J	Calidris canutus	PK44	NT
7JP2Q	Delichon urbicum urbicum (Linnaeus, 1758)	7JP2Q	Delichon urbicum urbicum (Linnaeus, 1758)	6	SUBSPECIES	ACCEPTED	Animalia	N	Chordata	CH2	Aves	V2	Passeriformes	3RL	Hirundinidae	B3Y	Delichon	42MV	Delichon urbicum	34GHX	
5G23C	Branta bernicla bernicla (Linnaeus, 1758)	5G23C	Branta bernicla bernicla (Linnaeus, 1758)	3	SUBSPECIES	ACCEPTED	Animalia	N	Chordata	CH2	Aves	V2	Anseriformes	PQ	Anatidae	9H6K5	Branta	62H39	Branta bernicla	N749	
5JRRX	Motacilla cinerea cinerea Tunstall, 1771	5JRRX	Motacilla cinerea cinerea Tunstall, 1771	15	SUBSPECIES	ACCEPTED	Animalia	N	Chordata	CH2	Aves	V2	Passeriformes	3RL	Motacillidae	CYC	Motacilla	63CMY	Motacilla cinerea	44G9B	
66Y94	Anser erythropus (Linnaeus, 1758)	66Y94	Anser erythropus (Linnaeus, 1758)	7	SPECIES	ACCEPTED	Animalia	N	Chordata	CH2	Aves	V2	Anseriformes	PQ	Anatidae	9H6K5	Anser	X5D	Anser erythropus	66Y94	VU
D5K7H	Anarhynchus alexandrinus	TMWL	Charadrius alexandrinus Linnaeus, 1758	2	SPECIES	SYNONYM	Animalia	N	Chordata	CH2	Aves	V2	Charadriiformes	X3	Charadriidae	824	Charadrius	3M7T	Charadrius alexandrinus	TMWL	
642T9	Psittacula Cuvier, 1800	642T9	Psittacula Cuvier, 1800	2	GENUS	ACCEPTED	Animalia	N	Chordata	CH2	Aves	V2	Psittaciformes	3X7	Psittaculidae	C3KV6	Psittacula	642T9			
K56N	Aythya affinis (Eyton, 1838)	K56N	Aythya affinis (Eyton, 1838)	1	SPECIES	ACCEPTED	Animalia	N	Chordata	CH2	Aves	V2	Anseriformes	PQ	Anatidae	9H6K5	Aythya	36VQ	Aythya affinis	K56N	LC
6QLJV	Locustella luscinioides (Savi, 1824)	6QLJV	Locustella luscinioides (Savi, 1824)	9	SPECIES	ACCEPTED	Animalia	N	Chordata	CH2	Aves	V2	Passeriformes	3RL	Locustellidae	C5V	Locustella	5G59	Locustella luscinioides	6QLJV	LC
3ZN3R	Melopsittacus undulatus (Shaw, 1805)	3ZN3R	Melopsittacus undulatus (Shaw, 1805)	9	SPECIES	ACCEPTED	Animalia	N	Chordata	CH2	Aves	V2	Psittaciformes	3X7	Psittaculidae	C3KV6	Melopsittacus	5NW2	Melopsittacus undulatus	3ZN3R	LC
B76F3	Mareca strepera strepera (Linnaeus, 1758)	B76F3	Mareca strepera strepera (Linnaeus, 1758)	17	SUBSPECIES	ACCEPTED	Animalia	N	Chordata	CH2	Aves	V2	Anseriformes	PQ	Anatidae	9H6K5	Mareca	9HGXM	Mareca strepera	9HJGV	
7JMW3	Columba oenas oenas Linnaeus, 1758	7JMW3	Columba oenas oenas Linnaeus, 1758	6	SUBSPECIES	ACCEPTED	Animalia	N	Chordata	CH2	Aves	V2	Columbiformes	Z8	Columbidae	8GD	Columba	3SMP	Columba oenas	5ZQ9C	
72LK9	Locustella fluviatilis (Wolf, 1810)	72LK9	Locustella fluviatilis (Wolf, 1810)	4	SPECIES	ACCEPTED	Animalia	N	Chordata	CH2	Aves	V2	Passeriformes	3RL	Locustellidae	C5V	Locustella	5G59	Locustella fluviatilis	72LK9	LC
3C2DL	Eudocimus ruber (Linnaeus, 1758)	3C2DL	Eudocimus ruber (Linnaeus, 1758)	1	SPECIES	ACCEPTED	Animalia	N	Chordata	CH2	Aves	V2	Pelecaniformes	3RZ	Threskiornithidae	H89	Eudocimus	635CX	Eudocimus ruber	3C2DL	LC
DDBLV	Curruca nisoria nisoria (Bechstein, 1792)	DDBLV	Curruca nisoria nisoria (Bechstein, 1792)	1	SUBSPECIES	ACCEPTED	Animalia	N	Chordata	CH2	Aves	V2	Passeriformes	3RL	Sylviidae	626LT	Curruca	DDBLS	Curruca nisoria	DDBLT	
7JSBJ	Garrulus glandarius glandarius (Linnaeus, 1758)	7JSBJ	Garrulus glandarius glandarius (Linnaeus, 1758)	4	SUBSPECIES	ACCEPTED	Animalia	N	Chordata	CH2	Aves	V2	Passeriformes	3RL	Corvidae	8L6	Garrulus	4M9W	Garrulus glandarius	6JYHZ	
5Y8W5	Chloephaga poliocephala P. L. Sclater, 1857	5Y8W5	Chloephaga poliocephala P. L. Sclater, 1857	1	SPECIES	ACCEPTED	Animalia	N	Chordata	CH2	Aves	V2	Anseriformes	PQ	Anatidae	9H6K5	Chloephaga	3NJP	Chloephaga poliocephala	5Y8W5	LC
D5K8J	Microcarbo pygmaeus (Pallas, 1773)	D5K8J	Microcarbo pygmaeus (Pallas, 1773)	5	SPECIES	ACCEPTED	Animalia	N	Chordata	CH2	Aves	V2	Suliformes	46J	Phalacrocoracidae	62694	Microcarbo	5RJY	Microcarbo pygmaeus	D5K8J	LC
5JDBW	Limosa lapponica lapponica (Linnaeus, 1758)	5JDBW	Limosa lapponica lapponica (Linnaeus, 1758)	1	SUBSPECIES	ACCEPTED	Animalia	N	Chordata	CH2	Aves	V2	Charadriiformes	X3	Scolopacidae	G4X	Limosa	62YMT	Limosa lapponica	6QFD3	
787WV	Porphyrio porphyrio (Linnaeus, 1758)	787WV	Porphyrio porphyrio (Linnaeus, 1758)	1	SPECIES	ACCEPTED	Animalia	N	Chordata	CH2	Aves	V2	Gruiformes	6223K	Rallidae	FJ9	Porphyrio	63PZ4	Porphyrio porphyrio	787WV	LC
3W3GS	Lophodytes cucullatus (Linnaeus, 1758)	3W3GS	Lophodytes cucullatus (Linnaeus, 1758)	2	SPECIES	ACCEPTED	Animalia	N	Chordata	CH2	Aves	V2	Anseriformes	PQ	Anatidae	9H6K5	Lophodytes	5GL3	Lophodytes cucullatus	3W3GS	LC
6K9FQ	Gallinago media (Latham, 1787)	6K9FQ	Gallinago media (Latham, 1787)	2	SPECIES	ACCEPTED	Animalia	N	Chordata	CH2	Aves	V2	Charadriiformes	X3	Scolopacidae	G4X	Gallinago	4LXT	Gallinago media	6K9FQ	NT
J6C	Ardeinae Leach, 1820	6PB	Ardeidae Leach, 1820	1	SUBFAMILY	SYNONYM	Animalia	N	Chordata	CH2	Aves	V2	Pelecaniformes	3RZ	Ardeidae	6PB					
4Y8FV	Somateria spectabilis (Linnaeus, 1758)	4Y8FV	Somateria spectabilis (Linnaeus, 1758)	1	SPECIES	ACCEPTED	Animalia	N	Chordata	CH2	Aves	V2	Anseriformes	PQ	Anatidae	9H6K5	Somateria	7JL9	Somateria spectabilis	4Y8FV	LC
