taxonKey	 scientificName                                             	 acceptedTaxonKey	 acceptedScientificName                                     	 numberOfOccurrences	 taxonRank 	 taxonomicStatus       	 kingdom 	 kingdomKey	 phylum  	 phylumKey	 class	 classKey	 order            	 orderKey	 family           	 familyKey	 genus          	 genusKey	 species                              	 speciesKey	 iucnRedListCategory
 2480537	 Buteo buteo (Linnaeus, 1758)                               	          2480537	 Buteo buteo (Linnaeus, 1758)                               	              361535	 SPECIES   	 ACCEPTED              	 Animalia	          1	 Chordata	        44	 Aves 	      212	 Accipitriformes  	  7191147	 Accipitridae     	      2877	 Buteo          	  2480517	 Buteo buteo                          	    2480537	 LC
 2490719	 Turdus merula Linnaeus, 1758                               	          2490719	 Turdus merula Linnaeus, 1758                               	              307719	 SPECIES   	 ACCEPTED              	 Animalia	          1	 Chordata	        44	 Aves 	      212	 Passeriformes    	      729	 Turdidae         	      5290	 Turdus         	  2490714	 Turdus merula                        	    2490719	 LC
 2495455	 Columba palumbus Linnaeus, 1758                            	          2495455	 Columba palumbus Linnaeus, 1758                            	              292311	 SPECIES   	 ACCEPTED              	 Animalia	          1	 Chordata	        44	 Aves 	      212	 Columbiformes    	     1446	 Columbidae       	      5233	 Columba        	  2495404	 Columba palumbus                     	    2495455	 LC
 2494422	 Fringilla coelebs Linnaeus, 1758                           	          2494422	 Fringilla coelebs Linnaeus, 1758                           	              261833	 SPECIES   	 ACCEPTED              	 Animalia	          1	 Chordata	        44	 Aves 	      212	 Passeriformes    	      729	 Fringillidae     	      5242	 Fringilla      	  2494421	 Fringilla coelebs                    	    2494422	 LC
 9705453	 Parus major Linnaeus, 1758                                 	          9705453	 Parus major Linnaeus, 1758                                 	              250525	 SPECIES   	 ACCEPTED              	 Animalia	          1	 Chordata	        44	 Aves 	      212	 Passeriformes    	      729	 Paridae          	      9327	 Parus          	  2487923	 Parus major                          	    9705453	 LC
 2493091	 Phylloscopus collybita (Vieillot, 1817)                    	          2493091	 Phylloscopus collybita (Vieillot, 1817)                    	              240001	 SPECIES   	 ACCEPTED              	 Animalia	          1	 Chordata	        44	 Aves 	      212	 Passeriformes    	      729	 Phylloscopidae   	   6100963	 Phylloscopus   	  2493047	 Phylloscopus collybita               	    2493091	 LC
 2492462	 Erithacus rubecula (Linnaeus, 1758)                        	          2492462	 Erithacus rubecula (Linnaeus, 1758)                        	              233559	 SPECIES   	 ACCEPTED              	 Animalia	          1	 Chordata	        44	 Aves 	      212	 Passeriformes    	      729	 Muscicapidae     	      9322	 Erithacus      	  2492460	 Erithacus rubecula                   	    2492462	 LC
 5231438	 Troglodytes troglodytes (Linnaeus, 1758)                   	          5231438	 Troglodytes troglodytes (Linnaeus, 1758)                   	              232453	 SPECIES   	 ACCEPTED              	 Animalia	          1	 Chordata	        44	 Aves 	      212	 Passeriformes    	      729	 Troglodytidae    	      9355	 Troglodytes    	  2493899	 Troglodytes troglodytes              	    5231438	 LC
 9761484	 Anas platyrhynchos Linnaeus, 1758                          	          9761484	 Anas platyrhynchos Linnaeus, 1758                          	              225564	 SPECIES   	 ACCEPTED              	 Animalia	          1	 Chordata	        44	 Aves 	      212	 Anseriformes     	     1108	 Anatidae         	      2986	 Anas           	  2498056	 Anas platyrhynchos                   	    9761484	 LC
 9797180	 Ardea cinerea Linnaeus, 1758                               	          9797180	 Ardea cinerea Linnaeus, 1758                               	              222189	 SPECIES   	 ACCEPTED              	 Animalia	          1	 Chordata	        44	 Aves 	      212	 Pelecaniformes   	  7190953	 Ardeidae         	      3685	 Ardea          	  2480922	 Ardea cinerea                        	    9797180	 LC
 9409796	 Corvus corone Linnaeus, 1758                               	          9409796	 Corvus corone Linnaeus, 1758                               	              201637	 SPECIES   	 ACCEPTED              	 Animalia	          1	 Chordata	        44	 Aves 	      212	 Passeriformes    	      729	 Corvidae         	      5235	 Corvus         	  2482468	 Corvus corone                        	    9409796	 LC
 2487879	 Cyanistes caeruleus (Linnaeus, 1758)                       	          2487879	 Cyanistes caeruleus (Linnaeus, 1758)                       	              191450	 SPECIES   	 ACCEPTED              	 Animalia	          1	 Chordata	        44	 Aves 	      212	 Passeriformes    	      729	 Paridae          	      9327	 Cyanistes      	  2487875	 Cyanistes caeruleus                  	    2487879	 LC
 2481890	 Phalacrocorax carbo (Linnaeus, 1758)                       	          2481890	 Phalacrocorax carbo (Linnaeus, 1758)                       	              190807	 SPECIES   	 ACCEPTED              	 Animalia	          1	 Chordata	        44	 Aves 	      212	 Suliformes       	  7192775	 Phalacrocoracidae	      5268	 Phalacrocorax  	  2481854	 Phalacrocorax carbo                  	    2481890	 LC
 9616058	 Falco tinnunculus Linnaeus, 1758                           	          9616058	 Falco tinnunculus Linnaeus, 1758                           	              180186	 SPECIES   	 ACCEPTED              	 Animalia	          1	 Chordata	        44	 Aves 	      212	 Falconiformes    	  7191407	 Falconidae       	      5240	 Falco          	  2480996	 Falco tinnunculus                    	    9616058	 LC
 2480242	 Vanellus vanellus (Linnaeus, 1758)                         	          2480242	 Vanellus vanellus (Linnaeus, 1758)                         	              174195	 SPECIES   	 ACCEPTED              	 Animalia	          1	 Chordata	        44	 Aves 	      212	 Charadriiformes  	  7192402	 Charadriidae     	   2480210	 Vanellus       	  3242344	 Vanellus vanellus                    	    2480242	 NT
 2474377	 Fulica atra Linnaeus, 1758                                 	          2474377	 Fulica atra Linnaeus, 1758                                 	              172671	 SPECIES   	 ACCEPTED              	 Animalia	          1	 Chordata	        44	 Aves 	      212	 Gruiformes       	     1493	 Rallidae         	      9342	 Fulica         	  2474376	 Fulica atra                          	    2474377	 LC
 5229490	 Pica pica (Linnaeus, 1758)                                 	          5229490	 Pica pica (Linnaeus, 1758)                                 	              165701	 SPECIES   	 ACCEPTED              	 Animalia	          1	 Chordata	        44	 Aves 	      212	 Passeriformes    	      729	 Corvidae         	      5235	 Pica           	  7237083	 Pica pica                            	    5229490	 LC
 2477968	 Dendrocopos major (Linnaeus, 1758)                         	          2477968	 Dendrocopos major (Linnaeus, 1758)                         	              160675	 SPECIES   	 ACCEPTED              	 Animalia	          1	 Chordata	        44	 Aves 	      212	 Piciformes       	      724	 Picidae          	      9333	 Dendrocopos    	  2477899	 Dendrocopos major                    	    2477968	 LC
 2492956	 Sylvia atricapilla (Linnaeus, 1758)                        	          2492956	 Sylvia atricapilla (Linnaeus, 1758)                        	              159859	 SPECIES   	 ACCEPTED              	 Animalia	          1	 Chordata	        44	 Aves 	      212	 Passeriformes    	      729	 Sylviidae        	      5285	 Sylvia         	  2492941	 Sylvia atricapilla                   	    2492956	 LC
 2498261	 Aythya fuligula (Linnaeus, 1758)                           	          2498261	 Aythya fuligula (Linnaeus, 1758)                           	              155258	 SPECIES   	 ACCEPTED              	 Animalia	          1	 Chordata	        44	 Aves 	      212	 Anseriformes     	     1108	 Anatidae         	      2986	 Aythya         	  2498254	 Aythya fuligula                      	    2498261	 LC
 9362027	 Mareca strepera (Linnaeus, 1758)                           	          9362027	 Mareca strepera (Linnaeus, 1758)                           	              151693	 SPECIES   	 ACCEPTED              	 Animalia	          1	 Chordata	        44	 Aves 	      212	 Anseriformes     	     1108	 Anatidae         	      2986	 Mareca         	  2498314	 Mareca strepera                      	    9362027	 LC
 6065824	 Chroicocephalus ridibundus (Linnaeus, 1766)                	          6065824	 Chroicocephalus ridibundus (Linnaeus, 1766)                	              151440	 SPECIES   	 ACCEPTED              	 Animalia	          1	 Chordata	        44	 Aves 	      212	 Charadriiformes  	  7192402	 Laridae          	      9316	 Chroicocephalus	  4848452	 Chroicocephalus ridibundus           	    6065824	 LC
 6100954	 Coloeus monedula (Linnaeus, 1758)                          	          6100954	 Coloeus monedula (Linnaeus, 1758)                          	              150816	 SPECIES   	 ACCEPTED              	 Animalia	          1	 Chordata	        44	 Aves 	      212	 Passeriformes    	      729	 Corvidae         	      5235	 Coloeus        	  4852454	 Coloeus monedula                     	    6100954	 LC
 2478523	 Picus viridis Linnaeus, 1758                               	          2478523	 Picus viridis Linnaeus, 1758                               	              150091	 SPECIES   	 ACCEPTED              	 Animalia	          1	 Chordata	        44	 Aves 	      212	 Piciformes       	      724	 Picidae          	      9333	 Picus          	  2478487	 Picus viridis                        	    2478523	 LC
 5231763	 Prunella modularis (Linnaeus, 1758)                        	          5231763	 Prunella modularis (Linnaeus, 1758)                        	              145374	 SPECIES   	 ACCEPTED              	 Animalia	          1	 Chordata	        44	 Aves 	      212	 Passeriformes    	      729	 Prunellidae      	      5273	 Prunella       	  2495070	 Prunella modularis                   	    5231763	 LC
 2480637	 Accipiter nisus (Linnaeus, 1758)                           	          2480637	 Accipiter nisus (Linnaeus, 1758)                           	              139841	 SPECIES   	 ACCEPTED              	 Animalia	          1	 Chordata	        44	 Aves 	      212	 Accipitriformes  	  7191147	 Accipitridae     	      2877	 Accipiter      	  9405810	 Accipiter nisus                      	    2480637	 LC
 2482054	 Podiceps cristatus (Linnaeus, 1758)                        	          2482054	 Podiceps cristatus (Linnaeus, 1758)                        	              134559	 SPECIES   	 ACCEPTED              	 Animalia	          1	 Chordata	        44	 Aves 	      212	 Podicipediformes 	  7191588	 Podicipedidae    	      9338	 Podiceps       	  2482049	 Podiceps cristatus                   	    2482054	 LC
 9809229	 Sturnus vulgaris Linnaeus, 1758                            	          9809229	 Sturnus vulgaris Linnaeus, 1758                            	              132926	 SPECIES   	 ACCEPTED              	 Animalia	          1	 Chordata	        44	 Aves 	      212	 Passeriformes    	      729	 Sturnidae        	      9350	 Sturnus        	  2489099	 Sturnus vulgaris                     	    9809229	 LC
 2495696	 Streptopelia decaocto (Frivaldszky, 1838)                  	          2495696	 Streptopelia decaocto (Frivaldszky, 1838)                  	              132584	 SPECIES   	 ACCEPTED              	 Animalia	          1	 Chordata	        44	 Aves 	      212	 Columbiformes    	     1446	 Columbidae       	      5233	 Streptopelia   	  2495657	 Streptopelia decaocto                	    2495696	 LC
 2498009	 Tadorna tadorna (Linnaeus, 1758)                           	          2498009	 Tadorna tadorna (Linnaeus, 1758)                           	              127685	 SPECIES   	 ACCEPTED              	 Animalia	          1	 Chordata	        44	 Aves 	      212	 Anseriformes     	     1108	 Anatidae         	      2986	 Tadorna        	  2498006	 Tadorna tadorna                      	    2498009	 LC
 5228199	 Gallinula chloropus (Linnaeus, 1758)                       	          5228199	 Gallinula chloropus (Linnaeus, 1758)                       	              127111	 SPECIES   	 ACCEPTED              	 Animalia	          1	 Chordata	        44	 Aves 	      212	 Gruiformes       	     1493	 Rallidae         	      9342	 Gallinula      	  7918617	 Gallinula chloropus                  	    5228199	 LC
 9752617	 Ardea alba Linnaeus, 1758                                  	          9752617	 Ardea alba Linnaeus, 1758                                  	              123334	 SPECIES   	 ACCEPTED              	 Animalia	          1	 Chordata	        44	 Aves 	      212	 Pelecaniformes   	  7190953	 Ardeidae         	      3685	 Ardea          	  2480922	 Ardea alba                           	    9752617	 LC
 5229493	 Garrulus glandarius (Linnaeus, 1758)                       	          5229493	 Garrulus glandarius (Linnaeus, 1758)                       	              120230	 SPECIES   	 ACCEPTED              	 Animalia	          1	 Chordata	        44	 Aves 	      212	 Passeriformes    	      729	 Corvidae         	      5235	 Garrulus       	  2482462	 Garrulus glandarius                  	    5229493	 LC
 8214667	 Anas crecca Linnaeus, 1758                                 	          8214667	 Anas crecca Linnaeus, 1758                                 	              119584	 SPECIES   	 ACCEPTED              	 Animalia	          1	 Chordata	        44	 Aves 	      212	 Anseriformes     	     1108	 Anatidae         	      2986	 Anas           	  2498056	 Anas crecca                          	    8214667	 LC
 9515886	 Hirundo rustica Linnaeus, 1758                             	          9515886	 Hirundo rustica Linnaeus, 1758                             	              117813	 SPECIES   	 ACCEPTED              	 Animalia	          1	 Chordata	        44	 Aves 	      212	 Passeriformes    	      729	 Hirundinidae     	      5248	 Hirundo        	  2489222	 Hirundo rustica                      	    9515886	 LC
 5231190	 Passer domesticus (Linnaeus, 1758)                         	          5231190	 Passer domesticus (Linnaeus, 1758)                         	              116585	 SPECIES   	 ACCEPTED              	 Animalia	          1	 Chordata	        44	 Aves 	      212	 Passeriformes    	      729	 Passeridae       	      5264	 Passer         	  2492321	 Passer domesticus                    	    5231190	 LC
 2498036	 Anser anser (Linnaeus, 1758)                               	          2498036	 Anser anser (Linnaeus, 1758)                               	              112495	 SPECIES   	 ACCEPTED              	 Animalia	          1	 Chordata	        44	 Aves 	      212	 Anseriformes     	     1108	 Anatidae         	      2986	 Anser          	  2498016	 Anser anser                          	    2498036	 LC
 7901064	 Turdus philomelos C.L.Brehm, 1831                          	          7901064	 Turdus philomelos C.L.Brehm, 1831                          	              112295	 SPECIES   	 ACCEPTED              	 Animalia	          1	 Chordata	        44	 Aves 	      212	 Passeriformes    	      729	 Turdidae         	      5290	 Turdus         	  2490714	 Turdus philomelos                    	    7901064	 LC
 2482048	 Tachybaptus ruficollis (Pallas, 1764)                      	          2482048	 Tachybaptus ruficollis (Pallas, 1764)                      	              107955	 SPECIES   	 ACCEPTED              	 Animalia	          1	 Chordata	        44	 Aves 	      212	 Podicipediformes 	  7191588	 Podicipedidae    	      9338	 Tachybaptus    	  2482040	 Tachybaptus ruficollis               	    2482048	 LC
 5845582	 Chloris chloris (Linnaeus, 1758)                           	          5845582	 Chloris chloris (Linnaeus, 1758)                           	              105336	 SPECIES   	 ACCEPTED              	 Animalia	          1	 Chordata	        44	 Aves 	      212	 Passeriformes    	      729	 Fringillidae     	      5242	 Chloris        	  3241514	 Chloris chloris                      	    5845582	 LC
 8332393	 Spatula clypeata (Linnaeus, 1758)                          	          8332393	 Spatula clypeata (Linnaeus, 1758)                          	              104612	 SPECIES   	 ACCEPTED              	 Animalia	          1	 Chordata	        44	 Aves 	      212	 Anseriformes     	     1108	 Anatidae         	      2986	 Spatula        	  4850990	 Spatula clypeata                     	    8332393	 LC
 2491557	 Emberiza schoeniclus (Linnaeus, 1758)                      	          2491557	 Emberiza schoeniclus (Linnaeus, 1758)                      	              100256	 SPECIES   	 ACCEPTED              	 Animalia	          1	 Chordata	        44	 Aves 	      212	 Passeriformes    	      729	 Emberizidae      	      9608	 Emberiza       	  2491468	 Emberiza schoeniclus                 	    2491557	 LC
 2495000	 Aegithalos caudatus (Linnaeus, 1758)                       	          2495000	 Aegithalos caudatus (Linnaeus, 1758)                       	               95810	 SPECIES   	 PROVISIONALLY_ACCEPTED	 Animalia	          1	 Chordata	        44	 Aves 	      212	 Passeriformes    	      729	 Aegithalidae     	      2878	 Aegithalos     	  9270076	 Aegithalos caudatus                  	    2495000	 LC
 9687165	 Motacilla alba Linnaeus, 1758                              	          9687165	 Motacilla alba Linnaeus, 1758                              	               94613	 SPECIES   	 ACCEPTED              	 Animalia	          1	 Chordata	        44	 Aves 	      212	 Passeriformes    	      729	 Motacillidae     	      5257	 Motacilla      	  2490295	 Motacilla alba                       	    9687165	 LC
 8077224	 Alauda arvensis Linnaeus, 1758                             	          8077224	 Alauda arvensis Linnaeus, 1758                             	               94266	 SPECIES   	 ACCEPTED              	 Animalia	          1	 Chordata	        44	 Aves 	      212	 Passeriformes    	      729	 Alaudidae        	      7211	 Alauda         	  2490696	 Alauda arvensis                      	    8077224	 LC
 7788295	 Haematopus ostralegus Linnaeus, 1758                       	          7788295	 Haematopus ostralegus Linnaeus, 1758                       	               93686	 SPECIES   	 ACCEPTED              	 Animalia	          1	 Chordata	        44	 Aves 	      212	 Charadriiformes  	  7192402	 Haematopodidae   	   4287243	 Haematopus     	  2480260	 Haematopus ostralegus                	    7788295	 NT
 2475532	 Alcedo atthis (Linnaeus, 1758)                             	          2475532	 Alcedo atthis (Linnaeus, 1758)                             	               92465	 SPECIES   	 ACCEPTED              	 Animalia	          1	 Chordata	        44	 Aves 	      212	 Coraciiformes    	     1447	 Alcedinidae      	      2984	 Alcedo         	  2475493	 Alcedo atthis                        	    2475532	 LC
 7806848	 Certhia brachydactyla C.L.Brehm, 1820                      	          7806848	 Certhia brachydactyla C.L.Brehm, 1820                      	               91979	 SPECIES   	 ACCEPTED              	 Animalia	          1	 Chordata	        44	 Aves 	      212	 Passeriformes    	      729	 Certhiidae       	      5227	 Certhia        	  2487601	 Certhia brachydactyla                	    7806848	 LC
 2492943	 Sylvia communis Latham, 1787                               	          2492943	 Sylvia communis Latham, 1787                               	               90652	 SPECIES   	 ACCEPTED              	 Animalia	          1	 Chordata	        44	 Aves 	      212	 Passeriformes    	      729	 Sylviidae        	      5285	 Sylvia         	  2492941	 Sylvia communis                      	    2492943	 LC
 2498255	 Aythya ferina (Linnaeus, 1758)                             	          2498255	 Aythya ferina (Linnaeus, 1758)                             	               89741	 SPECIES   	 ACCEPTED              	 Animalia	          1	 Chordata	        44	 Aves 	      212	 Anseriformes     	     1108	 Anatidae         	      2986	 Aythya         	  2498254	 Aythya ferina                        	    2498255	 VU
 4408759	 Saxicola rubicola (Linnaeus, 1766)                         	          4408759	 Saxicola rubicola (Linnaeus, 1766)                         	               87552	 SPECIES   	 ACCEPTED              	 Animalia	          1	 Chordata	        44	 Aves 	      212	 Passeriformes    	      729	 Muscicapidae     	      9322	 Saxicola       	  2492516	 Saxicola rubicola                    	    4408759	 
 2498343	 Cygnus olor (J.F.Gmelin, 1789)                             	          2498343	 Cygnus olor (J.F.Gmelin, 1789)                             	               87343	 SPECIES   	 ACCEPTED              	 Animalia	          1	 Chordata	        44	 Aves 	      212	 Anseriformes     	     1108	 Anatidae         	      2986	 Cygnus         	  8996942	 Cygnus olor                          	    2498343	 LC
 2493118	 Acrocephalus scirpaceus (Hermann, 1804)                    	          2493118	 Acrocephalus scirpaceus (Hermann, 1804)                    	               85302	 SPECIES   	 ACCEPTED              	 Animalia	          1	 Chordata	        44	 Aves 	      212	 Passeriformes    	      729	 Acrocephalidae   	   6101019	 Acrocephalus   	  2493112	 Acrocephalus scirpaceus              	    2493118	 LC
 2480482	 Circus aeruginosus (Linnaeus, 1758)                        	          2480482	 Circus aeruginosus (Linnaeus, 1758)                        	               84116	 SPECIES   	 ACCEPTED              	 Animalia	          1	 Chordata	        44	 Aves 	      212	 Accipitriformes  	  7191147	 Accipitridae     	      2877	 Circus         	  2480481	 Circus aeruginosus                   	    2480482	 LC
 2484916	 Sitta europaea Linnaeus, 1758                              	          2484916	 Sitta europaea Linnaeus, 1758                              	               83807	 SPECIES   	 ACCEPTED              	 Animalia	          1	 Chordata	        44	 Aves 	      212	 Passeriformes    	      729	 Sittidae         	      5283	 Sitta          	  2484878	 Sitta europaea                       	    2484916	 LC
 2490266	 Anthus pratensis (Linnaeus, 1758)                          	          2490266	 Anthus pratensis (Linnaeus, 1758)                          	               82510	 SPECIES   	 ACCEPTED              	 Animalia	          1	 Chordata	        44	 Aves 	      212	 Passeriformes    	      729	 Motacillidae     	      5257	 Anthus         	  2490241	 Anthus pratensis                     	    2490266	 LC
 2494686	 Carduelis carduelis (Linnaeus, 1758)                       	          2494686	 Carduelis carduelis (Linnaeus, 1758)                       	               81654	 SPECIES   	 ACCEPTED              	 Animalia	          1	 Chordata	        44	 Aves 	      212	 Passeriformes    	      729	 Fringillidae     	      5242	 Carduelis      	  2494621	 Carduelis carduelis                  	    2494686	 LC
 2481139	 Larus argentatus Pontoppidan, 1763                         	          2481139	 Larus argentatus Pontoppidan, 1763                         	               78093	 SPECIES   	 ACCEPTED              	 Animalia	          1	 Chordata	        44	 Aves 	      212	 Charadriiformes  	  7192402	 Laridae          	      9316	 Larus          	  2481126	 Larus argentatus                     	    2481139	 LC
 2481819	 Gallinago gallinago (Linnaeus, 1758)                       	          2481819	 Gallinago gallinago (Linnaeus, 1758)                       	               77868	 SPECIES   	 ACCEPTED              	 Animalia	          1	 Chordata	        44	 Aves 	      212	 Charadriiformes  	  7192402	 Scolopacidae     	      5282	 Gallinago      	  2481808	 Gallinago gallinago                  	    2481819	 LC
 2481728	 Tringa ochropus Linnaeus, 1758                             	          2481728	 Tringa ochropus Linnaeus, 1758                             	               75025	 SPECIES   	 ACCEPTED              	 Animalia	          1	 Chordata	        44	 Aves 	      212	 Charadriiformes  	  7192402	 Scolopacidae     	      5282	 Tringa         	  2481709	 Tringa ochropus                      	    2481728	 LC
 2481792	 Numenius arquata (Linnaeus, 1758)                          	          2481792	 Numenius arquata (Linnaeus, 1758)                          	               74919	 SPECIES   	 ACCEPTED              	 Animalia	          1	 Chordata	        44	 Aves 	      212	 Charadriiformes  	  7192402	 Scolopacidae     	      5282	 Numenius       	  2481781	 Numenius arquata                     	    2481792	 NT
 2481174	 Larus fuscus Linnaeus, 1758                                	          2481174	 Larus fuscus Linnaeus, 1758                                	               72241	 SPECIES   	 ACCEPTED              	 Animalia	          1	 Chordata	        44	 Aves 	      212	 Charadriiformes  	  7192402	 Laridae          	      9316	 Larus          	  2481126	 Larus fuscus                         	    2481174	 LC
 2484596	 Regulus regulus (Linnaeus, 1758)                           	          2484596	 Regulus regulus (Linnaeus, 1758)                           	               71322	 SPECIES   	 ACCEPTED              	 Animalia	          1	 Chordata	        44	 Aves 	      212	 Passeriformes    	      729	 Regulidae        	      5279	 Regulus        	  2484589	 Regulus regulus                      	    2484596	 LC
 8000602	 Mareca penelope (Linnaeus, 1758)                           	          8000602	 Mareca penelope (Linnaeus, 1758)                           	               70257	 SPECIES   	 ACCEPTED              	 Animalia	          1	 Chordata	        44	 Aves 	      212	 Anseriformes     	     1108	 Anatidae         	      2986	 Mareca         	  2498314	 Mareca penelope                      	    8000602	 LC
 5228676	 Apus apus (Linnaeus, 1758)                                 	          5228676	 Apus apus (Linnaeus, 1758)                                 	               70039	 SPECIES   	 ACCEPTED              	 Animalia	          1	 Chordata	        44	 Aves 	      212	 Apodiformes      	     1448	 Apodidae         	      2993	 Apus           	  2235048	 Apus apus                            	    5228676	 LC
 2481047	 Falco peregrinus Tunstall, 1771                            	          2481047	 Falco peregrinus Tunstall, 1771                            	               67485	 SPECIES   	 ACCEPTED              	 Animalia	          1	 Chordata	        44	 Aves 	      212	 Falconiformes    	  7191407	 Falconidae       	      5240	 Falco          	  2480996	 Falco peregrinus                     	    2481047	 LC
 2481800	 Actitis hypoleucos (Linnaeus, 1758)                        	          2481800	 Actitis hypoleucos (Linnaeus, 1758)                        	               66700	 SPECIES   	 ACCEPTED              	 Animalia	          1	 Chordata	        44	 Aves 	      212	 Charadriiformes  	  7192402	 Scolopacidae     	      5282	 Actitis        	  2481797	 Actitis hypoleucos                   	    2481800	 LC
 2495471	 Columba oenas Linnaeus, 1758                               	          2495471	 Columba oenas Linnaeus, 1758                               	               65739	 SPECIES   	 ACCEPTED              	 Animalia	          1	 Chordata	        44	 Aves 	      212	 Columbiformes    	     1446	 Columbidae       	      5233	 Columba        	  2495404	 Columba oenas                        	    2495471	 LC
 5231918	 Cuculus canorus Linnaeus, 1758                             	          5231918	 Cuculus canorus Linnaeus, 1758                             	               64786	 SPECIES   	 ACCEPTED              	 Animalia	          1	 Chordata	        44	 Aves 	      212	 Cuculiformes     	     1492	 Cuculidae        	      9309	 Cuculus        	  2336662	 Cuculus canorus                      	    5231918	 LC
 2490310	 Motacilla cinerea Tunstall, 1771                           	          2490310	 Motacilla cinerea Tunstall, 1771                           	               63989	 SPECIES   	 ACCEPTED              	 Animalia	          1	 Chordata	        44	 Aves 	      212	 Passeriformes    	      729	 Motacillidae     	      5257	 Motacilla      	  2490295	 Motacilla cinerea                    	    2490310	 LC
 6092830	 Spinus spinus (Linnaeus, 1758)                             	          6092830	 Spinus spinus (Linnaeus, 1758)                             	               62109	 SPECIES   	 ACCEPTED              	 Animalia	          1	 Chordata	        44	 Aves 	      212	 Passeriformes    	      729	 Fringillidae     	      5242	 Spinus         	  8051475	 Spinus spinus                        	    6092830	 LC
 2490737	 Turdus pilaris Linnaeus, 1758                              	          2490737	 Turdus pilaris Linnaeus, 1758                              	               60168	 SPECIES   	 ACCEPTED              	 Animalia	          1	 Chordata	        44	 Aves 	      212	 Passeriformes    	      729	 Turdidae         	      5290	 Turdus         	  2490714	 Turdus pilaris                       	    2490737	 LC
 8104397	 Linaria cannabina (Linnaeus, 1758)                         	          8104397	 Linaria cannabina (Linnaeus, 1758)                         	               60019	 SPECIES   	 ACCEPTED              	 Animalia	          1	 Chordata	        44	 Aves 	      212	 Passeriformes    	      729	 Fringillidae     	      5242	 Linaria        	  8741507	 Linaria cannabina                    	    8104397	 LC
 2490781	 Turdus iliacus Linnaeus, 1758                              	          2490781	 Turdus iliacus Linnaeus, 1758                              	               57626	 SPECIES   	 ACCEPTED              	 Animalia	          1	 Chordata	        44	 Aves 	      212	 Passeriformes    	      729	 Turdidae         	      5290	 Turdus         	  2490714	 Turdus iliacus                       	    2490781	 LC
 2481035	 Falco subbuteo Linnaeus, 1758                              	          2481035	 Falco subbuteo Linnaeus, 1758                              	               56631	 SPECIES   	 ACCEPTED              	 Animalia	          1	 Chordata	        44	 Aves 	      212	 Falconiformes    	  7191407	 Falconidae       	      5240	 Falco          	  2480996	 Falco subbuteo                       	    2481035	 LC
 5739315	 Phoenicurus ochruros (S.G.Gmelin, 1774)                    	          5739315	 Phoenicurus ochruros (S.G.Gmelin, 1774)                    	               56007	 SPECIES   	 ACCEPTED              	 Animalia	          1	 Chordata	        44	 Aves 	      212	 Passeriformes    	      729	 Muscicapidae     	      9322	 Phoenicurus    	  5429347	 Phoenicurus ochruros                 	    5739315	 LC
 2481714	 Tringa totanus (Linnaeus, 1758)                            	          2481714	 Tringa totanus (Linnaeus, 1758)                            	               55533	 SPECIES   	 ACCEPTED              	 Animalia	          1	 Chordata	        44	 Aves 	      212	 Charadriiformes  	  7192402	 Scolopacidae     	      5282	 Tringa         	  2481709	 Tringa totanus                       	    2481714	 LC
 9701857	 Motacilla flava Linnaeus, 1758                             	          9701857	 Motacilla flava Linnaeus, 1758                             	               54323	 SPECIES   	 ACCEPTED              	 Animalia	          1	 Chordata	        44	 Aves 	      212	 Passeriformes    	      729	 Motacillidae     	      5257	 Motacilla      	  2490295	 Motacilla flava                      	    9701857	 LC
 7982160	 Larus canus Linnaeus, 1758                                 	          7982160	 Larus canus Linnaeus, 1758                                 	               53162	 SPECIES   	 ACCEPTED              	 Animalia	          1	 Chordata	        44	 Aves 	      212	 Charadriiformes  	  7192402	 Laridae          	      9316	 Larus          	  2481126	 Larus canus                          	    7982160	 LC
 2493052	 Phylloscopus trochilus (Linnaeus, 1758)                    	          2493052	 Phylloscopus trochilus (Linnaeus, 1758)                    	               53111	 SPECIES   	 ACCEPTED              	 Animalia	          1	 Chordata	        44	 Aves 	      212	 Passeriformes    	      729	 Phylloscopidae   	   6100963	 Phylloscopus   	  2493047	 Phylloscopus trochilus               	    2493052	 LC
 2493012	 Cettia cetti (Temminck, 1820)                              	          2493012	 Cettia cetti (Temminck, 1820)                              	               52970	 SPECIES   	 ACCEPTED              	 Animalia	          1	 Chordata	        44	 Aves 	      212	 Passeriformes    	      729	 Cettiidae        	   6100900	 Cettia         	  2492997	 Cettia cetti                         	    2493012	 LC
 4408732	 Luscinia svecica (Linnaeus, 1758)                          	          4408732	 Luscinia svecica (Linnaeus, 1758)                          	               52882	 SPECIES   	 ACCEPTED              	 Animalia	          1	 Chordata	        44	 Aves 	      212	 Passeriformes    	      729	 Muscicapidae     	      9322	 Luscinia       	  5429330	 Luscinia svecica                     	    4408732	 LC
 2481685	 Limosa limosa (Linnaeus, 1758)                             	          2481685	 Limosa limosa (Linnaeus, 1758)                             	               50807	 SPECIES   	 ACCEPTED              	 Animalia	          1	 Chordata	        44	 Aves 	      212	 Charadriiformes  	  7192402	 Scolopacidae     	      5282	 Limosa         	  2481679	 Limosa limosa                        	    2481685	 NT
 2474831	 Rallus aquaticus Linnaeus, 1758                            	          2474831	 Rallus aquaticus Linnaeus, 1758                            	               50669	 SPECIES   	 ACCEPTED              	 Animalia	          1	 Chordata	        44	 Aves 	      212	 Gruiformes       	     1493	 Rallidae         	      9342	 Rallus         	  2474794	 Rallus aquaticus                     	    2474831	 LC
 2491534	 Emberiza citrinella Linnaeus, 1758                         	          2491534	 Emberiza citrinella Linnaeus, 1758                         	               49077	 SPECIES   	 ACCEPTED              	 Animalia	          1	 Chordata	        44	 Aves 	      212	 Passeriformes    	      729	 Emberizidae      	      9608	 Emberiza       	  2491468	 Emberiza citrinella                  	    2491534	 LC
 2494441	 Fringilla montifringilla Linnaeus, 1758                    	          2494441	 Fringilla montifringilla Linnaeus, 1758                    	               49024	 SPECIES   	 ACCEPTED              	 Animalia	          1	 Chordata	        44	 Aves 	      212	 Passeriformes    	      729	 Fringillidae     	      5242	 Fringilla      	  2494421	 Fringilla montifringilla             	    2494441	 LC
 2481726	 Tringa nebularia (Gunnerus, 1767)                          	          2481726	 Tringa nebularia (Gunnerus, 1767)                          	               47692	 SPECIES   	 ACCEPTED              	 Animalia	          1	 Chordata	        44	 Aves 	      212	 Charadriiformes  	  7192402	 Scolopacidae     	      5282	 Tringa         	  2481709	 Tringa nebularia                     	    2481726	 LC
 2480876	 Egretta garzetta (Linnaeus, 1766)                          	          2480876	 Egretta garzetta (Linnaeus, 1766)                          	               47532	 SPECIES   	 ACCEPTED              	 Animalia	          1	 Chordata	        44	 Aves 	      212	 Pelecaniformes   	  7190953	 Ardeidae         	      3685	 Egretta        	  2480872	 Egretta garzetta                     	    2480876	 LC
 2498112	 Anas acuta Linnaeus, 1758                                  	          2498112	 Anas acuta Linnaeus, 1758                                  	               47372	 SPECIES   	 ACCEPTED              	 Animalia	          1	 Chordata	        44	 Aves 	      212	 Anseriformes     	     1108	 Anatidae         	      2986	 Anas           	  2498056	 Anas acuta                           	    2498112	 LC
 2489214	 Delichon urbicum (Linnaeus, 1758)                          	          2489214	 Delichon urbicum (Linnaeus, 1758)                          	               46052	 SPECIES   	 ACCEPTED              	 Animalia	          1	 Chordata	        44	 Aves 	      212	 Passeriformes    	      729	 Hirundinidae     	      5248	 Delichon       	  2489213	 Delichon urbicum                     	    2489214	 LC
 7937336	 Charadrius dubius Scopoli, 1786                            	          7937336	 Charadrius dubius Scopoli, 1786                            	               44059	 SPECIES   	 ACCEPTED              	 Animalia	          1	 Chordata	        44	 Aves 	      212	 Charadriiformes  	  7192402	 Charadriidae     	   2480210	 Charadrius     	  2480277	 Charadrius dubius                    	    7937336	 LC
 2480801	 Platalea leucorodia Linnaeus, 1758                         	          2480801	 Platalea leucorodia Linnaeus, 1758                         	               43804	 SPECIES   	 ACCEPTED              	 Animalia	          1	 Chordata	        44	 Aves 	      212	 Pelecaniformes   	  7190953	 Threskiornithidae	      5288	 Platalea       	  2480798	 Platalea leucorodia                  	    2480801	 LC
 2493136	 Acrocephalus palustris (Bechstein, 1798)                   	          2493136	 Acrocephalus palustris (Bechstein, 1798)                   	               43750	 SPECIES   	 ACCEPTED              	 Animalia	          1	 Chordata	        44	 Aves 	      212	 Passeriformes    	      729	 Acrocephalidae   	   6101019	 Acrocephalus   	  2493112	 Acrocephalus palustris               	    2493136	 LC
 2480487	 Circus cyaneus (Linnaeus, 1766)                            	          2480487	 Circus cyaneus (Linnaeus, 1766)                            	               43509	 SPECIES   	 ACCEPTED              	 Animalia	          1	 Chordata	        44	 Aves 	      212	 Accipitriformes  	  7191147	 Accipitridae     	      2877	 Circus         	  2480481	 Circus cyaneus                       	    2480487	 LC
 9282206	 Strix aluco Linnaeus, 1758                                 	          9282206	 Strix aluco Linnaeus, 1758                                 	               43147	 SPECIES   	 ACCEPTED              	 Animalia	          1	 Chordata	        44	 Aves 	      212	 Strigiformes     	     1450	 Strigidae        	      9348	 Strix          	  2497486	 Strix aluco                          	    9282206	 LC
 2498017	 Anser albifrons (Scopoli, 1769)                            	          2498017	 Anser albifrons (Scopoli, 1769)                            	               42190	 SPECIES   	 ACCEPTED              	 Animalia	          1	 Chordata	        44	 Aves 	      212	 Anseriformes     	     1108	 Anatidae         	      2986	 Anser          	  2498016	 Anser albifrons                      	    2498017	 LC
 2492942	 Sylvia borin (Boddaert, 1783)                              	          2492942	 Sylvia borin (Boddaert, 1783)                              	               41145	 SPECIES   	 ACCEPTED              	 Animalia	          1	 Chordata	        44	 Aves 	      212	 Passeriformes    	      729	 Sylviidae        	      5285	 Sylvia         	  2492941	 Sylvia borin                         	    2492942	 LC
 2481912	 Ciconia ciconia (Linnaeus, 1758)                           	          2481912	 Ciconia ciconia (Linnaeus, 1758)                           	               40742	 SPECIES   	 ACCEPTED              	 Animalia	          1	 Chordata	        44	 Aves 	      212	 Ciconiiformes    	      839	 Ciconiidae       	      9289	 Ciconia        	  2481908	 Ciconia ciconia                      	    2481912	 LC
 5231240	 Oenanthe oenanthe (Linnaeus, 1758)                         	          5231240	 Oenanthe oenanthe (Linnaeus, 1758)                         	               40618	 SPECIES   	 ACCEPTED              	 Animalia	          1	 Chordata	        44	 Aves 	      212	 Passeriformes    	      729	 Muscicapidae     	      9322	 Oenanthe       	  2492483	 Oenanthe oenanthe                    	    5231240	 LC
 2490246	 Anthus trivialis (Linnaeus, 1758)                          	          2490246	 Anthus trivialis (Linnaeus, 1758)                          	               39788	 SPECIES   	 ACCEPTED              	 Animalia	          1	 Chordata	        44	 Aves 	      212	 Passeriformes    	      729	 Motacillidae     	      5257	 Anthus         	  2490241	 Anthus trivialis                     	    2490246	 LC
 2473958	 Perdix perdix (Linnaeus, 1758)                             	          2473958	 Perdix perdix (Linnaeus, 1758)                             	               39569	 SPECIES   	 ACCEPTED              	 Animalia	          1	 Chordata	        44	 Aves 	      212	 Galliformes      	      723	 Phasianidae      	      9331	 Perdix         	  2473953	 Perdix perdix                        	    2473958	 LC
 9367409	 Sterna hirundo Linnaeus, 1758                              	          9367409	 Sterna hirundo Linnaeus, 1758                              	               39515	 SPECIES   	 ACCEPTED              	 Animalia	          1	 Chordata	        44	 Aves 	      212	 Charadriiformes  	  7192402	 Laridae          	      9316	 Sterna         	  2481227	 Sterna hirundo                       	    9367409	 LC
 8151548	 Ichthyaetus melanocephalus (Temminck, 1820)                	          8151548	 Ichthyaetus melanocephalus (Temminck, 1820)                	               39141	 SPECIES   	 ACCEPTED              	 Animalia	          1	 Chordata	        44	 Aves 	      212	 Charadriiformes  	  7192402	 Laridae          	      9316	 Ichthyaetus    	  7237184	 Ichthyaetus melanocephalus           	    8151548	 LC
 2487871	 Periparus ater (Linnaeus, 1758)                            	          2487871	 Periparus ater (Linnaeus, 1758)                            	               37036	 SPECIES   	 ACCEPTED              	 Animalia	          1	 Chordata	        44	 Aves 	      212	 Passeriformes    	      729	 Paridae          	      9327	 Periparus      	  7736104	 Periparus ater                       	    2487871	 LC
 2487883	 Lophophanes cristatus (Linnaeus, 1758)                     	          2487883	 Lophophanes cristatus (Linnaeus, 1758)                     	               36626	 SPECIES   	 ACCEPTED              	 Animalia	          1	 Chordata	        44	 Aves 	      212	 Passeriformes    	      729	 Paridae          	      9327	 Lophophanes    	  2487881	 Lophophanes cristatus                	    2487883	 LC
 2493129	 Acrocephalus schoenobaenus (Linnaeus, 1758)                	          2493129	 Acrocephalus schoenobaenus (Linnaeus, 1758)                	               36314	 SPECIES   	 ACCEPTED              	 Animalia	          1	 Chordata	        44	 Aves 	      212	 Passeriformes    	      729	 Acrocephalidae   	   6101019	 Acrocephalus   	  2493112	 Acrocephalus schoenobaenus           	    2493129	 LC
 2497266	 Athene noctua (Scopoli, 1769)                              	          2497266	 Athene noctua (Scopoli, 1769)                              	               35670	 SPECIES   	 ACCEPTED              	 Animalia	          1	 Chordata	        44	 Aves 	      212	 Strigiformes     	     1450	 Strigidae        	      9348	 Athene         	  2497239	 Athene noctua                        	    2497266	 LC
 5232464	 Branta leucopsis (Bechstein, 1803)                         	          5232464	 Branta leucopsis (Bechstein, 1803)                         	               35427	 SPECIES   	 ACCEPTED              	 Animalia	          1	 Chordata	        44	 Aves 	      212	 Anseriformes     	     1108	 Anatidae         	      2986	 Branta         	  2498190	 Branta leucopsis                     	    5232464	 LC
 8250742	 Calidris pugnax (Linnaeus, 1758)                           	          8250742	 Calidris pugnax (Linnaeus, 1758)                           	               35279	 SPECIES   	 ACCEPTED              	 Animalia	          1	 Chordata	        44	 Aves 	      212	 Charadriiformes  	  7192402	 Scolopacidae     	      5282	 Calidris       	  2481739	 Calidris pugnax                      	    8250742	 LC
 2490774	 Turdus viscivorus Linnaeus, 1758                           	          2490774	 Turdus viscivorus Linnaeus, 1758                           	               35032	 SPECIES   	 ACCEPTED              	 Animalia	          1	 Chordata	        44	 Aves 	      212	 Passeriformes    	      729	 Turdidae         	      5290	 Turdus         	  2490714	 Turdus viscivorus                    	    2490774	 LC
 2480420	 Pernis apivorus (Linnaeus, 1758)                           	          2480420	 Pernis apivorus (Linnaeus, 1758)                           	               34981	 SPECIES   	 ACCEPTED              	 Animalia	          1	 Chordata	        44	 Aves 	      212	 Accipitriformes  	  7191147	 Accipitridae     	      2877	 Pernis         	  2480419	 Pernis apivorus                      	    2480420	 LC
 2482513	 Corvus frugilegus Linnaeus, 1758                           	          2482513	 Corvus frugilegus Linnaeus, 1758                           	               33948	 SPECIES   	 ACCEPTED              	 Animalia	          1	 Chordata	        44	 Aves 	      212	 Passeriformes    	      729	 Corvidae         	      5235	 Corvus         	  2482468	 Corvus frugilegus                    	    2482513	 LC
 9274012	 Spatula querquedula (Linnaeus, 1758)                       	          9274012	 Spatula querquedula (Linnaeus, 1758)                       	               33647	 SPECIES   	 ACCEPTED              	 Animalia	          1	 Chordata	        44	 Aves 	      212	 Anseriformes     	     1108	 Anatidae         	      2986	 Spatula        	  4850990	 Spatula querquedula                  	    9274012	 LC
 2480259	 Recurvirostra avosetta Linnaeus, 1758                      	          2480259	 Recurvirostra avosetta Linnaeus, 1758                      	               32672	 SPECIES   	 ACCEPTED              	 Animalia	          1	 Chordata	        44	 Aves 	      212	 Charadriiformes  	  7192402	 Recurvirostridae 	   4287244	 Recurvirostra  	  2480255	 Recurvirostra avosetta               	    2480259	 LC
 2490604	 Lullula arborea (Linnaeus, 1758)                           	          2490604	 Lullula arborea (Linnaeus, 1758)                           	               32350	 SPECIES   	 ACCEPTED              	 Animalia	          1	 Chordata	        44	 Aves 	      212	 Passeriformes    	      729	 Alaudidae        	      7211	 Lullula        	  2490603	 Lullula arborea                      	    2490604	 LC
 2477872	 Dryocopus martius (Linnaeus, 1758)                         	          2477872	 Dryocopus martius (Linnaeus, 1758)                         	               32087	 SPECIES   	 ACCEPTED              	 Animalia	          1	 Chordata	        44	 Aves 	      212	 Piciformes       	      724	 Picidae          	      9333	 Dryocopus      	  2477865	 Dryocopus martius                    	    2477872	 LC
 2487866	 Poecile montanus (Conrad von Baldenstein, 1827)            	          2487866	 Poecile montanus (Conrad von Baldenstein, 1827)            	               30816	 SPECIES   	 ACCEPTED              	 Animalia	          1	 Chordata	        44	 Aves 	      212	 Passeriformes    	      729	 Paridae          	      9327	 Poecile        	  2487782	 Poecile montanus                     	    2487866	 LC
 2498326	 Bucephala clangula (Linnaeus, 1758)                        	          2498326	 Bucephala clangula (Linnaeus, 1758)                        	               30714	 SPECIES   	 ACCEPTED              	 Animalia	          1	 Chordata	        44	 Aves 	      212	 Anseriformes     	     1108	 Anatidae         	      2986	 Bucephala      	  2498324	 Bucephala clangula                   	    2498326	 LC
 2482065	 Podiceps nigricollis C.L.Brehm, 1831                       	          2482065	 Podiceps nigricollis C.L.Brehm, 1831                       	               30414	 SPECIES   	 ACCEPTED              	 Animalia	          1	 Chordata	        44	 Aves 	      212	 Podicipediformes 	  7191588	 Podicipedidae    	      9338	 Podiceps       	  2482049	 Podiceps nigricollis                 	    2482065	 LC
 5231198	 Passer montanus (Linnaeus, 1758)                           	          5231198	 Passer montanus (Linnaeus, 1758)                           	               29691	 SPECIES   	 ACCEPTED              	 Animalia	          1	 Chordata	        44	 Aves 	      212	 Passeriformes    	      729	 Passeridae       	      5264	 Passer         	  2492321	 Passer montanus                      	    5231198	 LC
 2481759	 Calidris alpina (Linnaeus, 1758)                           	          2481759	 Calidris alpina (Linnaeus, 1758)                           	               27063	 SPECIES   	 ACCEPTED              	 Animalia	          1	 Chordata	        44	 Aves 	      212	 Charadriiformes  	  7192402	 Scolopacidae     	      5282	 Calidris       	  2481739	 Calidris alpina                      	    2481759	 NT
 2480589	 Accipiter gentilis (Linnaeus, 1758)                        	          2480589	 Accipiter gentilis (Linnaeus, 1758)                        	               26989	 SPECIES   	 ACCEPTED              	 Animalia	          1	 Chordata	        44	 Aves 	      212	 Accipitriformes  	  7191147	 Accipitridae     	      2877	 Accipiter      	  9405810	 Accipiter gentilis                   	    2480589	 LC
 9537647	 Mergus merganser Linnaeus, 1758                            	          9537647	 Mergus merganser Linnaeus, 1758                            	               25291	 SPECIES   	 ACCEPTED              	 Animalia	          1	 Chordata	        44	 Aves 	      212	 Anseriformes     	     1108	 Anatidae         	      2986	 Mergus         	  2498368	 Mergus merganser                     	    9537647	 LC
 2481700	 Scolopax rusticola Linnaeus, 1758                          	          2481700	 Scolopax rusticola Linnaeus, 1758                          	               24103	 SPECIES   	 ACCEPTED              	 Animalia	          1	 Chordata	        44	 Aves 	      212	 Charadriiformes  	  7192402	 Scolopacidae     	      5282	 Scolopax       	  2481693	 Scolopax rusticola                   	    2481700	 LC
 2489160	 Riparia riparia (Linnaeus, 1758)                           	          2489160	 Riparia riparia (Linnaeus, 1758)                           	               23198	 SPECIES   	 ACCEPTED              	 Animalia	          1	 Chordata	        44	 Aves 	      212	 Passeriformes    	      729	 Hirundinidae     	      5248	 Riparia        	  2489158	 Riparia riparia                      	    2489160	 LC
 5739317	 Phoenicurus phoenicurus (Linnaeus, 1758)                   	          5739317	 Phoenicurus phoenicurus (Linnaeus, 1758)                   	               23142	 SPECIES   	 ACCEPTED              	 Animalia	          1	 Chordata	        44	 Aves 	      212	 Passeriformes    	      729	 Muscicapidae     	      9322	 Phoenicurus    	  5429347	 Phoenicurus phoenicurus              	    5739317	 LC
 9015784	 Dryobates minor (Linnaeus, 1758)                           	          9015784	 Dryobates minor (Linnaeus, 1758)                           	               23019	 SPECIES   	 ACCEPTED              	 Animalia	          1	 Chordata	        44	 Aves 	      212	 Piciformes       	      724	 Picidae          	      9333	 Dryobates      	  8399994	 Dryobates minor                      	    9015784	 LC
 2490255	 Anthus spinoletta (Linnaeus, 1758)                         	          2490255	 Anthus spinoletta (Linnaeus, 1758)                         	               22957	 SPECIES   	 ACCEPTED              	 Animalia	          1	 Chordata	        44	 Aves 	      212	 Passeriformes    	      729	 Motacillidae     	      5257	 Anthus         	  2490241	 Anthus spinoletta                    	    2490255	 LC
 2493548	 Locustella naevia (Boddaert, 1783)                         	          2493548	 Locustella naevia (Boddaert, 1783)                         	               22780	 SPECIES   	 ACCEPTED              	 Animalia	          1	 Chordata	        44	 Aves 	      212	 Passeriformes    	      729	 Locustellidae    	   6100825	 Locustella     	  2493547	 Locustella naevia                    	    2493548	 LC
 7660710	 Luscinia megarhynchos C.L.Brehm, 1831                      	          7660710	 Luscinia megarhynchos C.L.Brehm, 1831                      	               22069	 SPECIES   	 ACCEPTED              	 Animalia	          1	 Chordata	        44	 Aves 	      212	 Passeriformes    	      729	 Muscicapidae     	      9322	 Luscinia       	  5429330	 Luscinia megarhynchos                	    7660710	 LC
 6093527	 Regulus ignicapilla (Temminck, 1820)                       	          6093527	 Regulus ignicapilla (Temminck, 1820)                       	               20600	 SPECIES   	 ACCEPTED              	 Animalia	          1	 Chordata	        44	 Aves 	      212	 Passeriformes    	      729	 Regulidae        	      5279	 Regulus        	  2484589	 Regulus ignicapilla                  	    6093527	 LC
 6178421	 Cygnus columbianus bewickii Yarrell, 1830                  	          6178421	 Cygnus columbianus bewickii Yarrell, 1830                  	               20282	 SUBSPECIES	 ACCEPTED              	 Animalia	          1	 Chordata	        44	 Aves 	      212	 Anseriformes     	     1108	 Anatidae         	      2986	 Cygnus         	  8996942	 Cygnus columbianus                   	    2498338	 
 2494329	 Coccothraustes coccothraustes (Linnaeus, 1758)             	          2494329	 Coccothraustes coccothraustes (Linnaeus, 1758)             	               20252	 SPECIES   	 ACCEPTED              	 Animalia	          1	 Chordata	        44	 Aves 	      212	 Passeriformes    	      729	 Fringillidae     	      5242	 Coccothraustes 	  2494310	 Coccothraustes coccothraustes        	    2494329	 LC
 2492521	 Saxicola rubetra (Linnaeus, 1758)                          	          2492521	 Saxicola rubetra (Linnaeus, 1758)                          	               19929	 SPECIES   	 ACCEPTED              	 Animalia	          1	 Chordata	        44	 Aves 	      212	 Passeriformes    	      729	 Muscicapidae     	      9322	 Saxicola       	  2492516	 Saxicola rubetra                     	    2492521	 LC
 2498285	 Mergellus albellus (Linnaeus, 1758)                        	          2498285	 Mergellus albellus (Linnaeus, 1758)                        	               19862	 SPECIES   	 ACCEPTED              	 Animalia	          1	 Chordata	        44	 Aves 	      212	 Anseriformes     	     1108	 Anatidae         	      2986	 Mergellus      	  2498284	 Mergellus albellus                   	    2498285	 LC
 2493220	 Hippolais icterina (Vieillot, 1817)                        	          2493220	 Hippolais icterina (Vieillot, 1817)                        	               19362	 SPECIES   	 ACCEPTED              	 Animalia	          1	 Chordata	        44	 Aves 	      212	 Passeriformes    	      729	 Acrocephalidae   	   6101019	 Hippolais      	  2493213	 Hippolais icterina                   	    2493220	 LC
 2480910	 Botaurus stellaris (Linnaeus, 1758)                        	          2480910	 Botaurus stellaris (Linnaeus, 1758)                        	               19303	 SPECIES   	 ACCEPTED              	 Animalia	          1	 Chordata	        44	 Aves 	      212	 Pelecaniformes   	  7190953	 Ardeidae         	      3685	 Botaurus       	  2480909	 Botaurus stellaris                   	    2480910	 LC
 2481725	 Tringa erythropus (Pallas, 1764)                           	          2481725	 Tringa erythropus (Pallas, 1764)                           	               18461	 SPECIES   	 ACCEPTED              	 Animalia	          1	 Chordata	        44	 Aves 	      212	 Charadriiformes  	  7192402	 Scolopacidae     	      5282	 Tringa         	  2481709	 Tringa erythropus                    	    2481725	 LC
 9566659	 Charadrius hiaticula Linnaeus, 1758                        	          9566659	 Charadrius hiaticula Linnaeus, 1758                        	               18258	 SPECIES   	 ACCEPTED              	 Animalia	          1	 Chordata	        44	 Aves 	      212	 Charadriiformes  	  7192402	 Charadriidae     	   2480210	 Charadrius     	  2480277	 Charadrius hiaticula                 	    9566659	 LC
 2497306	 Asio otus (Linnaeus, 1758)                                 	          2497306	 Asio otus (Linnaeus, 1758)                                 	               17957	 SPECIES   	 ACCEPTED              	 Animalia	          1	 Chordata	        44	 Aves 	      212	 Strigiformes     	     1450	 Strigidae        	      9348	 Asio           	  8373955	 Asio otus                            	    2497306	 LC
 2494543	 Pyrrhula pyrrhula (Linnaeus, 1758)                         	          2494543	 Pyrrhula pyrrhula (Linnaeus, 1758)                         	               17956	 SPECIES   	 ACCEPTED              	 Animalia	          1	 Chordata	        44	 Aves 	      212	 Passeriformes    	      729	 Fringillidae     	      5242	 Pyrrhula       	  2494529	 Pyrrhula pyrrhula                    	    2494543	 LC
 9629160	 Loxia curvirostra Linnaeus, 1758                           	          9629160	 Loxia curvirostra Linnaeus, 1758                           	               17087	 SPECIES   	 ACCEPTED              	 Animalia	          1	 Chordata	        44	 Aves 	      212	 Passeriformes    	      729	 Fringillidae     	      5242	 Loxia          	  2494150	 Loxia curvirostra                    	    9629160	 LC
 2481713	 Tringa glareola Linnaeus, 1758                             	          2481713	 Tringa glareola Linnaeus, 1758                             	               17040	 SPECIES   	 ACCEPTED              	 Animalia	          1	 Chordata	        44	 Aves 	      212	 Charadriiformes  	  7192402	 Scolopacidae     	      5282	 Tringa         	  2481709	 Tringa glareola                      	    2481713	 LC
 2481784	 Numenius phaeopus (Linnaeus, 1758)                         	          2481784	 Numenius phaeopus (Linnaeus, 1758)                         	               16798	 SPECIES   	 ACCEPTED              	 Animalia	          1	 Chordata	        44	 Aves 	      212	 Charadriiformes  	  7192402	 Scolopacidae     	      5282	 Numenius       	  2481781	 Numenius phaeopus                    	    2481784	 LC
 2481172	 Larus marinus Linnaeus, 1758                               	          2481172	 Larus marinus Linnaeus, 1758                               	               16598	 SPECIES   	 ACCEPTED              	 Animalia	          1	 Chordata	        44	 Aves 	      212	 Charadriiformes  	  7192402	 Laridae          	      9316	 Larus          	  2481126	 Larus marinus                        	    2481172	 LC
 2488949	 Oriolus oriolus (Linnaeus, 1758)                           	          2488949	 Oriolus oriolus (Linnaeus, 1758)                           	               15946	 SPECIES   	 ACCEPTED              	 Animalia	          1	 Chordata	        44	 Aves 	      212	 Passeriformes    	      729	 Oriolidae        	      5708	 Oriolus        	  2488947	 Oriolus oriolus                      	    2488949	 LC
 2495708	 Streptopelia turtur (Linnaeus, 1758)                       	          2495708	 Streptopelia turtur (Linnaeus, 1758)                       	               15911	 SPECIES   	 ACCEPTED              	 Animalia	          1	 Chordata	        44	 Aves 	      212	 Columbiformes    	     1446	 Columbidae       	      5233	 Streptopelia   	  2495657	 Streptopelia turtur                  	    2495708	 VU
 2480332	 Pluvialis apricaria (Linnaeus, 1758)                       	          2480332	 Pluvialis apricaria (Linnaeus, 1758)                       	               15840	 SPECIES   	 ACCEPTED              	 Animalia	          1	 Chordata	        44	 Aves 	      212	 Charadriiformes  	  7192402	 Charadriidae     	   2480210	 Pluvialis      	  2480326	 Pluvialis apricaria                  	    2480332	 LC
 2487843	 Poecile palustris (Linnaeus, 1758)                         	          2487843	 Poecile palustris (Linnaeus, 1758)                         	               14594	 SPECIES   	 ACCEPTED              	 Animalia	          1	 Chordata	        44	 Aves 	      212	 Passeriformes    	      729	 Paridae          	      9327	 Poecile        	  2487782	 Poecile palustris                    	    2487843	 LC
 2492576	 Muscicapa striata (Pallas, 1764)                           	          2492576	 Muscicapa striata (Pallas, 1764)                           	               14047	 SPECIES   	 ACCEPTED              	 Animalia	          1	 Chordata	        44	 Aves 	      212	 Passeriformes    	      729	 Muscicapidae     	      9322	 Muscicapa      	  2483240	 Muscicapa striata                    	    2492576	 LC
 2492960	 Sylvia curruca (Linnaeus, 1758)                            	          2492960	 Sylvia curruca (Linnaeus, 1758)                            	               13948	 SPECIES   	 ACCEPTED              	 Animalia	          1	 Chordata	        44	 Aves 	      212	 Passeriformes    	      729	 Sylviidae        	      5285	 Sylvia         	  2492941	 Sylvia curruca                       	    2492960	 LC
 2481776	 Arenaria interpres (Linnaeus, 1758)                        	          2481776	 Arenaria interpres (Linnaeus, 1758)                        	               13808	 SPECIES   	 ACCEPTED              	 Animalia	          1	 Chordata	        44	 Aves 	      212	 Charadriiformes  	  7192402	 Scolopacidae     	      5282	 Arenaria       	  2481774	 Arenaria interpres                   	    2481776	 NT
 2480726	 Pandion haliaetus (Linnaeus, 1758)                         	          2480726	 Pandion haliaetus (Linnaeus, 1758)                         	               13341	 SPECIES   	 ACCEPTED              	 Animalia	          1	 Chordata	        44	 Aves 	      212	 Accipitriformes  	  7191147	 Pandionidae      	   4408414	 Pandion        	  2480725	 Pandion haliaetus                    	    2480726	 LC
 2481119	 Chlidonias niger (Linnaeus, 1758)                          	          2481119	 Chlidonias niger (Linnaeus, 1758)                          	               13192	 SPECIES   	 ACCEPTED              	 Animalia	          1	 Chordata	        44	 Aves 	      212	 Charadriiformes  	  7192402	 Laridae          	      9316	 Chlidonias     	  2481118	 Chlidonias niger                     	    2481119	 LC
 2492606	 Ficedula hypoleuca (Pallas, 1764)                          	          2492606	 Ficedula hypoleuca (Pallas, 1764)                          	               12727	 SPECIES   	 ACCEPTED              	 Animalia	          1	 Chordata	        44	 Aves 	      212	 Passeriformes    	      729	 Muscicapidae     	      9322	 Ficedula       	  2492596	 Ficedula hypoleuca                   	    2492606	 LC
 7340170	 Anser serrirostris Gould, 1852                             	          7340170	 Anser serrirostris Gould, 1852                             	               12651	 SPECIES   	 ACCEPTED              	 Animalia	          1	 Chordata	        44	 Aves 	      212	 Anseriformes     	     1108	 Anatidae         	      2986	 Anser          	  2498016	 Anser serrirostris                   	    7340170	 
 2493367	 Panurus biarmicus (Linnaeus, 1758)                         	          2493367	 Panurus biarmicus (Linnaeus, 1758)                         	               12444	 SPECIES   	 ACCEPTED              	 Animalia	          1	 Chordata	        44	 Aves 	      212	 Passeriformes    	      729	 Panuridae        	   6100802	 Panurus        	  2493366	 Panurus biarmicus                    	    2493367	 LC
 9813242	 Falco columbarius Linnaeus, 1758                           	          9813242	 Falco columbarius Linnaeus, 1758                           	               12131	 SPECIES   	 ACCEPTED              	 Animalia	          1	 Chordata	        44	 Aves 	      212	 Falconiformes    	  7191407	 Falconidae       	      5240	 Falco          	  2480996	 Falco columbarius                    	    9813242	 LC
 9444556	 Lanius excubitor Linnaeus, 1758                            	          9444556	 Lanius excubitor Linnaeus, 1758                            	               12022	 SPECIES   	 ACCEPTED              	 Animalia	          1	 Chordata	        44	 Aves 	      212	 Passeriformes    	      729	 Laniidae         	      9315	 Lanius         	  2483315	 Lanius excubitor                     	    9444556	 LC
 5229168	 Milvus milvus (Linnaeus, 1758)                             	          5229168	 Milvus milvus (Linnaeus, 1758)                             	               11695	 SPECIES   	 ACCEPTED              	 Animalia	          1	 Chordata	        44	 Aves 	      212	 Accipitriformes  	  7191147	 Accipitridae     	      2877	 Milvus         	  5229166	 Milvus milvus                        	    5229168	 LC
 2497921	 Tyto alba (Scopoli, 1769)                                  	          2497921	 Tyto alba (Scopoli, 1769)                                  	               11390	 SPECIES   	 ACCEPTED              	 Animalia	          1	 Chordata	        44	 Aves 	      212	 Strigiformes     	     1450	 Tytonidae        	      5292	 Tyto           	  2497905	 Tyto alba                            	    2497921	 LC
 2474950	 Grus grus (Linnaeus, 1758)                                 	          2474950	 Grus grus (Linnaeus, 1758)                                 	               11054	 SPECIES   	 ACCEPTED              	 Animalia	          1	 Chordata	        44	 Aves 	      212	 Gruiformes       	     1493	 Gruidae          	      9313	 Grus           	  2474940	 Grus grus                            	    2474950	 LC
 2480327	 Pluvialis squatarola (Linnaeus, 1758)                      	          2480327	 Pluvialis squatarola (Linnaeus, 1758)                      	               10957	 SPECIES   	 ACCEPTED              	 Animalia	          1	 Chordata	        44	 Aves 	      212	 Charadriiformes  	  7192402	 Charadriidae     	   2480210	 Pluvialis      	  2480326	 Pluvialis squatarola                 	    2480327	 VU
 2497295	 Asio flammeus (Pontoppidan, 1763)                          	          2497295	 Asio flammeus (Pontoppidan, 1763)                          	               10691	 SPECIES   	 ACCEPTED              	 Animalia	          1	 Chordata	        44	 Aves 	      212	 Strigiformes     	     1450	 Strigidae        	      9348	 Asio           	  8373955	 Asio flammeus                        	    2497295	 LC
 7865305	 Turdus torquatus Linnaeus, 1758                            	          7865305	 Turdus torquatus Linnaeus, 1758                            	               10294	 SPECIES   	 ACCEPTED              	 Animalia	          1	 Chordata	        44	 Aves 	      212	 Passeriformes    	      729	 Turdidae         	      5290	 Turdus         	  2490714	 Turdus torquatus                     	    7865305	 LC
 2480850	 Ixobrychus minutus (Linnaeus, 1766)                        	          2480850	 Ixobrychus minutus (Linnaeus, 1766)                        	               10289	 SPECIES   	 ACCEPTED              	 Animalia	          1	 Chordata	        44	 Aves 	      212	 Pelecaniformes   	  7190953	 Ardeidae         	      3685	 Ixobrychus     	  2480843	 Ixobrychus minutus                   	    2480850	 LC
 6065841	 Hydrocoloeus minutus (Pallas, 1776)                        	          6065841	 Hydrocoloeus minutus (Pallas, 1776)                        	                9063	 SPECIES   	 ACCEPTED              	 Animalia	          1	 Chordata	        44	 Aves 	      212	 Charadriiformes  	  7192402	 Laridae          	      9316	 Hydrocoloeus   	  4848514	 Hydrocoloeus minutus                 	    6065841	 LC
 2481748	 Calidris alba (Pallas, 1764)                               	          2481748	 Calidris alba (Pallas, 1764)                               	                9054	 SPECIES   	 ACCEPTED              	 Animalia	          1	 Chordata	        44	 Aves 	      212	 Charadriiformes  	  7192402	 Scolopacidae     	      5282	 Calidris       	  2481739	 Calidris alba                        	    2481748	 LC
 9413670	 Larus michahellis J.F.Naumann, 1840                        	          9413670	 Larus michahellis J.F.Naumann, 1840                        	                8960	 SPECIES   	 ACCEPTED              	 Animalia	          1	 Chordata	        44	 Aves 	      212	 Charadriiformes  	  7192402	 Laridae          	      9316	 Larus          	  2481126	 Larus michahellis                    	    9413670	 LC
 2498024	 Anser brachyrhynchus Baillon, 1834                         	          2498024	 Anser brachyrhynchus Baillon, 1834                         	                8862	 SPECIES   	 ACCEPTED              	 Animalia	          1	 Chordata	        44	 Aves 	      212	 Anseriformes     	     1108	 Anatidae         	      2986	 Anser          	  2498016	 Anser brachyrhynchus                 	    2498024	 LC
 8773033	 Dendrocoptes medius (Linnaeus, 1758)                       	          8773033	 Dendrocoptes medius (Linnaeus, 1758)                       	                8731	 SPECIES   	 ACCEPTED              	 Animalia	          1	 Chordata	        44	 Aves 	      212	 Piciformes       	      724	 Picidae          	      9333	 Dendrocoptes   	  4850317	 Dendrocoptes medius                  	    8773033	 LC
 2474156	 Coturnix coturnix (Linnaeus, 1758)                         	          2474156	 Coturnix coturnix (Linnaeus, 1758)                         	                7971	 SPECIES   	 ACCEPTED              	 Animalia	          1	 Chordata	        44	 Aves 	      212	 Galliformes      	      723	 Phasianidae      	      9331	 Coturnix       	  8725725	 Coturnix coturnix                    	    2474156	 LC
 6782561	 Acanthis von Borkhausen, 1797                              	          6782561	 Acanthis von Borkhausen, 1797                              	                7837	 GENUS     	 ACCEPTED              	 Animalia	          1	 Chordata	        44	 Aves 	      212	 Passeriformes    	      729	 Fringillidae     	      5242	 Acanthis       	  6782561	                                      	           	 
 2481181	 Larus cachinnans Pallas, 1811                              	          2481181	 Larus cachinnans Pallas, 1811                              	                7549	 SPECIES   	 ACCEPTED              	 Animalia	          1	 Chordata	        44	 Aves 	      212	 Charadriiformes  	  7192402	 Laridae          	      9316	 Larus          	  2481126	 Larus cachinnans                     	    2481181	 LC
 2481681	 Limosa lapponica (Linnaeus, 1758)                          	          2481681	 Limosa lapponica (Linnaeus, 1758)                          	                7517	 SPECIES   	 ACCEPTED              	 Animalia	          1	 Chordata	        44	 Aves 	      212	 Charadriiformes  	  7192402	 Scolopacidae     	      5282	 Limosa         	  2481679	 Limosa lapponica                     	    2481681	 NT
 7634625	 Emberiza calandra Linnaeus, 1758                           	          7634625	 Emberiza calandra Linnaeus, 1758                           	                7465	 SPECIES   	 ACCEPTED              	 Animalia	          1	 Chordata	        44	 Aves 	      212	 Passeriformes    	      729	 Emberizidae      	      9608	 Emberiza       	  2491468	 Emberiza calandra                    	    7634625	 LC
 2498180	 Netta rufina (Pallas, 1773)                                	          2498180	 Netta rufina (Pallas, 1773)                                	                7446	 SPECIES   	 ACCEPTED              	 Animalia	          1	 Chordata	        44	 Aves 	      212	 Anseriformes     	     1108	 Anatidae         	      2986	 Netta          	  2498176	 Netta rufina                         	    2498180	 LC
 2498347	 Cygnus cygnus (Linnaeus, 1758)                             	          2498347	 Cygnus cygnus (Linnaeus, 1758)                             	                7095	 SPECIES   	 ACCEPTED              	 Animalia	          1	 Chordata	        44	 Aves 	      212	 Anseriformes     	     1108	 Anatidae         	      2986	 Cygnus         	  8996942	 Cygnus cygnus                        	    2498347	 LC
 2481240	 Thalasseus sandvicensis (Latham, 1787)                     	          2481240	 Thalasseus sandvicensis (Latham, 1787)                     	                6746	 SPECIES   	 ACCEPTED              	 Animalia	          1	 Chordata	        44	 Aves 	      212	 Charadriiformes  	  7192402	 Laridae          	      9316	 Thalasseus     	  9109074	 Thalasseus sandvicensis              	    2481240	 LC
 5229126	 Himantopus himantopus (Linnaeus, 1758)                     	          5229126	 Himantopus himantopus (Linnaeus, 1758)                     	                6712	 SPECIES   	 ACCEPTED              	 Animalia	          1	 Chordata	        44	 Aves 	      212	 Charadriiformes  	  7192402	 Recurvirostridae 	   4287244	 Himantopus     	  2480217	 Himantopus himantopus                	    5229126	 LC
 6871058	 Acanthis cabaret (Müller & Pls, 1776)                      	          8732478	 Acanthis flammea cabaret (P.L.Statius Müller, 1776)        	                6572	 SPECIES   	 SYNONYM               	 Animalia	          1	 Chordata	        44	 Aves 	      212	 Passeriformes    	      729	 Fringillidae     	      5242	 Acanthis       	  6782561	 Acanthis flammea                     	    5231630	 
 5229167	 Milvus migrans (Boddaert, 1783)                            	          5229167	 Milvus migrans (Boddaert, 1783)                            	                6433	 SPECIES   	 ACCEPTED              	 Animalia	          1	 Chordata	        44	 Aves 	      212	 Accipitriformes  	  7191147	 Accipitridae     	      2877	 Milvus         	  5229166	 Milvus migrans                       	    5229167	 LC
 5232446	 Branta bernicla (Linnaeus, 1758)                           	          5232446	 Branta bernicla (Linnaeus, 1758)                           	                6415	 SPECIES   	 ACCEPTED              	 Animalia	          1	 Chordata	        44	 Aves 	      212	 Anseriformes     	     1108	 Anatidae         	      2986	 Branta         	  2498190	 Branta bernicla                      	    5232446	 LC
 2481835	 Lymnocryptes minimus (Brünnich, 1764)                      	          2481835	 Lymnocryptes minimus (Brünnich, 1764)                      	                6149	 SPECIES   	 ACCEPTED              	 Animalia	          1	 Chordata	        44	 Aves 	      212	 Charadriiformes  	  7192402	 Scolopacidae     	      5282	 Lymnocryptes   	  2481834	 Lymnocryptes minimus                 	    2481835	 LC
 2480934	 Ardea purpurea Linnaeus, 1766                              	          2480934	 Ardea purpurea Linnaeus, 1766                              	                6148	 SPECIES   	 ACCEPTED              	 Animalia	          1	 Chordata	        44	 Aves 	      212	 Pelecaniformes   	  7190953	 Ardeidae         	      3685	 Ardea          	  2480922	 Ardea purpurea                       	    2480934	 LC
 2481749	 Calidris minuta (Leisler, 1812)                            	          2481749	 Calidris minuta (Leisler, 1812)                            	                5834	 SPECIES   	 ACCEPTED              	 Animalia	          1	 Chordata	        44	 Aves 	      212	 Charadriiformes  	  7192402	 Scolopacidae     	      5282	 Calidris       	  2481739	 Calidris minuta                      	    2481749	 LC
 8109681	 Caprimulgus europaeus Linnaeus, 1758                       	          8109681	 Caprimulgus europaeus Linnaeus, 1758                       	                5705	 SPECIES   	 ACCEPTED              	 Animalia	          1	 Chordata	        44	 Aves 	      212	 Caprimulgiformes 	  8510645	 Caprimulgidae    	      5225	 Caprimulgus    	  2496826	 Caprimulgus europaeus                	    8109681	 LC
 2481765	 Calidris canutus (Linnaeus, 1758)                          	          2481765	 Calidris canutus (Linnaeus, 1758)                          	                5638	 SPECIES   	 ACCEPTED              	 Animalia	          1	 Chordata	        44	 Aves 	      212	 Charadriiformes  	  7192402	 Scolopacidae     	      5282	 Calidris       	  2481739	 Calidris canutus                     	    2481765	 NT
 2498265	 Aythya marila (Linnaeus, 1761)                             	          2498265	 Aythya marila (Linnaeus, 1761)                             	                5554	 SPECIES   	 ACCEPTED              	 Animalia	          1	 Chordata	        44	 Aves 	      212	 Anseriformes     	     1108	 Anatidae         	      2986	 Aythya         	  2498254	 Aythya marila                        	    2498265	 LC
 2493551	 Locustella luscinioides (Savi, 1824)                       	          2493551	 Locustella luscinioides (Savi, 1824)                       	                5382	 SPECIES   	 ACCEPTED              	 Animalia	          1	 Chordata	        44	 Aves 	      212	 Passeriformes    	      729	 Locustellidae    	   6100825	 Locustella     	  2493547	 Locustella luscinioides              	    2493551	 LC
 2498247	 Melanitta nigra (Linnaeus, 1758)                           	          2498247	 Melanitta nigra (Linnaeus, 1758)                           	                5359	 SPECIES   	 ACCEPTED              	 Animalia	          1	 Chordata	        44	 Aves 	      212	 Anseriformes     	     1108	 Anatidae         	      2986	 Melanitta      	  2498237	 Melanitta nigra                      	    2498247	 LC
 2482051	 Podiceps grisegena (Boddaert, 1783)                        	          2482051	 Podiceps grisegena (Boddaert, 1783)                        	                5095	 SPECIES   	 ACCEPTED              	 Animalia	          1	 Chordata	        44	 Aves 	      212	 Podicipediformes 	  7191588	 Podicipedidae    	      9338	 Podiceps       	  2482049	 Podiceps grisegena                   	    2482051	 LC
 2480830	 Bubulcus ibis (Linnaeus, 1758)                             	          2480830	 Bubulcus ibis (Linnaeus, 1758)                             	                4949	 SPECIES   	 ACCEPTED              	 Animalia	          1	 Chordata	        44	 Aves 	      212	 Pelecaniformes   	  7190953	 Ardeidae         	      3685	 Bubulcus       	  2480829	 Bubulcus ibis                        	    2480830	 LC
 2498259	 Aythya nyroca (Güldenstädt, 1770)                          	          2498259	 Aythya nyroca (Güldenstädt, 1770)                          	                4899	 SPECIES   	 ACCEPTED              	 Animalia	          1	 Chordata	        44	 Aves 	      212	 Anseriformes     	     1108	 Anatidae         	      2986	 Aythya         	  2498254	 Aythya nyroca                        	    2498259	 NT
     212	 Aves                                                       	              212	 Aves                                                       	                4785	 CLASS     	 ACCEPTED              	 Animalia	          1	 Chordata	        44	 Aves 	      212	                  	         	                  	          	                	         	                                      	           	 
 2498375	 Mergus serrator Linnaeus, 1758                             	          2498375	 Mergus serrator Linnaeus, 1758                             	                4566	 SPECIES   	 ACCEPTED              	 Animalia	          1	 Chordata	        44	 Aves 	      212	 Anseriformes     	     1108	 Anatidae         	      2986	 Mergus         	  2498368	 Mergus serrator                      	    2498375	 LC
 2480964	 Morus bassanus (Linnaeus, 1758)                            	          2480964	 Morus bassanus (Linnaeus, 1758)                            	                4424	 SPECIES   	 ACCEPTED              	 Animalia	          1	 Chordata	        44	 Aves 	      212	 Suliformes       	  7192775	 Sulidae          	      9351	 Morus          	  2480962	 Morus bassanus                       	    2480964	 LC
 2487385	 Remiz pendulinus (Linnaeus, 1758)                          	          2487385	 Remiz pendulinus (Linnaeus, 1758)                          	                4388	 SPECIES   	 ACCEPTED              	 Animalia	          1	 Chordata	        44	 Aves 	      212	 Passeriformes    	      729	 Remizidae        	      9344	 Remiz          	  2487382	 Remiz pendulinus                     	    2487385	 LC
 2490275	 Anthus petrosus (Montagu, 1798)                            	          2490275	 Anthus petrosus (Montagu, 1798)                            	                4104	 SPECIES   	 ACCEPTED              	 Animalia	          1	 Chordata	        44	 Aves 	      212	 Passeriformes    	      729	 Motacillidae     	      5257	 Anthus         	  2490241	 Anthus petrosus                      	    2490275	 LC
 2493095	 Phylloscopus inornatus (Blyth, 1842)                       	          2493095	 Phylloscopus inornatus (Blyth, 1842)                       	                4035	 SPECIES   	 ACCEPTED              	 Animalia	          1	 Chordata	        44	 Aves 	      212	 Passeriformes    	      729	 Phylloscopidae   	   6100963	 Phylloscopus   	  2493047	 Phylloscopus inornatus               	    2493095	 LC
 8128385	 Phylloscopus sibillatrix (Bechstein, 1792)                 	          8128385	 Phylloscopus sibillatrix (Bechstein, 1792)                 	                3974	 SPECIES   	 ACCEPTED              	 Animalia	          1	 Chordata	        44	 Aves 	      212	 Passeriformes    	      729	 Phylloscopidae   	   6100963	 Phylloscopus   	  2493047	 Phylloscopus sibillatrix             	    8128385	 LC
 2481741	 Calidris ferruginea (Pontoppidan, 1763)                    	          2481741	 Calidris ferruginea (Pontoppidan, 1763)                    	                3949	 SPECIES   	 ACCEPTED              	 Animalia	          1	 Chordata	        44	 Aves 	      212	 Charadriiformes  	  7192402	 Scolopacidae     	      5282	 Calidris       	  2481739	 Calidris ferruginea                  	    2481741	 VU
 2498352	 Somateria mollissima (Linnaeus, 1758)                      	          2498352	 Somateria mollissima (Linnaeus, 1758)                      	                3910	 SPECIES   	 ACCEPTED              	 Animalia	          1	 Chordata	        44	 Aves 	      212	 Anseriformes     	     1108	 Anatidae         	      2986	 Somateria      	  2498349	 Somateria mollissima                 	    2498352	 NT
 2474621	 Porzana porzana (Linnaeus, 1766)                           	          2474621	 Porzana porzana (Linnaeus, 1766)                           	                3793	 SPECIES   	 ACCEPTED              	 Animalia	          1	 Chordata	        44	 Aves 	      212	 Gruiformes       	     1493	 Rallidae         	      9342	 Porzana        	  2474604	 Porzana porzana                      	    2474621	 LC
 2481909	 Ciconia nigra (Linnaeus, 1758)                             	          2481909	 Ciconia nigra (Linnaeus, 1758)                             	                3778	 SPECIES   	 ACCEPTED              	 Animalia	          1	 Chordata	        44	 Aves 	      212	 Ciconiiformes    	      839	 Ciconiidae       	      9289	 Ciconia        	  2481908	 Ciconia nigra                        	    2481909	 LC
 8012314	 Jynx torquilla Linnaeus, 1758                              	          8012314	 Jynx torquilla Linnaeus, 1758                              	                3755	 SPECIES   	 ACCEPTED              	 Animalia	          1	 Chordata	        44	 Aves 	      212	 Piciformes       	      724	 Picidae          	      9333	 Jynx           	  2478152	 Jynx torquilla                       	    8012314	 LC
 2480524	 Buteo lagopus (Pontoppidan, 1763)                          	          2480524	 Buteo lagopus (Pontoppidan, 1763)                          	                3698	 SPECIES   	 ACCEPTED              	 Animalia	          1	 Chordata	        44	 Aves 	      212	 Accipitriformes  	  7191147	 Accipitridae     	      2877	 Buteo          	  2480517	 Buteo lagopus                        	    2480524	 LC
 2494200	 Serinus serinus (Linnaeus, 1766)                           	          2494200	 Serinus serinus (Linnaeus, 1766)                           	                3638	 SPECIES   	 ACCEPTED              	 Animalia	          1	 Chordata	        44	 Aves 	      212	 Passeriformes    	      729	 Fringillidae     	      5242	 Serinus        	  8215044	 Serinus serinus                      	    2494200	 LC
 2484605	 Bombycilla garrulus (Linnaeus, 1758)                       	          2484605	 Bombycilla garrulus (Linnaeus, 1758)                       	                3495	 SPECIES   	 ACCEPTED              	 Animalia	          1	 Chordata	        44	 Aves 	      212	 Passeriformes    	      729	 Bombycillidae    	      5215	 Bombycilla     	  2484604	 Bombycilla garrulus                  	    2484605	 LC
 2481740	 Calidris temminckii (Leisler, 1812)                        	          2481740	 Calidris temminckii (Leisler, 1812)                        	                3395	 SPECIES   	 ACCEPTED              	 Animalia	          1	 Chordata	        44	 Aves 	      212	 Charadriiformes  	  7192402	 Scolopacidae     	      5282	 Calidris       	  2481739	 Calidris temminckii                  	    2481740	 LC
 2481743	 Calidris maritima (Brünnich, 1764)                         	          2481743	 Calidris maritima (Brünnich, 1764)                         	                3272	 SPECIES   	 ACCEPTED              	 Animalia	          1	 Chordata	        44	 Aves 	      212	 Charadriiformes  	  7192402	 Scolopacidae     	      5282	 Calidris       	  2481739	 Calidris maritima                    	    2481743	 LC
 6090361	 Luscinia svecica cyanecula (Meisner, 1804)                 	          6090361	 Luscinia svecica cyanecula (Meisner, 1804)                 	                3237	 SUBSPECIES	 ACCEPTED              	 Animalia	          1	 Chordata	        44	 Aves 	      212	 Passeriformes    	      729	 Muscicapidae     	      9322	 Luscinia       	  5429330	 Luscinia svecica                     	    4408732	 
 2481205	 Rissa tridactyla (Linnaeus, 1758)                          	          2481205	 Rissa tridactyla (Linnaeus, 1758)                          	                3226	 SPECIES   	 ACCEPTED              	 Animalia	          1	 Chordata	        44	 Aves 	      212	 Charadriiformes  	  7192402	 Laridae          	      9316	 Rissa          	  2481203	 Rissa tridactyla                     	    2481205	 VU
 2490669	 Galerida cristata (Linnaeus, 1758)                         	          2490669	 Galerida cristata (Linnaeus, 1758)                         	                3204	 SPECIES   	 ACCEPTED              	 Animalia	          1	 Chordata	        44	 Aves 	      212	 Passeriformes    	      729	 Alaudidae        	      7211	 Galerida       	  2490666	 Galerida cristata                    	    2490669	 LC
 2482059	 Podiceps auritus (Linnaeus, 1758)                          	          2482059	 Podiceps auritus (Linnaeus, 1758)                          	                3137	 SPECIES   	 ACCEPTED              	 Animalia	          1	 Chordata	        44	 Aves 	      212	 Podicipediformes 	  7191588	 Podicipedidae    	      9338	 Podiceps       	  2482049	 Podiceps auritus                     	    2482059	 VU
 2498238	 Melanitta fusca (Linnaeus, 1758)                           	          2498238	 Melanitta fusca (Linnaeus, 1758)                           	                3120	 SPECIES   	 ACCEPTED              	 Animalia	          1	 Chordata	        44	 Aves 	      212	 Anseriformes     	     1108	 Anatidae         	      2986	 Melanitta      	  2498237	 Melanitta fusca                      	    2498238	 VU
 2480863	 Nycticorax nycticorax (Linnaeus, 1758)                     	          2480863	 Nycticorax nycticorax (Linnaeus, 1758)                     	                3079	 SPECIES   	 ACCEPTED              	 Animalia	          1	 Chordata	        44	 Aves 	      212	 Pelecaniformes   	  7190953	 Ardeidae         	      3685	 Nycticorax     	  2480856	 Nycticorax nycticorax                	    2480863	 LC
 7745240	 Lanius collurio Linnaeus, 1758                             	          7745240	 Lanius collurio Linnaeus, 1758                             	                3012	 SPECIES   	 ACCEPTED              	 Animalia	          1	 Chordata	        44	 Aves 	      212	 Passeriformes    	      729	 Laniidae         	      9315	 Lanius         	  2483315	 Lanius collurio                      	    7745240	 LC
 2481621	 Stercorarius parasiticus (Linnaeus, 1758)                  	          2481621	 Stercorarius parasiticus (Linnaeus, 1758)                  	                2918	 SPECIES   	 ACCEPTED              	 Animalia	          1	 Chordata	        44	 Aves 	      212	 Charadriiformes  	  7192402	 Stercorariidae   	      9347	 Stercorarius   	  2481608	 Stercorarius parasiticus             	    2481621	 LC
 2481958	 Gavia stellata (Pontoppidan, 1763)                         	          2481958	 Gavia stellata (Pontoppidan, 1763)                         	                2890	 SPECIES   	 ACCEPTED              	 Animalia	          1	 Chordata	        44	 Aves 	      212	 Gaviiformes      	  7192754	 Gaviidae         	      9312	 Gavia          	  2481954	 Gavia stellata                       	    2481958	 LC
 5229230	 Sterna paradisaea Pontoppidan, 1763                        	          5229230	 Sterna paradisaea Pontoppidan, 1763                        	                2766	 SPECIES   	 ACCEPTED              	 Animalia	          1	 Chordata	        44	 Aves 	      212	 Charadriiformes  	  7192402	 Laridae          	      9316	 Sterna         	  2481227	 Sterna paradisaea                    	    5229230	 LC
 2490274	 Anthus campestris (Linnaeus, 1758)                         	          2490274	 Anthus campestris (Linnaeus, 1758)                         	                2711	 SPECIES   	 ACCEPTED              	 Animalia	          1	 Chordata	        44	 Aves 	      212	 Passeriformes    	      729	 Motacillidae     	      5257	 Anthus         	  2490241	 Anthus campestris                    	    2490274	 LC
 2498273	 Clangula hyemalis (Linnaeus, 1758)                         	          2498273	 Clangula hyemalis (Linnaeus, 1758)                         	                2508	 SPECIES   	 ACCEPTED              	 Animalia	          1	 Chordata	        44	 Aves 	      212	 Anseriformes     	     1108	 Anatidae         	      2986	 Clangula       	  2498272	 Clangula hyemalis                    	    2498273	 VU
 2480666	 Circaetus gallicus (Gmelin, 1788)                          	          2480666	 Circaetus gallicus (Gmelin, 1788)                          	                2489	 SPECIES   	 ACCEPTED              	 Animalia	          1	 Chordata	        44	 Aves 	      212	 Accipitriformes  	  7191147	 Accipitridae     	      2877	 Circaetus      	  2480661	 Circaetus gallicus                   	    2480666	 LC
 5232451	 Branta ruficollis (Pallas, 1769)                           	          5232451	 Branta ruficollis (Pallas, 1769)                           	                2475	 SPECIES   	 ACCEPTED              	 Animalia	          1	 Chordata	        44	 Aves 	      212	 Anseriformes     	     1108	 Anatidae         	      2986	 Branta         	  2498190	 Branta ruficollis                    	    5232451	 VU
 2480449	 Haliaeetus albicilla (Linnaeus, 1758)                      	          2480449	 Haliaeetus albicilla (Linnaeus, 1758)                      	                2455	 SPECIES   	 ACCEPTED              	 Animalia	          1	 Chordata	        44	 Aves 	      212	 Accipitriformes  	  7191147	 Accipitridae     	      2877	 Haliaeetus     	  2480444	 Haliaeetus albicilla                 	    2480449	 LC
 2481962	 Gavia immer (Brunnich, 1764)                               	          2481962	 Gavia immer (Brunnich, 1764)                               	                2426	 SPECIES   	 ACCEPTED              	 Animalia	          1	 Chordata	        44	 Aves 	      212	 Gaviiformes      	  7192754	 Gaviidae         	      9312	 Gavia          	  2481954	 Gavia immer                          	    2481962	 LC
 2491719	 Plectrophenax nivalis (Linnaeus, 1758)                     	          2491719	 Plectrophenax nivalis (Linnaeus, 1758)                     	                2422	 SPECIES   	 ACCEPTED              	 Animalia	          1	 Chordata	        44	 Aves 	      212	 Passeriformes    	      729	 Calcariidae      	   6101141	 Plectrophenax  	  2491717	 Plectrophenax nivalis                	    2491719	 LC
 2498016	 Anser Brisson, 1760                                        	          2498016	 Anser Brisson, 1760                                        	                2412	 GENUS     	 ACCEPTED              	 Animalia	          1	 Chordata	        44	 Aves 	      212	 Anseriformes     	     1108	 Anatidae         	      2986	 Anser          	  2498016	                                      	           	 
 2480495	 Circus pygargus (Linnaeus, 1758)                           	          2480495	 Circus pygargus (Linnaeus, 1758)                           	                2365	 SPECIES   	 ACCEPTED              	 Animalia	          1	 Chordata	        44	 Aves 	      212	 Accipitriformes  	  7191147	 Accipitridae     	      2877	 Circus         	  2480481	 Circus pygargus                      	    2480495	 LC
 2481618	 Stercorarius skua (Brünnich, 1764)                         	          2481618	 Stercorarius skua (Brünnich, 1764)                         	                2364	 SPECIES   	 ACCEPTED              	 Animalia	          1	 Chordata	        44	 Aves 	      212	 Charadriiformes  	  7192402	 Stercorariidae   	      9347	 Stercorarius   	  2481608	 Stercorarius skua                    	    2481618	 LC
 5789279	 Sternula albifrons (Pallas, 1764)                          	          5789279	 Sternula albifrons (Pallas, 1764)                          	                2342	 SPECIES   	 ACCEPTED              	 Animalia	          1	 Chordata	        44	 Aves 	      212	 Charadriiformes  	  7192402	 Laridae          	      9316	 Sternula       	  4849628	 Sternula albifrons                   	    5789279	 LC
 6486587	 Motacilla alba yarrellii Gould, 1837                       	          6486587	 Motacilla alba yarrellii Gould, 1837                       	                2342	 SUBSPECIES	 ACCEPTED              	 Animalia	          1	 Chordata	        44	 Aves 	      212	 Passeriformes    	      729	 Motacillidae     	      5257	 Motacilla      	  2490295	 Motacilla alba                       	    9687165	 
 2493128	 Acrocephalus arundinaceus (Linnaeus, 1758)                 	          2493128	 Acrocephalus arundinaceus (Linnaeus, 1758)                 	                2306	 SPECIES   	 ACCEPTED              	 Animalia	          1	 Chordata	        44	 Aves 	      212	 Passeriformes    	      729	 Acrocephalidae   	   6101019	 Acrocephalus   	  2493112	 Acrocephalus arundinaceus            	    2493128	 
 7179983	 Acanthis flammea flammea (Linnaeus, 1758)                  	          7179983	 Acanthis flammea flammea (Linnaeus, 1758)                  	                2301	 SUBSPECIES	 ACCEPTED              	 Animalia	          1	 Chordata	        44	 Aves 	      212	 Passeriformes    	      729	 Fringillidae     	      5242	 Acanthis       	  6782561	 Acanthis flammea                     	    5231630	 
 2492822	 Cisticola juncidis (Rafinesque, 1810)                      	          2492822	 Cisticola juncidis (Rafinesque, 1810)                      	                2065	 SPECIES   	 ACCEPTED              	 Animalia	          1	 Chordata	        44	 Aves 	      212	 Passeriformes    	      729	 Cisticolidae     	      9293	 Cisticola      	  2492786	 Cisticola juncidis                   	    2492822	 LC
 2491678	 Calcarius lapponicus (Linnaeus, 1758)                      	          2491678	 Calcarius lapponicus (Linnaeus, 1758)                      	                2058	 SPECIES   	 ACCEPTED              	 Animalia	          1	 Chordata	        44	 Aves 	      212	 Passeriformes    	      729	 Calcariidae      	   6101141	 Calcarius      	  2491676	 Calcarius lapponicus                 	    2491678	 LC
 6540376	 Motacilla flava thunbergi Billberg, 1828                   	          6540376	 Motacilla flava thunbergi Billberg, 1828                   	                1973	 SUBSPECIES	 ACCEPTED              	 Animalia	          1	 Chordata	        44	 Aves 	      212	 Passeriformes    	      729	 Motacillidae     	      5257	 Motacilla      	  2490295	 Motacilla flava                      	    9701857	 
 2481959	 Gavia arctica (Linnaeus, 1758)                             	          2481959	 Gavia arctica (Linnaeus, 1758)                             	                1905	 SPECIES   	 ACCEPTED              	 Animalia	          1	 Chordata	        44	 Aves 	      212	 Gaviiformes      	  7192754	 Gaviidae         	      9312	 Gavia          	  2481954	 Gavia arctica                        	    2481959	 LC
 6177940	 Limosa limosa islandica C.L.Brehm, 1831                    	          6177940	 Limosa limosa islandica C.L.Brehm, 1831                    	                1704	 SUBSPECIES	 ACCEPTED              	 Animalia	          1	 Chordata	        44	 Aves 	      212	 Charadriiformes  	  7192402	 Scolopacidae     	      5282	 Limosa         	  2481679	 Limosa limosa                        	    2481685	 
 6540377	 Motacilla flava flavissima (Blyth, 1834)                   	          6540377	 Motacilla flava flavissima (Blyth, 1834)                   	                1648	 SUBSPECIES	 ACCEPTED              	 Animalia	          1	 Chordata	        44	 Aves 	      212	 Passeriformes    	      729	 Motacillidae     	      5257	 Motacilla      	  2490295	 Motacilla flava                      	    9701857	 
 2475443	 Merops apiaster Linnaeus, 1758                             	          2475443	 Merops apiaster Linnaeus, 1758                             	                1616	 SPECIES   	 ACCEPTED              	 Animalia	          1	 Chordata	        44	 Aves 	      212	 Coraciiformes    	     1447	 Meropidae        	      9320	 Merops         	  2475391	 Merops apiaster                      	    2475443	 LC
 2481609	 Stercorarius pomarinus (Temminck, 1815)                    	          2481609	 Stercorarius pomarinus (Temminck, 1815)                    	                1610	 SPECIES   	 ACCEPTED              	 Animalia	          1	 Chordata	        44	 Aves 	      212	 Charadriiformes  	  7192402	 Stercorariidae   	      9347	 Stercorarius   	  2481608	 Stercorarius pomarinus               	    2481609	 LC
 5231630	 Acanthis flammea (Linnaeus, 1758)                          	          5231630	 Acanthis flammea (Linnaeus, 1758)                          	                1594	 SPECIES   	 ACCEPTED              	 Animalia	          1	 Chordata	        44	 Aves 	      212	 Passeriformes    	      729	 Fringillidae     	      5242	 Acanthis       	  6782561	 Acanthis flammea                     	    5231630	 LC
 2480311	 Charadrius alexandrinus Linnaeus, 1758                     	          2480311	 Charadrius alexandrinus Linnaeus, 1758                     	                1573	 SPECIES   	 ACCEPTED              	 Animalia	          1	 Chordata	        44	 Aves 	      212	 Charadriiformes  	  7192402	 Charadriidae     	   2480210	 Charadrius     	  2480277	 Charadrius alexandrinus              	    2480311	 LC
 2482515	 Corvus cornix Linnaeus, 1758                               	          2482515	 Corvus cornix Linnaeus, 1758                               	                1530	 SPECIES   	 ACCEPTED              	 Animalia	          1	 Chordata	        44	 Aves 	      212	 Passeriformes    	      729	 Corvidae         	      5235	 Corvus         	  2482468	 Corvus cornix                        	    2482515	 
 2481121	 Chlidonias hybrida (Pallas, 1811)                          	          2481121	 Chlidonias hybrida (Pallas, 1811)                          	                1517	 SPECIES   	 ACCEPTED              	 Animalia	          1	 Chordata	        44	 Aves 	      212	 Charadriiformes  	  7192402	 Laridae          	      9316	 Chlidonias     	  2481118	 Chlidonias hybrida                   	    2481121	 LC
 2480773	 Plegadis falcinellus (Linnaeus, 1766)                      	          2480773	 Plegadis falcinellus (Linnaeus, 1766)                      	                1511	 SPECIES   	 ACCEPTED              	 Animalia	          1	 Chordata	        44	 Aves 	      212	 Pelecaniformes   	  7190953	 Threskiornithidae	      5288	 Plegadis       	  8171676	 Plegadis falcinellus                 	    2480773	 LC
 5229380	 Puffinus puffinus (Brunnich, 1764)                         	          5229380	 Puffinus puffinus (Brunnich, 1764)                         	                1407	 SPECIES   	 ACCEPTED              	 Animalia	          1	 Chordata	        44	 Aves 	      212	 Procellariiformes	  7192755	 Procellariidae   	      9339	 Puffinus       	  5229335	 Puffinus puffinus                    	    5229380	 LC
 2481342	 Uria aalge (Pontoppidan, 1763)                             	          2481342	 Uria aalge (Pontoppidan, 1763)                             	                1353	 SPECIES   	 ACCEPTED              	 Animalia	          1	 Chordata	        44	 Aves 	      212	 Charadriiformes  	  7192402	 Alcidae          	      2985	 Uria           	  2481338	 Uria aalge                           	    2481342	 LC
 2481127	 Larus hyperboreus Gunnerus, 1767                           	          2481127	 Larus hyperboreus Gunnerus, 1767                           	                1344	 SPECIES   	 ACCEPTED              	 Animalia	          1	 Chordata	        44	 Aves 	      212	 Charadriiformes  	  7192402	 Laridae          	      9316	 Larus          	  2481126	 Larus hyperboreus                    	    2481127	 LC
    9347	 Stercorariidae                                             	             9347	 Stercorariidae                                             	                1321	 FAMILY    	 ACCEPTED              	 Animalia	          1	 Chordata	        44	 Aves 	      212	 Charadriiformes  	  7192402	 Stercorariidae   	      9347	                	         	                                      	           	 
 9654545	 Phalacrocorax carbo sinensis (Staunton, 1796)              	          9654545	 Phalacrocorax carbo sinensis (Staunton, 1796)              	                1305	 SUBSPECIES	 PROVISIONALLY_ACCEPTED	 Animalia	          1	 Chordata	        44	 Aves 	      212	 Suliformes       	  7192775	 Phalacrocoracidae	      5268	 Phalacrocorax  	  2481854	 Phalacrocorax carbo                  	    2481890	 
 7668711	 Linaria flavirostris (Linnaeus, 1758)                      	          7668711	 Linaria flavirostris (Linnaeus, 1758)                      	                1294	 SPECIES   	 ACCEPTED              	 Animalia	          1	 Chordata	        44	 Aves 	      212	 Passeriformes    	      729	 Fringillidae     	      5242	 Linaria        	  8741507	 Linaria flavirostris                 	    7668711	 LC
 2480281	 Charadrius morinellus Linnaeus, 1758                       	          2480281	 Charadrius morinellus Linnaeus, 1758                       	                1279	 SPECIES   	 ACCEPTED              	 Animalia	          1	 Chordata	        44	 Aves 	      212	 Charadriiformes  	  7192402	 Charadriidae     	   2480210	 Charadrius     	  2480277	 Charadrius morinellus                	    2480281	 LC
 8277073	 Alca torda Linnaeus, 1758                                  	          8277073	 Alca torda Linnaeus, 1758                                  	                1264	 SPECIES   	 ACCEPTED              	 Animalia	          1	 Chordata	        44	 Aves 	      212	 Charadriiformes  	  7192402	 Alcidae          	      2985	 Alca           	  2481308	 Alca torda                           	    8277073	 LC
 9797617	 Motacilla alba alba Linnaeus, 1758                         	          9797617	 Motacilla alba alba Linnaeus, 1758                         	                1251	 SUBSPECIES	 ACCEPTED              	 Animalia	          1	 Chordata	        44	 Aves 	      212	 Passeriformes    	      729	 Motacillidae     	      5257	 Motacilla      	  2490295	 Motacilla alba                       	    9687165	 
 5229390	 Phalaropus fulicarius (Linnaeus, 1758)                     	          5229390	 Phalaropus fulicarius (Linnaeus, 1758)                     	                1246	 SPECIES   	 ACCEPTED              	 Animalia	          1	 Chordata	        44	 Aves 	      212	 Charadriiformes  	  7192402	 Scolopacidae     	      5282	 Phalaropus     	  9549339	 Phalaropus fulicarius                	    5229390	 LC
 2482012	 Oceanodroma leucorhoa (Vieillot, 1818)                     	          2482012	 Oceanodroma leucorhoa (Vieillot, 1818)                     	                1230	 SPECIES   	 ACCEPTED              	 Animalia	          1	 Chordata	        44	 Aves 	      212	 Procellariiformes	  7192755	 Hydrobatidae     	      5249	 Oceanodroma    	  2481998	 Oceanodroma leucorhoa                	    2482012	 VU
 2481861	 Phalacrocorax aristotelis (Linnaeus, 1761)                 	          2481861	 Phalacrocorax aristotelis (Linnaeus, 1761)                 	                1195	 SPECIES   	 ACCEPTED              	 Animalia	          1	 Chordata	        44	 Aves 	      212	 Suliformes       	  7192775	 Phalacrocoracidae	      5268	 Phalacrocorax  	  2481854	 Phalacrocorax aristotelis            	    2481861	 LC
 2481062	 Falco vespertinus Linnaeus, 1766                           	          2481062	 Falco vespertinus Linnaeus, 1766                           	                1194	 SPECIES   	 ACCEPTED              	 Animalia	          1	 Chordata	        44	 Aves 	      212	 Falconiformes    	  7191407	 Falconidae       	      5240	 Falco          	  2480996	 Falco vespertinus                    	    2481062	 VU
 2493214	 Hippolais polyglotta (Vieillot, 1817)                      	          2493214	 Hippolais polyglotta (Vieillot, 1817)                      	                1176	 SPECIES   	 ACCEPTED              	 Animalia	          1	 Chordata	        44	 Aves 	      212	 Passeriformes    	      729	 Acrocephalidae   	   6101019	 Hippolais      	  2493213	 Hippolais polyglotta                 	    2493214	 LC
 9415596	 Eremophila alpestris (Linnaeus, 1758)                      	          9415596	 Eremophila alpestris (Linnaeus, 1758)                      	                1132	 SPECIES   	 ACCEPTED              	 Animalia	          1	 Chordata	        44	 Aves 	      212	 Passeriformes    	      729	 Alaudidae        	      7211	 Eremophila     	  2490615	 Eremophila alpestris                 	    9415596	 LC
 2491482	 Emberiza hortulana Linnaeus, 1758                          	          2491482	 Emberiza hortulana Linnaeus, 1758                          	                1119	 SPECIES   	 ACCEPTED              	 Animalia	          1	 Chordata	        44	 Aves 	      212	 Passeriformes    	      729	 Emberizidae      	      9608	 Emberiza       	  2491468	 Emberiza hortulana                   	    2491482	 LC
 2481719	 Tringa stagnatilis (Bechstein, 1803)                       	          2481719	 Tringa stagnatilis (Bechstein, 1803)                       	                1115	 SPECIES   	 ACCEPTED              	 Animalia	          1	 Chordata	        44	 Aves 	      212	 Charadriiformes  	  7192402	 Scolopacidae     	      5282	 Tringa         	  2481709	 Tringa stagnatilis                   	    2481719	 LC
 5739290	 Phalaropus lobatus (Linnaeus, 1758)                        	          5739290	 Phalaropus lobatus (Linnaeus, 1758)                        	                1101	 SPECIES   	 ACCEPTED              	 Animalia	          1	 Chordata	        44	 Aves 	      212	 Charadriiformes  	  7192402	 Scolopacidae     	      5282	 Phalaropus     	  9549339	 Phalaropus lobatus                   	    5739290	 LC
 2481433	 Fulmarus glacialis (Linnaeus, 1761)                        	          2481433	 Fulmarus glacialis (Linnaeus, 1761)                        	                1098	 SPECIES   	 ACCEPTED              	 Animalia	          1	 Chordata	        44	 Aves 	      212	 Procellariiformes	  7192755	 Procellariidae   	      9339	 Fulmarus       	  2481431	 Fulmarus glacialis                   	    2481433	 LC
    2986	 Anatidae                                                   	             2986	 Anatidae                                                   	                1091	 FAMILY    	 ACCEPTED              	 Animalia	          1	 Chordata	        44	 Aves 	      212	 Anseriformes     	     1108	 Anatidae         	      2986	                	         	                                      	           	 
 2493114	 Acrocephalus paludicola (Vieillot, 1817)                   	          2493114	 Acrocephalus paludicola (Vieillot, 1817)                   	                1079	 SPECIES   	 ACCEPTED              	 Animalia	          1	 Chordata	        44	 Aves 	      212	 Passeriformes    	      729	 Acrocephalidae   	   6101019	 Acrocephalus   	  2493112	 Acrocephalus paludicola              	    2493114	 VU
 2481156	 Larus glaucoides B.Meyer, 1822                             	          2481156	 Larus glaucoides B.Meyer, 1822                             	                1060	 SPECIES   	 ACCEPTED              	 Animalia	          1	 Chordata	        44	 Aves 	      212	 Charadriiformes  	  7192402	 Laridae          	      9316	 Larus          	  2481126	 Larus glaucoides                     	    2481156	 LC
 2494459	 Carpodacus erythrinus (Pallas, 1770)                       	          2494459	 Carpodacus erythrinus (Pallas, 1770)                       	                1031	 SPECIES   	 ACCEPTED              	 Animalia	          1	 Chordata	        44	 Aves 	      212	 Passeriformes    	      729	 Fringillidae     	      5242	 Carpodacus     	  2494445	 Carpodacus erythrinus                	    2494459	 LC
 2490283	 Anthus cervinus (Pallas, 1811)                             	          2490283	 Anthus cervinus (Pallas, 1811)                             	                1024	 SPECIES   	 ACCEPTED              	 Animalia	          1	 Chordata	        44	 Aves 	      212	 Passeriformes    	      729	 Motacillidae     	      5257	 Anthus         	  2490241	 Anthus cervinus                      	    2490283	 LC
 9465111	 Anthus richardi Vieillot, 1818                             	          9465111	 Anthus richardi Vieillot, 1818                             	                1022	 SPECIES   	 ACCEPTED              	 Animalia	          1	 Chordata	        44	 Aves 	      212	 Passeriformes    	      729	 Motacillidae     	      5257	 Anthus         	  2490241	 Anthus richardi                      	    9465111	 LC
 2498415	 Upupa epops Linnaeus, 1758                                 	          2498415	 Upupa epops Linnaeus, 1758                                 	                1007	 SPECIES   	 ACCEPTED              	 Animalia	          1	 Chordata	        44	 Aves 	      212	 Bucerotiformes   	      716	 Upupidae         	      5293	 Upupa          	  8349133	 Upupa epops                          	    2498415	 LC
 8249990	 Ardenna grisea (J.F.Gmelin, 1789)                          	          5739277	 Puffinus griseus (Gmelin, 1789)                            	                 955	 SPECIES   	 SYNONYM               	 Animalia	          1	 Chordata	        44	 Aves 	      212	 Procellariiformes	  7192755	 Procellariidae   	      9339	 Puffinus       	  5229335	 Puffinus griseus                     	    5739277	 
 7341662	 Aegithalos caudatus caudatus (Linnaeus, 1758)              	          7341662	 Aegithalos caudatus caudatus (Linnaeus, 1758)              	                 940	 SUBSPECIES	 ACCEPTED              	 Animalia	          1	 Chordata	        44	 Aves 	      212	 Passeriformes    	      729	 Aegithalidae     	      2878	 Aegithalos     	  9270076	 Aegithalos caudatus                  	    2495000	 
    5290	 Turdidae                                                   	             5290	 Turdidae                                                   	                 934	 FAMILY    	 ACCEPTED              	 Animalia	          1	 Chordata	        44	 Aves 	      212	 Passeriformes    	      729	 Turdidae         	      5290	                	         	                                      	           	 
 2498264	 Aythya collaris (Donovan, 1809)                            	          2498264	 Aythya collaris (Donovan, 1809)                            	                 921	 SPECIES   	 ACCEPTED              	 Animalia	          1	 Chordata	        44	 Aves 	      212	 Anseriformes     	     1108	 Anatidae         	      2986	 Aythya         	  2498254	 Aythya collaris                      	    2498264	 LC
 5959143	 Bubo scandiacus (Linnaeus, 1758)                           	          5959143	 Bubo scandiacus (Linnaeus, 1758)                           	                 917	 SPECIES   	 ACCEPTED              	 Animalia	          1	 Chordata	        44	 Aves 	      212	 Strigiformes     	     1450	 Strigidae        	      9348	 Bubo           	  5959091	 Bubo scandiacus                      	    5959143	 VU
 2481744	 Calidris melanotos (Vieillot, 1819)                        	          2481744	 Calidris melanotos (Vieillot, 1819)                        	                 914	 SPECIES   	 ACCEPTED              	 Animalia	          1	 Chordata	        44	 Aves 	      212	 Charadriiformes  	  7192402	 Scolopacidae     	      5282	 Calidris       	  2481739	 Calidris melanotos                   	    2481744	 LC
 5959092	 Bubo bubo (Linnaeus, 1758)                                 	          5959092	 Bubo bubo (Linnaeus, 1758)                                 	                 899	 SPECIES   	 ACCEPTED              	 Animalia	          1	 Chordata	        44	 Aves 	      212	 Strigiformes     	     1450	 Strigidae        	      9348	 Bubo           	  5959091	 Bubo bubo                            	    5959092	 LC
 2493090	 Phylloscopus proregulus (Pallas, 1811)                     	          2493090	 Phylloscopus proregulus (Pallas, 1811)                     	                 895	 SPECIES   	 ACCEPTED              	 Animalia	          1	 Chordata	        44	 Aves 	      212	 Passeriformes    	      729	 Phylloscopidae   	   6100963	 Phylloscopus   	  2493047	 Phylloscopus proregulus              	    2493090	 LC
 2480906	 Ardeola ralloides (Scopoli, 1769)                          	          2480906	 Ardeola ralloides (Scopoli, 1769)                          	                 891	 SPECIES   	 ACCEPTED              	 Animalia	          1	 Chordata	        44	 Aves 	      212	 Pelecaniformes   	  7190953	 Ardeidae         	      3685	 Ardeola        	  2480901	 Ardeola ralloides                    	    2480906	 LC
 2481120	 Chlidonias leucopterus (Temminck, 1815)                    	          2481120	 Chlidonias leucopterus (Temminck, 1815)                    	                 885	 SPECIES   	 ACCEPTED              	 Animalia	          1	 Chordata	        44	 Aves 	      212	 Charadriiformes  	  7192402	 Laridae          	      9316	 Chlidonias     	  2481118	 Chlidonias leucopterus               	    2481120	 LC
 2498167	 Anser caerulescens (Linnaeus, 1758)                        	          2498167	 Anser caerulescens (Linnaeus, 1758)                        	                 882	 SPECIES   	 ACCEPTED              	 Animalia	          1	 Chordata	        44	 Aves 	      212	 Anseriformes     	     1108	 Anatidae         	      2986	 Anser          	  2498016	 Anser caerulescens                   	    2498167	 LC
 2494154	 Loxia pytyopsittacus von Borkhausen, 1793                  	          2494154	 Loxia pytyopsittacus von Borkhausen, 1793                  	                 881	 SPECIES   	 ACCEPTED              	 Animalia	          1	 Chordata	        44	 Aves 	      212	 Passeriformes    	      729	 Fringillidae     	      5242	 Loxia          	  2494150	 Loxia pytyopsittacus                 	    2494154	 LC
 2492955	 Sylvia nisoria (Bechstein, 1792)                           	          2492955	 Sylvia nisoria (Bechstein, 1792)                           	                 861	 SPECIES   	 ACCEPTED              	 Animalia	          1	 Chordata	        44	 Aves 	      212	 Passeriformes    	      729	 Sylviidae        	      5285	 Sylvia         	  2492941	 Sylvia nisoria                       	    2492955	 LC
 2498026	 Anser erythropus (Linnaeus, 1758)                          	          2498026	 Anser erythropus (Linnaeus, 1758)                          	                 858	 SPECIES   	 ACCEPTED              	 Animalia	          1	 Chordata	        44	 Aves 	      212	 Anseriformes     	     1108	 Anatidae         	      2986	 Anser          	  2498016	 Anser erythropus                     	    2498026	 VU
 2490295	 Motacilla Linnaeus, 1758                                   	          2490295	 Motacilla Linnaeus, 1758                                   	                 854	 GENUS     	 ACCEPTED              	 Animalia	          1	 Chordata	        44	 Aves 	      212	 Passeriformes    	      729	 Motacillidae     	      5257	 Motacilla      	  2490295	                                      	           	 
10095118	 Microcarbo pygmaeus (Pallas, 1773)                         	         10095118	 Microcarbo pygmaeus (Pallas, 1773)                         	                 848	 SPECIES   	 ACCEPTED              	 Animalia	          1	 Chordata	        44	 Aves 	      212	 Suliformes       	  7192775	 Phalacrocoracidae	      5268	 Microcarbo     	  8296977	 Microcarbo pygmaeus                  	   10095118	 LC
 5231244	 Oenanthe deserti (Temminck, 1825)                          	          5231244	 Oenanthe deserti (Temminck, 1825)                          	                 794	 SPECIES   	 ACCEPTED              	 Animalia	          1	 Chordata	        44	 Aves 	      212	 Passeriformes    	      729	 Muscicapidae     	      9322	 Oenanthe       	  2492483	 Oenanthe deserti                     	    5231244	 LC
 7191719	 Pyrrhula pyrrhula pyrrhula (Linnaeus, 1758)                	          7191719	 Pyrrhula pyrrhula pyrrhula (Linnaeus, 1758)                	                 784	 SUBSPECIES	 ACCEPTED              	 Animalia	          1	 Chordata	        44	 Aves 	      212	 Passeriformes    	      729	 Fringillidae     	      5242	 Pyrrhula       	  2494529	 Pyrrhula pyrrhula                    	    2494543	 
 4408498	 Crex crex (Linnaeus, 1758)                                 	          4408498	 Crex crex (Linnaeus, 1758)                                 	                 761	 SPECIES   	 ACCEPTED              	 Animalia	          1	 Chordata	        44	 Aves 	      212	 Gruiformes       	     1493	 Rallidae         	      9342	 Crex           	  3242956	 Crex crex                            	    4408498	 LC
    5282	 Scolopacidae                                               	             5282	 Scolopacidae                                               	                 719	 FAMILY    	 ACCEPTED              	 Animalia	          1	 Chordata	        44	 Aves 	      212	 Charadriiformes  	  7192402	 Scolopacidae     	      5282	                	         	                                      	           	 
 2481613	 Stercorarius longicaudus Vieillot, 1819                    	          2481613	 Stercorarius longicaudus Vieillot, 1819                    	                 718	 SPECIES   	 ACCEPTED              	 Animalia	          1	 Chordata	        44	 Aves 	      212	 Charadriiformes  	  7192402	 Stercorariidae   	      9347	 Stercorarius   	  2481608	 Stercorarius longicaudus             	    2481613	 LC
 2493075	 Phylloscopus fuscatus (Blyth, 1842)                        	          2493075	 Phylloscopus fuscatus (Blyth, 1842)                        	                 717	 SPECIES   	 ACCEPTED              	 Animalia	          1	 Chordata	        44	 Aves 	      212	 Passeriformes    	      729	 Phylloscopidae   	   6100963	 Phylloscopus   	  2493047	 Phylloscopus fuscatus                	    2493075	 LC
 6178318	 Anser fabalis serrirostris Swinhoe, 1871                   	          6085479	 Anser serrirostris serrirostris Gould, 1852                	                 714	 SUBSPECIES	 SYNONYM               	 Animalia	          1	 Chordata	        44	 Aves 	      212	 Anseriformes     	     1108	 Anatidae         	      2986	 Anser          	  2498016	 Anser serrirostris                   	    7340170	 
 2480491	 Circus macrourus (S.G.Gmelin, 1770)                        	          2480491	 Circus macrourus (S.G.Gmelin, 1770)                        	                 712	 SPECIES   	 ACCEPTED              	 Animalia	          1	 Chordata	        44	 Aves 	      212	 Accipitriformes  	  7191147	 Accipitridae     	      2877	 Circus         	  2480481	 Circus macrourus                     	    2480491	 NT
 2492605	 Ficedula parva (Bechstein, 1792)                           	          2492605	 Ficedula parva (Bechstein, 1792)                           	                 687	 SPECIES   	 ACCEPTED              	 Animalia	          1	 Chordata	        44	 Aves 	      212	 Passeriformes    	      729	 Muscicapidae     	      9322	 Ficedula       	  2492596	 Ficedula parva                       	    2492605	 LC
 2491544	 Emberiza pusilla Pallas, 1776                              	          2491544	 Emberiza pusilla Pallas, 1776                              	                 650	 SPECIES   	 ACCEPTED              	 Animalia	          1	 Chordata	        44	 Aves 	      212	 Passeriformes    	      729	 Emberizidae      	      9608	 Emberiza       	  2491468	 Emberiza pusilla                     	    2491544	 LC
 2481221	 Xema sabini (Sabine, 1819)                                 	          2481221	 Xema sabini (Sabine, 1819)                                 	                 635	 SPECIES   	 ACCEPTED              	 Animalia	          1	 Chordata	        44	 Aves 	      212	 Charadriiformes  	  7192402	 Laridae          	      9316	 Xema           	  2481220	 Xema sabini                          	    2481221	 LC
 2481126	 Larus Linnaeus, 1758                                       	          2481126	 Larus Linnaeus, 1758                                       	                 633	 GENUS     	 ACCEPTED              	 Animalia	          1	 Chordata	        44	 Aves 	      212	 Charadriiformes  	  7192402	 Laridae          	      9316	 Larus          	  2481126	                                      	           	 
 2498302	 Oxyura leucocephala (Scopoli, 1769)                        	          2498302	 Oxyura leucocephala (Scopoli, 1769)                        	                 622	 SPECIES   	 ACCEPTED              	 Animalia	          1	 Chordata	        44	 Aves 	      212	 Anseriformes     	     1108	 Anatidae         	      2986	 Oxyura         	  2498299	 Oxyura leucocephala                  	    2498302	 EN
 2498125	 Anas carolinensis J.F.Gmelin, 1789                         	          2498125	 Anas carolinensis J.F.Gmelin, 1789                         	                 585	 SPECIES   	 ACCEPTED              	 Animalia	          1	 Chordata	        44	 Aves 	      212	 Anseriformes     	     1108	 Anatidae         	      2986	 Anas           	  2498056	 Anas carolinensis                    	    2498125	 LC
 5232447	 Branta bernicla hrota (O.F.Müller, 1776)                   	          5232447	 Branta bernicla hrota (O.F.Müller, 1776)                   	                 580	 SUBSPECIES	 ACCEPTED              	 Animalia	          1	 Chordata	        44	 Aves 	      212	 Anseriformes     	     1108	 Anatidae         	      2986	 Branta         	  2498190	 Branta bernicla                      	    5232446	 
 8867685	 Coloeus monedula monedula (Linnaeus, 1758)                 	          8867685	 Coloeus monedula monedula (Linnaeus, 1758)                 	                 572	 SUBSPECIES	 ACCEPTED              	 Animalia	          1	 Chordata	        44	 Aves 	      212	 Passeriformes    	      729	 Corvidae         	      5235	 Coloeus        	  4852454	 Coloeus monedula                     	    6100954	 
 6178146	 Larus fuscus graellsii A.E.Brehm, 1857                     	          6178146	 Larus fuscus graellsii A.E.Brehm, 1857                     	                 563	 SUBSPECIES	 ACCEPTED              	 Animalia	          1	 Chordata	        44	 Aves 	      212	 Charadriiformes  	  7192402	 Laridae          	      9316	 Larus          	  2481126	 Larus fuscus                         	    2481174	 
 2474627	 Porzana parva (Scopoli, 1769)                              	          2474627	 Porzana parva (Scopoli, 1769)                              	                 562	 SPECIES   	 ACCEPTED              	 Animalia	          1	 Chordata	        44	 Aves 	      212	 Gruiformes       	     1493	 Rallidae         	      9342	 Porzana        	  2474604	 Porzana parva                        	    2474627	 LC
 7192781	 Phalacrocorax carbo carbo (Linnaeus, 1758)                 	          7192781	 Phalacrocorax carbo carbo (Linnaeus, 1758)                 	                 561	 SUBSPECIES	 ACCEPTED              	 Animalia	          1	 Chordata	        44	 Aves 	      212	 Suliformes       	  7192775	 Phalacrocoracidae	      5268	 Phalacrocorax  	  2481854	 Phalacrocorax carbo                  	    2481890	 
 2481236	 Hydroprogne caspia (Pallas, 1770)                          	          2481236	 Hydroprogne caspia (Pallas, 1770)                          	                 554	 SPECIES   	 ACCEPTED              	 Animalia	          1	 Chordata	        44	 Aves 	      212	 Charadriiformes  	  7192402	 Laridae          	      9316	 Hydroprogne    	  2481219	 Hydroprogne caspia                   	    2481236	 LC
 2481954	 Gavia J.R.Forster, 1788                                    	          2481954	 Gavia J.R.Forster, 1788                                    	                 542	 GENUS     	 ACCEPTED              	 Animalia	          1	 Chordata	        44	 Aves 	      212	 Gaviiformes      	  7192754	 Gaviidae         	      9312	 Gavia          	  2481954	                                      	           	 
 2482492	 Corvus corax Linnaeus, 1758                                	          2482492	 Corvus corax Linnaeus, 1758                                	                 541	 SPECIES   	 ACCEPTED              	 Animalia	          1	 Chordata	        44	 Aves 	      212	 Passeriformes    	      729	 Corvidae         	      5235	 Corvus         	  2482468	 Corvus corax                         	    2482492	 LC
 2492867	 Lanius senator Linnaeus, 1758                              	          2492867	 Lanius senator Linnaeus, 1758                              	                 538	 SPECIES   	 ACCEPTED              	 Animalia	          1	 Chordata	        44	 Aves 	      212	 Passeriformes    	      729	 Laniidae         	      9315	 Lanius         	  2483315	 Lanius senator                       	    2492867	 NT
 7341585	 Phylloscopus ibericus Ticehurst, 1937                      	          7341585	 Phylloscopus ibericus Ticehurst, 1937                      	                 537	 SPECIES   	 ACCEPTED              	 Animalia	          1	 Chordata	        44	 Aves 	      212	 Passeriformes    	      729	 Phylloscopidae   	   6100963	 Phylloscopus   	  2493047	 Phylloscopus ibericus                	    7341585	 LC
 2481299	 Alle alle (Linnaeus, 1758)                                 	          2481299	 Alle alle (Linnaeus, 1758)                                 	                 517	 SPECIES   	 ACCEPTED              	 Animalia	          1	 Chordata	        44	 Aves 	      212	 Charadriiformes  	  7192402	 Alcidae          	      2985	 Alle           	  2481298	 Alle alle                            	    2481299	 LC
 2493549	 Locustella fluviatilis (Wolf, 1810)                        	          2493549	 Locustella fluviatilis (Wolf, 1810)                        	                 473	 SPECIES   	 ACCEPTED              	 Animalia	          1	 Chordata	        44	 Aves 	      212	 Passeriformes    	      729	 Locustellidae    	   6100825	 Locustella     	  2493547	 Locustella fluviatilis               	    2493549	 LC
 2491472	 Emberiza leucocephalos S.G.Gmelin, 1771                    	          2491472	 Emberiza leucocephalos S.G.Gmelin, 1771                    	                 459	 SPECIES   	 ACCEPTED              	 Animalia	          1	 Chordata	        44	 Aves 	      212	 Passeriformes    	      729	 Emberizidae      	      9608	 Emberiza       	  2491468	 Emberiza leucocephalos               	    2491472	 LC
 9422220	 Spatula discors (Linnaeus, 1766)                           	          9422220	 Spatula discors (Linnaeus, 1766)                           	                 457	 SPECIES   	 ACCEPTED              	 Animalia	          1	 Chordata	        44	 Aves 	      212	 Anseriformes     	     1108	 Anatidae         	      2986	 Spatula        	  4850990	 Spatula discors                      	    9422220	 LC
 6541820	 Phylloscopus collybita tristis Blyth, 1843                 	          6541820	 Phylloscopus collybita tristis Blyth, 1843                 	                 434	 SUBSPECIES	 ACCEPTED              	 Animalia	          1	 Chordata	        44	 Aves 	      212	 Passeriformes    	      729	 Phylloscopidae   	   6100963	 Phylloscopus   	  2493047	 Phylloscopus collybita               	    2493091	 
 2480331	 Pluvialis fulva (J.F.Gmelin, 1789)                         	          2480331	 Pluvialis fulva (J.F.Gmelin, 1789)                         	                 415	 SPECIES   	 ACCEPTED              	 Animalia	          1	 Chordata	        44	 Aves 	      212	 Charadriiformes  	  7192402	 Charadriidae     	   2480210	 Pluvialis      	  2480326	 Pluvialis fulva                      	    2480331	 LC
    9348	 Strigidae                                                  	             9348	 Strigidae                                                  	                 406	 FAMILY    	 ACCEPTED              	 Animalia	          1	 Chordata	        44	 Aves 	      212	 Strigiformes     	     1450	 Strigidae        	      9348	                	         	                                      	           	 
 7341522	 Phylloscopus humei (W.E.Brooks, 1878)                      	          7341522	 Phylloscopus humei (W.E.Brooks, 1878)                      	                 405	 SPECIES   	 ACCEPTED              	 Animalia	          1	 Chordata	        44	 Aves 	      212	 Passeriformes    	      729	 Phylloscopidae   	   6100963	 Phylloscopus   	  2493047	 Phylloscopus humei                   	    7341522	 LC
 5231233	 Oenanthe pleschanka (Lepechin, 1770)                       	          5231233	 Oenanthe pleschanka (Lepechin, 1770)                       	                 400	 SPECIES   	 ACCEPTED              	 Animalia	          1	 Chordata	        44	 Aves 	      212	 Passeriformes    	      729	 Muscicapidae     	      9322	 Oenanthe       	  2492483	 Oenanthe pleschanka                  	    5231233	 LC
 2480372	 Elanus caeruleus (Desfontaines, 1789)                      	          2480372	 Elanus caeruleus (Desfontaines, 1789)                      	                 388	 SPECIES   	 ACCEPTED              	 Animalia	          1	 Chordata	        44	 Aves 	      212	 Accipitriformes  	  7191147	 Accipitridae     	      2877	 Elanus         	  2480366	 Elanus caeruleus                     	    2480372	 LC
 2474921	 Otis tarda Linnaeus, 1758                                  	          2474921	 Otis tarda Linnaeus, 1758                                  	                 380	 SPECIES   	 ACCEPTED              	 Animalia	          1	 Chordata	        44	 Aves 	      212	 Otidiformes      	  8708973	 Otididae         	      9610	 Otis           	  9715249	 Otis tarda                           	    2474921	 EN
 2473682	 Lyrurus tetrix (Linnaeus, 1758)                            	          2473682	 Lyrurus tetrix (Linnaeus, 1758)                            	                 379	 SPECIES   	 ACCEPTED              	 Animalia	          1	 Chordata	        44	 Aves 	      212	 Galliformes      	      723	 Phasianidae      	      9331	 Lyrurus        	  8692256	 Lyrurus tetrix                       	    2473682	 LC
 2492509	 Tarsiger cyanurus (Pallas, 1773)                           	          2492509	 Tarsiger cyanurus (Pallas, 1773)                           	                 370	 SPECIES   	 ACCEPTED              	 Animalia	          1	 Chordata	        44	 Aves 	      212	 Passeriformes    	      729	 Muscicapidae     	      9322	 Tarsiger       	  2492508	 Tarsiger cyanurus                    	    2492509	 LC
 2481703	 Xenus cinereus (Güldenstädt, 1775)                         	          2481703	 Xenus cinereus (Güldenstädt, 1775)                         	                 370	 SPECIES   	 ACCEPTED              	 Animalia	          1	 Chordata	        44	 Aves 	      212	 Charadriiformes  	  7192402	 Scolopacidae     	      5282	 Xenus          	  2481702	 Xenus cinereus                       	    2481703	 LC
 2480564	 Buteo rufinus (Cretzschmar, 1829)                          	          2480564	 Buteo rufinus (Cretzschmar, 1829)                          	                 363	 SPECIES   	 ACCEPTED              	 Animalia	          1	 Chordata	        44	 Aves 	      212	 Accipitriformes  	  7191147	 Accipitridae     	      2877	 Buteo          	  2480517	 Buteo rufinus                        	    2480564	 LC
 2481721	 Tringa flavipes (J.F.Gmelin, 1789)                         	          2481721	 Tringa flavipes (J.F.Gmelin, 1789)                         	                 351	 SPECIES   	 ACCEPTED              	 Animalia	          1	 Chordata	        44	 Aves 	      212	 Charadriiformes  	  7192402	 Scolopacidae     	      5282	 Tringa         	  2481709	 Tringa flavipes                      	    2481721	 VU
 9235549	 Sibirionetta formosa (Georgi, 1775)                        	          9235549	 Sibirionetta formosa (Georgi, 1775)                        	                 348	 SPECIES   	 ACCEPTED              	 Animalia	          1	 Chordata	        44	 Aves 	      212	 Anseriformes     	     1108	 Anatidae         	      2986	 Sibirionetta   	  4843694	 Sibirionetta formosa                 	    9235549	 LC
 2498155	 Mareca americana (J.F.Gmelin, 1789)                        	          2498155	 Mareca americana (J.F.Gmelin, 1789)                        	                 338	 SPECIES   	 ACCEPTED              	 Animalia	          1	 Chordata	        44	 Aves 	      212	 Anseriformes     	     1108	 Anatidae         	      2986	 Mareca         	  2498314	 Mareca americana                     	    2498155	 LC
 8996942	 Cygnus Garsault, 1764                                      	          8996942	 Cygnus Garsault, 1764                                      	                 332	 GENUS     	 ACCEPTED              	 Animalia	          1	 Chordata	        44	 Aves 	      212	 Anseriformes     	     1108	 Anatidae         	      2986	 Cygnus         	  8996942	                                      	           	 
 2482100	 Burhinus oedicnemus (Linnaeus, 1758)                       	          2482100	 Burhinus oedicnemus (Linnaeus, 1758)                       	                 330	 SPECIES   	 ACCEPTED              	 Animalia	          1	 Chordata	        44	 Aves 	      212	 Charadriiformes  	  7192402	 Burhinidae       	      9697	 Burhinus       	  2482094	 Burhinus oedicnemus                  	    2482100	 LC
 2475365	 Coracias garrulus Linnaeus, 1758                           	          2475365	 Coracias garrulus Linnaeus, 1758                           	                 326	 SPECIES   	 ACCEPTED              	 Animalia	          1	 Chordata	        44	 Aves 	      212	 Coraciiformes    	     1447	 Coraciidae       	      9307	 Coracias       	  2475359	 Coracias garrulus                    	    2475365	 LC
 2474628	 Porzana pusilla (Pallas, 1776)                             	          2474628	 Porzana pusilla (Pallas, 1776)                             	                 310	 SPECIES   	 ACCEPTED              	 Animalia	          1	 Chordata	        44	 Aves 	      212	 Gruiformes       	     1493	 Rallidae         	      9342	 Porzana        	  2474604	 Porzana pusilla                      	    2474628	 LC
 5845386	 Pastor roseus (Linnaeus, 1758)                             	          5845386	 Pastor roseus (Linnaeus, 1758)                             	                 306	 SPECIES   	 ACCEPTED              	 Animalia	          1	 Chordata	        44	 Aves 	      212	 Passeriformes    	      729	 Sturnidae        	      9350	 Pastor         	  7799469	 Pastor roseus                        	    5845386	 LC
 9362842	 Junco hyemalis (Linnaeus, 1758)                            	          9362842	 Junco hyemalis (Linnaeus, 1758)                            	                 288	 SPECIES   	 ACCEPTED              	 Animalia	          1	 Chordata	        44	 Aves 	      212	 Passeriformes    	      729	 Passerellidae    	   9410667	 Junco          	  2492009	 Junco hyemalis                       	    9362842	 LC
 2492949	 Sylvia undata (Boddaert, 1783)                             	          2492949	 Sylvia undata (Boddaert, 1783)                             	                 283	 SPECIES   	 ACCEPTED              	 Animalia	          1	 Chordata	        44	 Aves 	      212	 Passeriformes    	      729	 Sylviidae        	      5285	 Sylvia         	  2492941	 Sylvia undata                        	    2492949	 NT
 5229138	 Vanellus gregarius (Pallas, 1771)                          	          5229138	 Vanellus gregarius (Pallas, 1771)                          	                 280	 SPECIES   	 ACCEPTED              	 Animalia	          1	 Chordata	        44	 Aves 	      212	 Charadriiformes  	  7192402	 Charadriidae     	   2480210	 Vanellus       	  3242344	 Vanellus gregarius                   	    5229138	 CR
 7537888	 Calidris falcinellus (Pontoppidan, 1763)                   	          7537888	 Calidris falcinellus (Pontoppidan, 1763)                   	                 278	 SPECIES   	 ACCEPTED              	 Animalia	          1	 Chordata	        44	 Aves 	      212	 Charadriiformes  	  7192402	 Scolopacidae     	      5282	 Calidris       	  2481739	 Calidris falcinellus                 	    7537888	 VU
 5231245	 Oenanthe isabellina (Temminck, 1829)                       	          5231245	 Oenanthe isabellina (Temminck, 1829)                       	                 268	 SPECIES   	 ACCEPTED              	 Animalia	          1	 Chordata	        44	 Aves 	      212	 Passeriformes    	      729	 Muscicapidae     	      9322	 Oenanthe       	  2492483	 Oenanthe isabellina                  	    5231245	 LC
 2481831	 Gallinago media (Latham, 1787)                             	          2481831	 Gallinago media (Latham, 1787)                             	                 260	 SPECIES   	 ACCEPTED              	 Animalia	          1	 Chordata	        44	 Aves 	      212	 Charadriiformes  	  7192402	 Scolopacidae     	      5282	 Gallinago      	  2481808	 Gallinago media                      	    2481831	 NT
 9717283	 Cecropis daurica (Laxmann, 1769)                           	          9717283	 Cecropis daurica (Laxmann, 1769)                           	                 255	 SPECIES   	 ACCEPTED              	 Animalia	          1	 Chordata	        44	 Aves 	      212	 Passeriformes    	      729	 Hirundinidae     	      5248	 Cecropis       	  6085729	 Cecropis daurica                     	    9717283	 LC
 2481263	 Gelochelidon nilotica (J.F.Gmelin, 1789)                   	          2481263	 Gelochelidon nilotica (J.F.Gmelin, 1789)                   	                 254	 SPECIES   	 ACCEPTED              	 Animalia	          1	 Chordata	        44	 Aves 	      212	 Charadriiformes  	  7192402	 Laridae          	      9316	 Gelochelidon   	  2481216	 Gelochelidon nilotica                	    2481263	 LC
 8292425	 Calidris subruficollis (Vieillot, 1819)                    	          8292425	 Calidris subruficollis (Vieillot, 1819)                    	                 247	 SPECIES   	 ACCEPTED              	 Animalia	          1	 Chordata	        44	 Aves 	      212	 Charadriiformes  	  7192402	 Scolopacidae     	      5282	 Calidris       	  2481739	 Calidris subruficollis               	    8292425	 VU
 2493137	 Acrocephalus agricola (Jerdon, 1845)                       	          2493137	 Acrocephalus agricola (Jerdon, 1845)                       	                 245	 SPECIES   	 ACCEPTED              	 Animalia	          1	 Chordata	        44	 Aves 	      212	 Passeriformes    	      729	 Acrocephalidae   	   6101019	 Acrocephalus   	  2493112	 Acrocephalus agricola                	    2493137	 LC
 6178138	 Larus glaucoides kumlieni Brewster, 1883                   	          6178138	 Larus glaucoides kumlieni Brewster, 1883                   	                 242	 SUBSPECIES	 ACCEPTED              	 Animalia	          1	 Chordata	        44	 Aves 	      212	 Charadriiformes  	  7192402	 Laridae          	      9316	 Larus          	  2481126	 Larus glaucoides                     	    2481156	 
 2480389	 Gyps fulvus (Hablizl, 1783)                                	          2480389	 Gyps fulvus (Hablizl, 1783)                                	                 242	 SPECIES   	 ACCEPTED              	 Animalia	          1	 Chordata	        44	 Aves 	      212	 Accipitriformes  	  7191147	 Accipitridae     	      2877	 Gyps           	  2480382	 Gyps fulvus                          	    2480389	 LC
 7192412	 Larus canus canus Linnaeus, 1758                           	          7192412	 Larus canus canus Linnaeus, 1758                           	                 241	 SUBSPECIES	 ACCEPTED              	 Animalia	          1	 Chordata	        44	 Aves 	      212	 Charadriiformes  	  7192402	 Laridae          	      9316	 Larus          	  2481126	 Larus canus                          	    7982160	 
 2493084	 Phylloscopus trochiloides (Sundevall, 1837)                	          2493084	 Phylloscopus trochiloides (Sundevall, 1837)                	                 239	 SPECIES   	 ACCEPTED              	 Animalia	          1	 Chordata	        44	 Aves 	      212	 Passeriformes    	      729	 Phylloscopidae   	   6100963	 Phylloscopus   	  2493047	 Phylloscopus trochiloides            	    2493084	 LC
 2490244	 Anthus hodgsoni Richmond, 1907                             	          2490244	 Anthus hodgsoni Richmond, 1907                             	                 237	 SPECIES   	 ACCEPTED              	 Animalia	          1	 Chordata	        44	 Aves 	      212	 Passeriformes    	      729	 Motacillidae     	      5257	 Anthus         	  2490241	 Anthus hodgsoni                      	    2490244	 LC
 5228228	 Tetrax tetrax (Linnaeus, 1758)                             	          5228228	 Tetrax tetrax (Linnaeus, 1758)                             	                 209	 SPECIES   	 ACCEPTED              	 Animalia	          1	 Chordata	        44	 Aves 	      212	 Otidiformes      	  8708973	 Otididae         	      9610	 Tetrax         	  5228227	 Tetrax tetrax                        	    5228228	 NT
 2481134	 Larus delawarensis Ord, 1815                               	          2481134	 Larus delawarensis Ord, 1815                               	                 207	 SPECIES   	 ACCEPTED              	 Animalia	          1	 Chordata	        44	 Aves 	      212	 Charadriiformes  	  7192402	 Laridae          	      9316	 Larus          	  2481126	 Larus delawarensis                   	    2481134	 LC
 2480685	 Hieraaetus pennatus (Gmelin, 1788)                         	          2480685	 Hieraaetus pennatus (Gmelin, 1788)                         	                 204	 SPECIES   	 ACCEPTED              	 Animalia	          1	 Chordata	        44	 Aves 	      212	 Accipitriformes  	  7191147	 Accipitridae     	      2877	 Hieraaetus     	  2480683	 Hieraaetus pennatus                  	    2480685	 LC
10121407	 Acrocephalus palustris x scirpaceus                        	         10121407	 Acrocephalus palustris x scirpaceus                        	                 204	 SPECIES   	 ACCEPTED              	 Animalia	          1	 Chordata	        44	 Aves 	      212	 Passeriformes    	      729	 Acrocephalidae   	   6101019	 Acrocephalus   	  2493112	 Acrocephalus palustris x scirpaceus  	   10121407	 
 9273219	 Lanius schach Linnaeus, 1758                               	          9273219	 Lanius schach Linnaeus, 1758                               	                 201	 SPECIES   	 ACCEPTED              	 Animalia	          1	 Chordata	        44	 Aves 	      212	 Passeriformes    	      729	 Laniidae         	      9315	 Lanius         	  2483315	 Lanius schach                        	    9273219	 LC
 6174994	 Motacilla flava flava Linnaeus, 1758                       	          6174994	 Motacilla flava flava Linnaeus, 1758                       	                 201	 SUBSPECIES	 ACCEPTED              	 Animalia	          1	 Chordata	        44	 Aves 	      212	 Passeriformes    	      729	 Motacillidae     	      5257	 Motacilla      	  2490295	 Motacilla flava                      	    9701857	 
 2490264	 Anthus godlewskii (Taczanowski, 1876)                      	          2490264	 Anthus godlewskii (Taczanowski, 1876)                      	                 200	 SPECIES   	 ACCEPTED              	 Animalia	          1	 Chordata	        44	 Aves 	      212	 Passeriformes    	      729	 Motacillidae     	      5257	 Anthus         	  2490241	 Anthus godlewskii                    	    2490264	 LC
 2481770	 Calidris bairdii (Coues, 1861)                             	          2481770	 Calidris bairdii (Coues, 1861)                             	                 192	 SPECIES   	 ACCEPTED              	 Animalia	          1	 Chordata	        44	 Aves 	      212	 Charadriiformes  	  7192402	 Scolopacidae     	      5282	 Calidris       	  2481739	 Calidris bairdii                     	    2481770	 LC
 5231241	 Oenanthe oenanthe leucorhoa (Gmelin, 1789)                 	          5231241	 Oenanthe oenanthe leucorhoa (Gmelin, 1789)                 	                 191	 SUBSPECIES	 ACCEPTED              	 Animalia	          1	 Chordata	        44	 Aves 	      212	 Passeriformes    	      729	 Muscicapidae     	      9322	 Oenanthe       	  2492483	 Oenanthe oenanthe                    	    5231240	 
 5846290	 Saxicola maurus (Pallas, 1773)                             	          5846290	 Saxicola maurus (Pallas, 1773)                             	                 182	 SPECIES   	 ACCEPTED              	 Animalia	          1	 Chordata	        44	 Aves 	      212	 Passeriformes    	      729	 Muscicapidae     	      9322	 Saxicola       	  2492516	 Saxicola maurus                      	    5846290	 
 2498257	 Aythya affinis (Eyton, 1838)                               	          2498257	 Aythya affinis (Eyton, 1838)                               	                 180	 SPECIES   	 ACCEPTED              	 Animalia	          1	 Chordata	        44	 Aves 	      212	 Anseriformes     	     1108	 Anatidae         	      2986	 Aythya         	  2498254	 Aythya affinis                       	    2498257	 LC
 2493063	 Phylloscopus schwarzi (Radde, 1863)                        	          2493063	 Phylloscopus schwarzi (Radde, 1863)                        	                 166	 SPECIES   	 ACCEPTED              	 Animalia	          1	 Chordata	        44	 Aves 	      212	 Passeriformes    	      729	 Phylloscopidae   	   6100963	 Phylloscopus   	  2493047	 Phylloscopus schwarzi                	    2493063	 LC
 4408455	 Hydrobates pelagicus (Linnaeus, 1758)                      	          4408455	 Hydrobates pelagicus (Linnaeus, 1758)                      	                 166	 SPECIES   	 ACCEPTED              	 Animalia	          1	 Chordata	        44	 Aves 	      212	 Procellariiformes	  7192755	 Hydrobatidae     	      5249	 Hydrobates     	  2481972	 Hydrobates pelagicus                 	    4408455	 LC
 5739359	 Iduna caligata (Lichtenstein, 1823)                        	          5739359	 Iduna caligata (Lichtenstein, 1823)                        	                 162	 SPECIES   	 ACCEPTED              	 Animalia	          1	 Chordata	        44	 Aves 	      212	 Passeriformes    	      729	 Acrocephalidae   	   6101019	 Iduna          	  3241698	 Iduna caligata                       	    5739359	 LC
 2493145	 Acrocephalus dumetorum Blyth, 1849                         	          2493145	 Acrocephalus dumetorum Blyth, 1849                         	                 155	 SPECIES   	 ACCEPTED              	 Animalia	          1	 Chordata	        44	 Aves 	      212	 Passeriformes    	      729	 Acrocephalidae   	   6101019	 Acrocephalus   	  2493112	 Acrocephalus dumetorum               	    2493145	 LC
 2481739	 Calidris Merrem, 1804                                      	          2481739	 Calidris Merrem, 1804                                      	                 147	 GENUS     	 ACCEPTED              	 Animalia	          1	 Chordata	        44	 Aves 	      212	 Charadriiformes  	  7192402	 Scolopacidae     	      5282	 Calidris       	  2481739	                                      	           	 
 2493070	 Phylloscopus bonelli (Vieillot, 1819)                      	          2493070	 Phylloscopus bonelli (Vieillot, 1819)                      	                 146	 SPECIES   	 ACCEPTED              	 Animalia	          1	 Chordata	        44	 Aves 	      212	 Passeriformes    	      729	 Phylloscopidae   	   6100963	 Phylloscopus   	  2493047	 Phylloscopus bonelli                 	    2493070	 LC
 2490307	 Motacilla citreola Pallas, 1776                            	          2490307	 Motacilla citreola Pallas, 1776                            	                 146	 SPECIES   	 ACCEPTED              	 Animalia	          1	 Chordata	        44	 Aves 	      212	 Passeriformes    	      729	 Motacillidae     	      5257	 Motacilla      	  2490295	 Motacilla citreola                   	    2490307	 LC
 2480758	 Glareola nordmanni Fischer von Waldheim, 1842              	          2480758	 Glareola nordmanni Fischer von Waldheim, 1842              	                 143	 SPECIES   	 ACCEPTED              	 Animalia	          1	 Chordata	        44	 Aves 	      212	 Charadriiformes  	  7192402	 Glareolidae      	      5245	 Glareola       	  2480753	 Glareola nordmanni                   	    2480758	 NT
 2482077	 Podilymbus podiceps (Linnaeus, 1758)                       	          2482077	 Podilymbus podiceps (Linnaeus, 1758)                       	                 134	 SPECIES   	 ACCEPTED              	 Animalia	          1	 Chordata	        44	 Aves 	      212	 Podicipediformes 	  7191588	 Podicipedidae    	      9338	 Podilymbus     	  2482075	 Podilymbus podiceps                  	    2482077	 LC
 2492950	 Sylvia cantillans (Pallas, 1764)                           	          2492950	 Sylvia cantillans (Pallas, 1764)                           	                 132	 SPECIES   	 ACCEPTED              	 Animalia	          1	 Chordata	        44	 Aves 	      212	 Passeriformes    	      729	 Sylviidae        	      5285	 Sylvia         	  2492941	 Sylvia cantillans                    	    2492950	 
 5229249	 Sterna dougallii Montagu, 1813                             	          5229249	 Sterna dougallii Montagu, 1813                             	                 132	 SPECIES   	 ACCEPTED              	 Animalia	          1	 Chordata	        44	 Aves 	      212	 Charadriiformes  	  7192402	 Laridae          	      9316	 Sterna         	  2481227	 Sterna dougallii                     	    5229249	 LC
 2490241	 Anthus Bechstein, 1805                                     	          2490241	 Anthus Bechstein, 1805                                     	                 131	 GENUS     	 ACCEPTED              	 Animalia	          1	 Chordata	        44	 Aves 	      212	 Passeriformes    	      729	 Motacillidae     	      5257	 Anthus         	  2490241	                                      	           	 
 5846430	 Leucophaeus pipixcan (Wagler, 1831)                        	          5846430	 Leucophaeus pipixcan (Wagler, 1831)                        	                 127	 SPECIES   	 ACCEPTED              	 Animalia	          1	 Chordata	        44	 Aves 	      212	 Charadriiformes  	  7192402	 Laridae          	      9316	 Leucophaeus    	  4352369	 Leucophaeus pipixcan                 	    5846430	 LC
 7192416	 Larus argentatus argentatus Pontoppidan, 1763              	          7192416	 Larus argentatus argentatus Pontoppidan, 1763              	                 122	 SUBSPECIES	 ACCEPTED              	 Animalia	          1	 Chordata	        44	 Aves 	      212	 Charadriiformes  	  7192402	 Laridae          	      9316	 Larus          	  2481126	 Larus argentatus                     	    2481139	 
 6065810	 Chroicocephalus genei (Brème, 1839)                        	          6065810	 Chroicocephalus genei (Brème, 1839)                        	                 122	 SPECIES   	 ACCEPTED              	 Animalia	          1	 Chordata	        44	 Aves 	      212	 Charadriiformes  	  7192402	 Laridae          	      9316	 Chroicocephalus	  4848452	 Chroicocephalus genei                	    6065810	 LC
 4408785	 Zoothera aurea (Holandre, 1825)                            	          4408785	 Zoothera aurea (Holandre, 1825)                            	                 121	 SPECIES   	 ACCEPTED              	 Animalia	          1	 Chordata	        44	 Aves 	      212	 Passeriformes    	      729	 Turdidae         	      5290	 Zoothera       	  2490889	 Zoothera aurea                       	    4408785	 LC
 2498027	 Anser fabalis (Latham, 1787)                               	          2498027	 Anser fabalis (Latham, 1787)                               	                 119	 SPECIES   	 ACCEPTED              	 Animalia	          1	 Chordata	        44	 Aves 	      212	 Anseriformes     	     1108	 Anatidae         	      2986	 Anser          	  2498016	 Anser fabalis                        	    2498027	 LC
 2482613	 Nucifraga caryocatactes (Linnaeus, 1758)                   	          2482613	 Nucifraga caryocatactes (Linnaeus, 1758)                   	                 119	 SPECIES   	 ACCEPTED              	 Animalia	          1	 Chordata	        44	 Aves 	      212	 Passeriformes    	      729	 Corvidae         	      5235	 Nucifraga      	  2482612	 Nucifraga caryocatactes              	    2482613	 LC
 6065818	 Chroicocephalus philadelphia (Ord, 1815)                   	          6065818	 Chroicocephalus philadelphia (Ord, 1815)                   	                 119	 SPECIES   	 ACCEPTED              	 Animalia	          1	 Chordata	        44	 Aves 	      212	 Charadriiformes  	  7192402	 Laridae          	      9316	 Chroicocephalus	  4848452	 Chroicocephalus philadelphia         	    6065818	 LC
 5229360	 Puffinus mauretanicus Lowe, 1921                           	          5229360	 Puffinus mauretanicus Lowe, 1921                           	                 118	 SPECIES   	 ACCEPTED              	 Animalia	          1	 Chordata	        44	 Aves 	      212	 Procellariiformes	  7192755	 Procellariidae   	      9339	 Puffinus       	  5229335	 Puffinus mauretanicus                	    5229360	 CR
 5231770	 Prunella collaris (Scopoli, 1769)                          	          5231770	 Prunella collaris (Scopoli, 1769)                          	                 115	 SPECIES   	 ACCEPTED              	 Animalia	          1	 Chordata	        44	 Aves 	      212	 Passeriformes    	      729	 Prunellidae      	      5273	 Prunella       	  2495070	 Prunella collaris                    	    5231770	 LC
 2492865	 Lanius isabellinus Hemprich & Ehrenberg, 1833              	          2492865	 Lanius isabellinus Hemprich & Ehrenberg, 1833              	                 111	 SPECIES   	 ACCEPTED              	 Animalia	          1	 Chordata	        44	 Aves 	      212	 Passeriformes    	      729	 Laniidae         	      9315	 Lanius         	  2483315	 Lanius isabellinus                   	    2492865	 LC
 2490681	 Calandrella brachydactyla (Leisler, 1814)                  	          2490681	 Calandrella brachydactyla (Leisler, 1814)                  	                 107	 SPECIES   	 ACCEPTED              	 Animalia	          1	 Chordata	        44	 Aves 	      212	 Passeriformes    	      729	 Alaudidae        	      7211	 Calandrella    	  2490675	 Calandrella brachydactyla            	    2490681	 LC
 2481312	 Cepphus grylle (Linnaeus, 1758)                            	          2481312	 Cepphus grylle (Linnaeus, 1758)                            	                 106	 SPECIES   	 ACCEPTED              	 Animalia	          1	 Chordata	        44	 Aves 	      212	 Charadriiformes  	  7192402	 Alcidae          	      2985	 Cepphus        	  3241982	 Cepphus grylle                       	    2481312	 LC
 2480757	 Glareola pratincola (Linnaeus, 1766)                       	          2480757	 Glareola pratincola (Linnaeus, 1766)                       	                 106	 SPECIES   	 ACCEPTED              	 Animalia	          1	 Chordata	        44	 Aves 	      212	 Charadriiformes  	  7192402	 Glareolidae      	      5245	 Glareola       	  2480753	 Glareola pratincola                  	    2480757	 LC
 2493071	 Phylloscopus borealis (J.H.Blasius, 1858)                  	          2493071	 Phylloscopus borealis (J.H.Blasius, 1858)                  	                 104	 SPECIES   	 ACCEPTED              	 Animalia	          1	 Chordata	        44	 Aves 	      212	 Passeriformes    	      729	 Phylloscopidae   	   6100963	 Phylloscopus   	  2493047	 Phylloscopus borealis                	    2493071	 LC
 2481756	 Calidris fuscicollis (Vieillot, 1819)                      	          2481756	 Calidris fuscicollis (Vieillot, 1819)                      	                 102	 SPECIES   	 ACCEPTED              	 Animalia	          1	 Chordata	        44	 Aves 	      212	 Charadriiformes  	  7192402	 Scolopacidae     	      5282	 Calidris       	  2481739	 Calidris fuscicollis                 	    2481756	 VU
 5228695	 Apus pallidus (Shelley, 1870)                              	          5228695	 Apus pallidus (Shelley, 1870)                              	                  98	 SPECIES   	 ACCEPTED              	 Animalia	          1	 Chordata	        44	 Aves 	      212	 Apodiformes      	     1448	 Apodidae         	      2993	 Apus           	  2235048	 Apus pallidus                        	    5228695	 LC
 8069880	 Falco rusticolus Linnaeus, 1758                            	          8069880	 Falco rusticolus Linnaeus, 1758                            	                  98	 SPECIES   	 ACCEPTED              	 Animalia	          1	 Chordata	        44	 Aves 	      212	 Falconiformes    	  7191407	 Falconidae       	      5240	 Falco          	  2480996	 Falco rusticolus                     	    8069880	 LC
 5229335	 Puffinus Brisson, 1760                                     	          5229335	 Puffinus Brisson, 1760                                     	                  96	 GENUS     	 ACCEPTED              	 Animalia	          1	 Chordata	        44	 Aves 	      212	 Procellariiformes	  7192755	 Procellariidae   	      9339	 Puffinus       	  5229335	                                      	           	 
 5846432	 Larus fuscus intermedius Schiøler, 1922                    	          5846432	 Larus fuscus intermedius Schiøler, 1922                    	                  96	 SUBSPECIES	 ACCEPTED              	 Animalia	          1	 Chordata	        44	 Aves 	      212	 Charadriiformes  	  7192402	 Laridae          	      9316	 Larus          	  2481126	 Larus fuscus                         	    2481174	 
 2492542	 Luscinia luscinia (Linnaeus, 1758)                         	          2492542	 Luscinia luscinia (Linnaeus, 1758)                         	                  94	 SPECIES   	 ACCEPTED              	 Animalia	          1	 Chordata	        44	 Aves 	      212	 Passeriformes    	      729	 Muscicapidae     	      9322	 Luscinia       	  5429330	 Luscinia luscinia                    	    2492542	 LC
 5232449	 Branta bernicla nigricans (Lawrence, 1846)                 	          5232449	 Branta bernicla nigricans (Lawrence, 1846)                 	                  92	 SUBSPECIES	 ACCEPTED              	 Animalia	          1	 Chordata	        44	 Aves 	      212	 Anseriformes     	     1108	 Anatidae         	      2986	 Branta         	  2498190	 Branta bernicla                      	    5232446	 
 2481353	 Fratercula arctica (Linnaeus, 1758)                        	          2481353	 Fratercula arctica (Linnaeus, 1758)                        	                  92	 SPECIES   	 ACCEPTED              	 Animalia	          1	 Chordata	        44	 Aves 	      212	 Charadriiformes  	  7192402	 Alcidae          	      2985	 Fratercula     	  2481352	 Fratercula arctica                   	    2481353	 VU
 2481957	 Gavia adamsii (G.R.Gray, 1859)                             	          2481957	 Gavia adamsii (G.R.Gray, 1859)                             	                  91	 SPECIES   	 ACCEPTED              	 Animalia	          1	 Chordata	        44	 Aves 	      212	 Gaviiformes      	  7192754	 Gaviidae         	      9312	 Gavia          	  2481954	 Gavia adamsii                        	    2481957	 NT
 5229389	 Phalaropus tricolor (Vieillot, 1819)                       	          5229389	 Phalaropus tricolor (Vieillot, 1819)                       	                  87	 SPECIES   	 ACCEPTED              	 Animalia	          1	 Chordata	        44	 Aves 	      212	 Charadriiformes  	  7192402	 Scolopacidae     	      5282	 Phalaropus     	  9549339	 Phalaropus tricolor                  	    5229389	 LC
 2477411	 Tachymarptis melba (Linnaeus, 1758)                        	          2477411	 Tachymarptis melba (Linnaeus, 1758)                        	                  86	 SPECIES   	 ACCEPTED              	 Animalia	          1	 Chordata	        44	 Aves 	      212	 Apodiformes      	     1448	 Apodidae         	      2993	 Tachymarptis   	  8540301	 Tachymarptis melba                   	    2477411	 LC
10906548	 Anas platyrhynchos x Mareca strepera                       	         10853972	 Mareca strepera x Anas platyrhynchos                       	                  84	 SPECIES   	 SYNONYM               	 Animalia	          1	 Chordata	        44	 Aves 	      212	 Anseriformes     	     1108	 Anatidae         	      2986	                	         	 Mareca strepera x Anas platyrhynchos 	   10853972	 
 6175597	 Luscinia svecica svecica (Linnaeus, 1758)                  	          6175597	 Luscinia svecica svecica (Linnaeus, 1758)                  	                  77	 SUBSPECIES	 ACCEPTED              	 Animalia	          1	 Chordata	        44	 Aves 	      212	 Passeriformes    	      729	 Muscicapidae     	      9322	 Luscinia       	  5429330	 Luscinia svecica                     	    4408732	 
 2498246	 Melanitta perspicillata (Linnaeus, 1758)                   	          2498246	 Melanitta perspicillata (Linnaeus, 1758)                   	                  75	 SPECIES   	 ACCEPTED              	 Animalia	          1	 Chordata	        44	 Aves 	      212	 Anseriformes     	     1108	 Anatidae         	      2986	 Melanitta      	  2498237	 Melanitta perspicillata              	    2498246	 LC
 7477624	 Clanga clanga (Pallas, 1811)                               	          2480509	 Aquila clanga Pallas, 1811                                 	                  70	 SPECIES   	 SYNONYM               	 Animalia	          1	 Chordata	        44	 Aves 	      212	 Accipitriformes  	  7191147	 Accipitridae     	      2877	 Aquila         	  2480498	 Aquila clanga                        	    2480509	 
 2487603	 Certhia familiaris Linnaeus, 1758                          	          2487603	 Certhia familiaris Linnaeus, 1758                          	                  70	 SPECIES   	 ACCEPTED              	 Animalia	          1	 Chordata	        44	 Aves 	      212	 Passeriformes    	      729	 Certhiidae       	      5227	 Certhia        	  2487601	 Certhia familiaris                   	    2487603	 LC
 5231646	 Acanthis hornemanni (Holböll, 1843)                        	          5231646	 Acanthis hornemanni (Holböll, 1843)                        	                  69	 SPECIES   	 ACCEPTED              	 Animalia	          1	 Chordata	        44	 Aves 	      212	 Passeriformes    	      729	 Fringillidae     	      5242	 Acanthis       	  6782561	 Acanthis hornemanni                  	    5231646	 
 7626513	 Emberiza cirlus Linnaeus, 1767                             	          7626513	 Emberiza cirlus Linnaeus, 1767                             	                  69	 SPECIES   	 ACCEPTED              	 Animalia	          1	 Chordata	        44	 Aves 	      212	 Passeriformes    	      729	 Emberizidae      	      9608	 Emberiza       	  2491468	 Emberiza cirlus                      	    7626513	 LC
 2481745	 Calidris minutilla (Vieillot, 1819)                        	          2481745	 Calidris minutilla (Vieillot, 1819)                        	                  68	 SPECIES   	 ACCEPTED              	 Animalia	          1	 Chordata	        44	 Aves 	      212	 Charadriiformes  	  7192402	 Scolopacidae     	      5282	 Calidris       	  2481739	 Calidris minutilla                   	    2481745	 NT
 2493550	 Locustella lanceolata (Temminck, 1840)                     	          2493550	 Locustella lanceolata (Temminck, 1840)                     	                  68	 SPECIES   	 ACCEPTED              	 Animalia	          1	 Chordata	        44	 Aves 	      212	 Passeriformes    	      729	 Locustellidae    	   6100825	 Locustella     	  2493547	 Locustella lanceolata                	    2493550	 LC
 9186577	 Coloeus monedula soemmerringii (Fischer von Waldheim, 1811)	          9186577	 Coloeus monedula soemmerringii (Fischer von Waldheim, 1811)	                  67	 SUBSPECIES	 ACCEPTED              	 Animalia	          1	 Chordata	        44	 Aves 	      212	 Passeriformes    	      729	 Corvidae         	      5235	 Coloeus        	  4852454	 Coloeus monedula                     	    6100954	 
11200043	 Anser indicus x Branta leucopsis                           	         11200043	 Anser indicus x Branta leucopsis                           	                  66	 SPECIES   	 ACCEPTED              	 Animalia	          1	 Chordata	        44	 Aves 	      212	 Anseriformes     	     1108	 Anatidae         	      2986	                	         	 Anser indicus x Branta leucopsis     	   11200043	 
 7342247	 Turdus torquatus torquatus Linnaeus, 1758                  	          7342247	 Turdus torquatus torquatus Linnaeus, 1758                  	                  62	 SUBSPECIES	 ACCEPTED              	 Animalia	          1	 Chordata	        44	 Aves 	      212	 Passeriformes    	      729	 Turdidae         	      5290	 Turdus         	  2490714	 Turdus torquatus                     	    7865305	 
 2498350	 Somateria spectabilis (Linnaeus, 1758)                     	          2498350	 Somateria spectabilis (Linnaeus, 1758)                     	                  59	 SPECIES   	 ACCEPTED              	 Animalia	          1	 Chordata	        44	 Aves 	      212	 Anseriformes     	     1108	 Anatidae         	      2986	 Somateria      	  2498349	 Somateria spectabilis                	    2498350	 LC
 2481798	 Actitis macularius (Linnaeus, 1766)                        	          2481798	 Actitis macularius (Linnaeus, 1766)                        	                  57	 SPECIES   	 ACCEPTED              	 Animalia	          1	 Chordata	        44	 Aves 	      212	 Charadriiformes  	  7192402	 Scolopacidae     	      5282	 Actitis        	  2481797	 Actitis macularius                   	    2481798	 LC
 2491582	 Emberiza rustica Pallas, 1776                              	          2491582	 Emberiza rustica Pallas, 1776                              	                  54	 SPECIES   	 ACCEPTED              	 Animalia	          1	 Chordata	        44	 Aves 	      212	 Passeriformes    	      729	 Emberizidae      	      9608	 Emberiza       	  2491468	 Emberiza rustica                     	    2491582	 NT
 5846445	 Larus argentatus argenteus C.L.Brehm & Schilling, 1822     	          5846445	 Larus argentatus argenteus C.L.Brehm & Schilling, 1822     	                  53	 SUBSPECIES	 ACCEPTED              	 Animalia	          1	 Chordata	        44	 Aves 	      212	 Charadriiformes  	  7192402	 Laridae          	      9316	 Larus          	  2481126	 Larus argentatus                     	    2481139	 
 5844868	 Nucifraga caryocatactes macrorhynchos C.L.Brehm, 1823      	          5844868	 Nucifraga caryocatactes macrorhynchos C.L.Brehm, 1823      	                  53	 SUBSPECIES	 ACCEPTED              	 Animalia	          1	 Chordata	        44	 Aves 	      212	 Passeriformes    	      729	 Corvidae         	      5235	 Nucifraga      	  2482612	 Nucifraga caryocatactes              	    2482613	 
 2481670	 Limnodromus scolopaceus (Say, 1822)                        	          2481670	 Limnodromus scolopaceus (Say, 1822)                        	                  52	 SPECIES   	 ACCEPTED              	 Animalia	          1	 Chordata	        44	 Aves 	      212	 Charadriiformes  	  7192402	 Scolopacidae     	      5282	 Limnodromus    	  2481669	 Limnodromus scolopaceus              	    2481670	 NT
 2492854	 Lanius minor Gmelin, 1788                                  	          2492854	 Lanius minor Gmelin, 1788                                  	                  52	 SPECIES   	 ACCEPTED              	 Animalia	          1	 Chordata	        44	 Aves 	      212	 Passeriformes    	      729	 Laniidae         	      9315	 Lanius         	  2483315	 Lanius minor                         	    2492854	 LC
 6091301	 Certhia familiaris macrodactyla C.L.Brehm, 1831            	          6091301	 Certhia familiaris macrodactyla C.L.Brehm, 1831            	                  52	 SUBSPECIES	 ACCEPTED              	 Animalia	          1	 Chordata	        44	 Aves 	      212	 Passeriformes    	      729	 Certhiidae       	      5227	 Certhia        	  2487601	 Certhia familiaris                   	    2487603	 
10368935	 Anser anser x Branta leucopsis                             	         10368935	 Anser anser x Branta leucopsis                             	                  51	 SPECIES   	 ACCEPTED              	 Animalia	          1	 Chordata	        44	 Aves 	      212	 Anseriformes     	     1108	 Anatidae         	      2986	                	         	 Anser anser x Branta leucopsis       	   10368935	 
 4408796	 Ptyonoprogne rupestris (Scopoli, 1769)                     	          4408796	 Ptyonoprogne rupestris (Scopoli, 1769)                     	                  51	 SPECIES   	 ACCEPTED              	 Animalia	          1	 Chordata	        44	 Aves 	      212	 Passeriformes    	      729	 Hirundinidae     	      5248	 Ptyonoprogne   	  7340277	 Ptyonoprogne rupestris               	    4408796	 LC
 2481227	 Sterna Linnaeus, 1758                                      	          2481227	 Sterna Linnaeus, 1758                                      	                  50	 GENUS     	 ACCEPTED              	 Animalia	          1	 Chordata	        44	 Aves 	      212	 Charadriiformes  	  7192402	 Laridae          	      9316	 Sterna         	  2481227	                                      	           	 
    5249	 Hydrobatidae                                               	             5249	 Hydrobatidae                                               	                  48	 FAMILY    	 ACCEPTED              	 Animalia	          1	 Chordata	        44	 Aves 	      212	 Procellariiformes	  7192755	 Hydrobatidae     	      5249	                	         	                                      	           	 
 2494936	 Dumetella carolinensis (Linnaeus, 1766)                    	          2494936	 Dumetella carolinensis (Linnaeus, 1766)                    	                  48	 SPECIES   	 ACCEPTED              	 Animalia	          1	 Chordata	        44	 Aves 	      212	 Passeriformes    	      729	 Mimidae          	      9321	 Dumetella      	  2494935	 Dumetella carolinensis               	    2494936	 LC
 2492965	 Sylvia sarda Temminck, 1820                                	          2492965	 Sylvia sarda Temminck, 1820                                	                  46	 SPECIES   	 ACCEPTED              	 Animalia	          1	 Chordata	        44	 Aves 	      212	 Passeriformes    	      729	 Sylviidae        	      5285	 Sylvia         	  2492941	 Sylvia sarda                         	    2492965	 LC
 2480328	 Pluvialis dominica (P.L.S.Müller, 1776)                    	          2480328	 Pluvialis dominica (P.L.S.Müller, 1776)                    	                  45	 SPECIES   	 ACCEPTED              	 Animalia	          1	 Chordata	        44	 Aves 	      212	 Charadriiformes  	  7192402	 Charadriidae     	   2480210	 Pluvialis      	  2480326	 Pluvialis dominica                   	    2480328	 LC
 2496464	 Clamator glandarius (Linnaeus, 1758)                       	          2496464	 Clamator glandarius (Linnaeus, 1758)                       	                  45	 SPECIES   	 ACCEPTED              	 Animalia	          1	 Chordata	        44	 Aves 	      212	 Cuculiformes     	     1492	 Cuculidae        	      9309	 Clamator       	  2496463	 Clamator glandarius                  	    2496464	 LC
 2492962	 Sylvia melanocephala (Gmelin, 1789)                        	          2492962	 Sylvia melanocephala (Gmelin, 1789)                        	                  44	 SPECIES   	 ACCEPTED              	 Animalia	          1	 Chordata	        44	 Aves 	      212	 Passeriformes    	      729	 Sylviidae        	      5285	 Sylvia         	  2492941	 Sylvia melanocephala                 	    2492962	 
 2481782	 Numenius minutus Gould, 1841                               	          2481782	 Numenius minutus Gould, 1841                               	                  43	 SPECIES   	 ACCEPTED              	 Animalia	          1	 Chordata	        44	 Aves 	      212	 Charadriiformes  	  7192402	 Scolopacidae     	      5282	 Numenius       	  2481781	 Numenius minutus                     	    2481782	 LC
10314106	 Branta leucopsis x Anser caerulescens                      	         10314106	 Branta leucopsis x Anser caerulescens                      	                  42	 SPECIES   	 ACCEPTED              	 Animalia	          1	 Chordata	        44	 Aves 	      212	 Anseriformes     	     1108	 Anatidae         	      2986	                	         	 Branta leucopsis x Anser caerulescens	   10314106	 
 6541853	 Lanius isabellinus phoenicuroides (Schalow, 1875)          	          4408670	 Lanius phoenicuroides (Schalow, 1875)                      	                  42	 SUBSPECIES	 SYNONYM               	 Animalia	          1	 Chordata	        44	 Aves 	      212	 Passeriformes    	      729	 Laniidae         	      9315	 Lanius         	  2483315	 Lanius phoenicuroides                	    4408670	 
 5229247	 Sterna forsteri Nuttall, 1834                              	          5229247	 Sterna forsteri Nuttall, 1834                              	                  41	 SPECIES   	 ACCEPTED              	 Animalia	          1	 Chordata	        44	 Aves 	      212	 Charadriiformes  	  7192402	 Laridae          	      9316	 Sterna         	  2481227	 Sterna forsteri                      	    5229247	 LC
 6178325	 Anser albifrons flavirostris Dalgety & P.Scott, 1948       	          6178325	 Anser albifrons flavirostris Dalgety & P.Scott, 1948       	                  41	 SUBSPECIES	 ACCEPTED              	 Animalia	          1	 Chordata	        44	 Aves 	      212	 Anseriformes     	     1108	 Anatidae         	      2986	 Anser          	  2498016	 Anser albifrons                      	    2498017	 
 9974181	 Anser erythropus x Branta leucopsis                        	          9974181	 Anser erythropus x Branta leucopsis                        	                  37	 SPECIES   	 ACCEPTED              	 Animalia	          1	 Chordata	        44	 Aves 	      212	 Anseriformes     	     1108	 Anatidae         	      2986	                	         	 Anser erythropus x Branta leucopsis  	    9974181	 
 2495093	 Cinclus cinclus (Linnaeus, 1758)                           	          2495093	 Cinclus cinclus (Linnaeus, 1758)                           	                  35	 SPECIES   	 ACCEPTED              	 Animalia	          1	 Chordata	        44	 Aves 	      212	 Passeriformes    	      729	 Cinclidae        	      9290	 Cinclus        	  2495086	 Cinclus cinclus                      	    2495093	 LC
 8728578	 Alaudala rufescens (Vieillot, 1819)                        	          2490682	 Calandrella rufescens (Vieillot, 1819)                     	                  34	 SPECIES   	 SYNONYM               	 Animalia	          1	 Chordata	        44	 Aves 	      212	 Passeriformes    	      729	 Alaudidae        	      7211	 Calandrella    	  2490675	 Calandrella rufescens                	    2490682	 
 9941474	 Anser albifrons x Branta leucopsis                         	          9941474	 Anser albifrons x Branta leucopsis                         	                  33	 SPECIES   	 ACCEPTED              	 Animalia	          1	 Chordata	        44	 Aves 	      212	 Anseriformes     	     1108	 Anatidae         	      2986	                	         	 Anser albifrons x Branta leucopsis   	    9941474	 
 4408670	 Lanius phoenicuroides (Schalow, 1875)                      	          4408670	 Lanius phoenicuroides (Schalow, 1875)                      	                  30	 SPECIES   	 ACCEPTED              	 Animalia	          1	 Chordata	        44	 Aves 	      212	 Passeriformes    	      729	 Laniidae         	      9315	 Lanius         	  2483315	 Lanius phoenicuroides                	    4408670	 LC
 6541835	 Phylloscopus collybita abietinus (Nilsson, 1819)           	          6541835	 Phylloscopus collybita abietinus (Nilsson, 1819)           	                  29	 SUBSPECIES	 ACCEPTED              	 Animalia	          1	 Chordata	        44	 Aves 	      212	 Passeriformes    	      729	 Phylloscopidae   	   6100963	 Phylloscopus   	  2493047	 Phylloscopus collybita               	    2493091	 
 7191099	 Branta hutchinsii hutchinsii (Richardson, 1832)            	          7191099	 Branta hutchinsii hutchinsii (Richardson, 1832)            	                  29	 SUBSPECIES	 ACCEPTED              	 Animalia	          1	 Chordata	        44	 Aves 	      212	 Anseriformes     	     1108	 Anatidae         	      2986	 Branta         	  2498190	 Branta hutchinsii                    	    5232452	 
 2481720	 Tringa melanoleuca (J.F.Gmelin, 1789)                      	          2481720	 Tringa melanoleuca (J.F.Gmelin, 1789)                      	                  29	 SPECIES   	 ACCEPTED              	 Animalia	          1	 Chordata	        44	 Aves 	      212	 Charadriiformes  	  7192402	 Scolopacidae     	      5282	 Tringa         	  2481709	 Tringa melanoleuca                   	    2481720	 NT
 2478548	 Picus canus J.F.Gmelin, 1788                               	          2478548	 Picus canus J.F.Gmelin, 1788                               	                  29	 SPECIES   	 ACCEPTED              	 Animalia	          1	 Chordata	        44	 Aves 	      212	 Piciformes       	      724	 Picidae          	      9333	 Picus          	  2478487	 Picus canus                          	    2478548	 LC
 6092576	 Remiz pendulinus caspius (Peltzam, 1870)                   	          6092576	 Remiz pendulinus caspius (Peltzam, 1870)                   	                  27	 SUBSPECIES	 ACCEPTED              	 Animalia	          1	 Chordata	        44	 Aves 	      212	 Passeriformes    	      729	 Remizidae        	      9344	 Remiz          	  2487382	 Remiz pendulinus                     	    2487385	 
 5229147	 Vanellus leucurus (M.H.K.Lichtenstein, 1823)               	          5229147	 Vanellus leucurus (M.H.K.Lichtenstein, 1823)               	                  25	 SPECIES   	 ACCEPTED              	 Animalia	          1	 Chordata	        44	 Aves 	      212	 Charadriiformes  	  7192402	 Charadriidae     	   2480210	 Vanellus       	  3242344	 Vanellus leucurus                    	    5229147	 LC
 5845302	 Oenanthe hispanica melanoleuca (Guldenstadt, 1775)         	          5845302	 Oenanthe hispanica melanoleuca (Guldenstadt, 1775)         	                  23	 SUBSPECIES	 ACCEPTED              	 Animalia	          1	 Chordata	        44	 Aves 	      212	 Passeriformes    	      729	 Muscicapidae     	      9322	 Oenanthe       	  2492483	 Oenanthe hispanica                   	    5231235	 
 2481339	 Uria lomvia (Linnaeus, 1758)                               	          2481339	 Uria lomvia (Linnaeus, 1758)                               	                  23	 SPECIES   	 ACCEPTED              	 Animalia	          1	 Chordata	        44	 Aves 	      212	 Charadriiformes  	  7192402	 Alcidae          	      2985	 Uria           	  2481338	 Uria lomvia                          	    2481339	 LC
 5845733	 Sylvia cantillans albistriata (C.L.Brehm, 1855)            	          5845733	 Sylvia cantillans albistriata (C.L.Brehm, 1855)            	                  23	 SUBSPECIES	 ACCEPTED              	 Animalia	          1	 Chordata	        44	 Aves 	      212	 Passeriformes    	      729	 Sylviidae        	      5285	 Sylvia         	  2492941	 Sylvia cantillans                    	    2492950	 
 2491518	 Emberiza aureola Pallas, 1773                              	          2491518	 Emberiza aureola Pallas, 1773                              	                  22	 SPECIES   	 ACCEPTED              	 Animalia	          1	 Chordata	        44	 Aves 	      212	 Passeriformes    	      729	 Emberizidae      	      9608	 Emberiza       	  2491468	 Emberiza aureola                     	    2491518	 CR
11356620	 Calonectris borealis (Cory, 1881)                          	          6178228	 Calonectris diomedea borealis (Cory, 1881)                 	                  22	 SPECIES   	 SYNONYM               	 Animalia	          1	 Chordata	        44	 Aves 	      212	 Procellariiformes	  7192755	 Procellariidae   	      9339	 Calonectris    	  2481517	 Calonectris diomedea                 	    2481521	 
 2498190	 Branta Scopoli, 1769                                       	          2498190	 Branta Scopoli, 1769                                       	                  20	 GENUS     	 ACCEPTED              	 Animalia	          1	 Chordata	        44	 Aves 	      212	 Anseriformes     	     1108	 Anatidae         	      2986	 Branta         	  2498190	                                      	           	 
 6540362	 Motacilla flava feldegg Michahelles, 1830                  	          6540362	 Motacilla flava feldegg Michahelles, 1830                  	                  19	 SUBSPECIES	 ACCEPTED              	 Animalia	          1	 Chordata	        44	 Aves 	      212	 Passeriformes    	      729	 Motacillidae     	      5257	 Motacilla      	  2490295	 Motacilla flava                      	    9701857	 
 9722670	 Charadrius mongolus Pallas, 1776                           	          9722670	 Charadrius mongolus Pallas, 1776                           	                  18	 SPECIES   	 ACCEPTED              	 Animalia	          1	 Chordata	        44	 Aves 	      212	 Charadriiformes  	  7192402	 Charadriidae     	   2480210	 Charadrius     	  2480277	 Charadrius mongolus                  	    9722670	 EN
11038095	 Circus pygargus x macrourus                                	         10687398	 Circus macrourus x pygargus                                	                  18	 SPECIES   	 SYNONYM               	 Animalia	          1	 Chordata	        44	 Aves 	      212	 Accipitriformes  	  7191147	 Accipitridae     	      2877	 Circus         	  2480481	 Circus macrourus x pygargus          	   10687398	 
 8144830	 Loxia leucoptera J.F.Gmelin, 1789                          	          8144830	 Loxia leucoptera J.F.Gmelin, 1789                          	                  17	 SPECIES   	 ACCEPTED              	 Animalia	          1	 Chordata	        44	 Aves 	      212	 Passeriformes    	      729	 Fringillidae     	      5242	 Loxia          	  2494150	 Loxia leucoptera                     	    8144830	 LC
 2487877	 Cyanistes cyanus (Pallas, 1770)                            	          2487877	 Cyanistes cyanus (Pallas, 1770)                            	                  16	 SPECIES   	 ACCEPTED              	 Animalia	          1	 Chordata	        44	 Aves 	      212	 Passeriformes    	      729	 Paridae          	      9327	 Cyanistes      	  2487875	 Cyanistes cyanus                     	    2487877	 LC
 9480191	 Mareca falcata (Georgi, 1775)                              	          9480191	 Mareca falcata (Georgi, 1775)                              	                  15	 SPECIES   	 ACCEPTED              	 Animalia	          1	 Chordata	        44	 Aves 	      212	 Anseriformes     	     1108	 Anatidae         	      2986	 Mareca         	  2498314	 Mareca falcata                       	    9480191	 LC
10042909	 Delichon urbicum x Hirundo rustica                         	         10042909	 Delichon urbicum x Hirundo rustica                         	                  14	 SPECIES   	 ACCEPTED              	 Animalia	          1	 Chordata	        44	 Aves 	      212	 Passeriformes    	      729	 Hirundinidae     	      5248	                	         	 Delichon urbicum x Hirundo rustica   	   10042909	 
 7191333	 Tyto alba alba (Scopoli, 1769)                             	          7191333	 Tyto alba alba (Scopoli, 1769)                             	                  14	 SUBSPECIES	 ACCEPTED              	 Animalia	          1	 Chordata	        44	 Aves 	      212	 Strigiformes     	     1450	 Tytonidae        	      5292	 Tyto           	  2497905	 Tyto alba                            	    2497921	 
 2492601	 Ficedula albicollis (Temminck, 1815)                       	          2492601	 Ficedula albicollis (Temminck, 1815)                       	                  12	 SPECIES   	 ACCEPTED              	 Animalia	          1	 Chordata	        44	 Aves 	      212	 Passeriformes    	      729	 Muscicapidae     	      9322	 Ficedula       	  2492596	 Ficedula albicollis                  	    2492601	 LC
 2481285	 Thalasseus elegans (Gambel, 1849)                          	          2481285	 Thalasseus elegans (Gambel, 1849)                          	                  12	 SPECIES   	 ACCEPTED              	 Animalia	          1	 Chordata	        44	 Aves 	      212	 Charadriiformes  	  7192402	 Laridae          	      9316	 Thalasseus     	  9109074	 Thalasseus elegans                   	    2481285	 NT
 7342016	 Sylvia cantillans cantillans (Pallas, 1764)                	          7342016	 Sylvia cantillans cantillans (Pallas, 1764)                	                  12	 SUBSPECIES	 ACCEPTED              	 Animalia	          1	 Chordata	        44	 Aves 	      212	 Passeriformes    	      729	 Sylviidae        	      5285	 Sylvia         	  2492941	 Sylvia cantillans                    	    2492950	 
 5789286	 Onychoprion anaethetus (Scopoli, 1786)                     	          5789286	 Onychoprion anaethetus (Scopoli, 1786)                     	                  11	 SPECIES   	 ACCEPTED              	 Animalia	          1	 Chordata	        44	 Aves 	      212	 Charadriiformes  	  7192402	 Laridae          	      9316	 Onychoprion    	  3241980	 Onychoprion anaethetus               	    5789286	 LC
 2481034	 Falco cherrug J.E.Gray, 1834                               	          2481034	 Falco cherrug J.E.Gray, 1834                               	                  11	 SPECIES   	 ACCEPTED              	 Animalia	          1	 Chordata	        44	 Aves 	      212	 Falconiformes    	  7191407	 Falconidae       	      5240	 Falco          	  2480996	 Falco cherrug                        	    2481034	 EN
10728442	 Mareca penelope x Anas platyrhynchos                       	         10728442	 Mareca penelope x Anas platyrhynchos                       	                  10	 SPECIES   	 ACCEPTED              	 Animalia	          1	 Chordata	        44	 Aves 	      212	 Anseriformes     	     1108	 Anatidae         	      2986	                	         	 Mareca penelope x Anas platyrhynchos 	   10728442	 
 8381984	 Sylvia subalpina Temminck, 1820                            	          8381984	 Sylvia subalpina Temminck, 1820                            	                  10	 SPECIES   	 ACCEPTED              	 Animalia	          1	 Chordata	        44	 Aves 	      212	 Passeriformes    	      729	 Sylviidae        	      5285	 Sylvia         	  2492941	 Sylvia subalpina                     	    8381984	 
 2480513	 Aquila nipalensis Hodgson, 1833                            	          2480513	 Aquila nipalensis Hodgson, 1833                            	                  10	 SPECIES   	 ACCEPTED              	 Animalia	          1	 Chordata	        44	 Aves 	      212	 Accipitriformes  	  7191147	 Accipitridae     	      2877	 Aquila         	  2480498	 Aquila nipalensis                    	    2480513	 EN
 2480696	 Neophron percnopterus (Linnaeus, 1758)                     	          2480696	 Neophron percnopterus (Linnaeus, 1758)                     	                   9	 SPECIES   	 ACCEPTED              	 Animalia	          1	 Chordata	        44	 Aves 	      212	 Accipitriformes  	  7191147	 Accipitridae     	      2877	 Neophron       	  2480695	 Neophron percnopterus                	    2480696	 EN
 2480297	 Charadrius leschenaultii R.Lesson, 1826                    	          2480297	 Charadrius leschenaultii R.Lesson, 1826                    	                   9	 SPECIES   	 ACCEPTED              	 Animalia	          1	 Chordata	        44	 Aves 	      212	 Charadriiformes  	  7192402	 Charadriidae     	   2480210	 Charadrius     	  2480277	 Charadrius leschenaultii             	    2480297	 LC
 2480506	 Aquila chrysaetos (Linnaeus, 1758)                         	          2480506	 Aquila chrysaetos (Linnaeus, 1758)                         	                   8	 SPECIES   	 ACCEPTED              	 Animalia	          1	 Chordata	        44	 Aves 	      212	 Accipitriformes  	  7191147	 Accipitridae     	      2877	 Aquila         	  2480498	 Aquila chrysaetos                    	    2480506	 LC
 9685907	 Falco sparverius Linnaeus, 1758                            	          9685907	 Falco sparverius Linnaeus, 1758                            	                   8	 SPECIES   	 ACCEPTED              	 Animalia	          1	 Chordata	        44	 Aves 	      212	 Falconiformes    	  7191407	 Falconidae       	      5240	 Falco          	  2480996	 Falco sparverius                     	    9685907	 LC
 2480481	 Circus Lacepede, 1799                                      	          2480481	 Circus Lacepede, 1799                                      	                   8	 GENUS     	 ACCEPTED              	 Animalia	          1	 Chordata	        44	 Aves 	      212	 Accipitriformes  	  7191147	 Accipitridae     	      2877	 Circus         	  2480481	                                      	           	 
 2481669	 Limnodromus Wied-Neuwied, 1833                             	          2481669	 Limnodromus Wied-Neuwied, 1833                             	                   8	 GENUS     	 ACCEPTED              	 Animalia	          1	 Chordata	        44	 Aves 	      212	 Charadriiformes  	  7192402	 Scolopacidae     	      5282	 Limnodromus    	  2481669	                                      	           	 
 8256382	 Clanga pomarina (C.L.Brehm, 1831)                          	          2480505	 Aquila pomarina C.L.Brehm, 1831                            	                   8	 SPECIES   	 SYNONYM               	 Animalia	          1	 Chordata	        44	 Aves 	      212	 Accipitriformes  	  7191147	 Accipitridae     	      2877	 Aquila         	  2480498	 Aquila pomarina                      	    2480505	 
 2487430	 Vireo olivaceus (Linnaeus, 1766)                           	          2487430	 Vireo olivaceus (Linnaeus, 1766)                           	                   8	 SPECIES   	 ACCEPTED              	 Animalia	          1	 Chordata	        44	 Aves 	      212	 Passeriformes    	      729	 Vireonidae       	      9358	 Vireo          	  2487406	 Vireo olivaceus                      	    2487430	 LC
 2492959	 Sylvia conspicillata Temminck, 1820                        	          2492959	 Sylvia conspicillata Temminck, 1820                        	                   7	 SPECIES   	 ACCEPTED              	 Animalia	          1	 Chordata	        44	 Aves 	      212	 Passeriformes    	      729	 Sylviidae        	      5285	 Sylvia         	  2492941	 Sylvia conspicillata                 	    2492959	 LC
 5844346	 Falco peregrinus brookei Sharpe, 1873                      	          5844346	 Falco peregrinus brookei Sharpe, 1873                      	                   7	 SUBSPECIES	 ACCEPTED              	 Animalia	          1	 Chordata	        44	 Aves 	      212	 Falconiformes    	  7191407	 Falconidae       	      5240	 Falco          	  2480996	 Falco peregrinus                     	    2481047	 
 5231235	 Oenanthe hispanica (Linnaeus, 1758)                        	          5231235	 Oenanthe hispanica (Linnaeus, 1758)                        	                   6	 SPECIES   	 ACCEPTED              	 Animalia	          1	 Chordata	        44	 Aves 	      212	 Passeriformes    	      729	 Muscicapidae     	      9322	 Oenanthe       	  2492483	 Oenanthe hispanica                   	    5231235	 LC
 6093961	 Sylvia curruca halimodendri Sushkin, 1904                  	          6093961	 Sylvia curruca halimodendri Sushkin, 1904                  	                   6	 SUBSPECIES	 ACCEPTED              	 Animalia	          1	 Chordata	        44	 Aves 	      212	 Passeriformes    	      729	 Sylviidae        	      5285	 Sylvia         	  2492941	 Sylvia curruca                       	    2492960	 
 6065844	 Leucophaeus atricilla (Linnaeus, 1758)                     	          6065844	 Leucophaeus atricilla (Linnaeus, 1758)                     	                   6	 SPECIES   	 ACCEPTED              	 Animalia	          1	 Chordata	        44	 Aves 	      212	 Charadriiformes  	  7192402	 Laridae          	      9316	 Leucophaeus    	  4352369	 Leucophaeus atricilla                	    6065844	 
 7192415	 Larus fuscus fuscus Linnaeus, 1758                         	          7192415	 Larus fuscus fuscus Linnaeus, 1758                         	                   5	 SUBSPECIES	 ACCEPTED              	 Animalia	          1	 Chordata	        44	 Aves 	      212	 Charadriiformes  	  7192402	 Laridae          	      9316	 Larus          	  2481126	 Larus fuscus                         	    2481174	 
 5793216	 Sterna hirundo longipennis Nordmann, 1835                  	          5793216	 Sterna hirundo longipennis Nordmann, 1835                  	                   4	 SUBSPECIES	 ACCEPTED              	 Animalia	          1	 Chordata	        44	 Aves 	      212	 Charadriiformes  	  7192402	 Laridae          	      9316	 Sterna         	  2481227	 Sterna hirundo                       	    9367409	 
 2481746	 Calidris ruficollis (Pallas, 1776)                         	          2481746	 Calidris ruficollis (Pallas, 1776)                         	                   4	 SPECIES   	 ACCEPTED              	 Animalia	          1	 Chordata	        44	 Aves 	      212	 Charadriiformes  	  7192402	 Scolopacidae     	      5282	 Calidris       	  2481739	 Calidris ruficollis                  	    2481746	 NT
 5232443	 Branta canadensis parvipes (Cassin, 1852)                  	          5232443	 Branta canadensis parvipes (Cassin, 1852)                  	                   4	 SUBSPECIES	 ACCEPTED              	 Animalia	          1	 Chordata	        44	 Aves 	      212	 Anseriformes     	     1108	 Anatidae         	      2986	 Branta         	  2498190	 Branta canadensis                    	    5232437	 
 6175259	 Phylloscopus trochilus acredula (Linnaeus, 1758)           	          6175259	 Phylloscopus trochilus acredula (Linnaeus, 1758)           	                   4	 SUBSPECIES	 ACCEPTED              	 Animalia	          1	 Chordata	        44	 Aves 	      212	 Passeriformes    	      729	 Phylloscopidae   	   6100963	 Phylloscopus   	  2493047	 Phylloscopus trochilus               	    2493052	 
 5231644	 Acanthis hornemanni exilipes (Coues, 1862)                 	          5231644	 Acanthis hornemanni exilipes (Coues, 1862)                 	                   4	 SUBSPECIES	 ACCEPTED              	 Animalia	          1	 Chordata	        44	 Aves 	      212	 Passeriformes    	      729	 Fringillidae     	      5242	 Acanthis       	  6782561	 Acanthis hornemanni                  	    5231646	 
 2480649	 Gypaetus barbatus (Linnaeus, 1758)                         	          2480649	 Gypaetus barbatus (Linnaeus, 1758)                         	                   4	 SPECIES   	 ACCEPTED              	 Animalia	          1	 Chordata	        44	 Aves 	      212	 Accipitriformes  	  7191147	 Accipitridae     	      2877	 Gypaetus       	  2480648	 Gypaetus barbatus                    	    2480649	 NT
 4408790	 Turdus atrogularis Jarocki, 1819                           	          4408790	 Turdus atrogularis Jarocki, 1819                           	                   4	 SPECIES   	 ACCEPTED              	 Animalia	          1	 Chordata	        44	 Aves 	      212	 Passeriformes    	      729	 Turdidae         	      5290	 Turdus         	  2490714	 Turdus atrogularis                   	    4408790	 LC
 2492196	 Melospiza melodia (A.Wilson, 1810)                         	          2492196	 Melospiza melodia (A.Wilson, 1810)                         	                   4	 SPECIES   	 ACCEPTED              	 Animalia	          1	 Chordata	        44	 Aves 	      212	 Passeriformes    	      729	 Passerellidae    	   9410667	 Melospiza      	  2492191	 Melospiza melodia                    	    2492196	 LC
 6178279	 Pluvialis dominica fulva (J.F.Gmelin, 1789)                	          2480331	 Pluvialis fulva (J.F.Gmelin, 1789)                         	                   3	 SUBSPECIES	 SYNONYM               	 Animalia	          1	 Chordata	        44	 Aves 	      212	 Charadriiformes  	  7192402	 Charadriidae     	   2480210	 Pluvialis      	  2480326	 Pluvialis fulva                      	    2480331	 
 2490613	 Melanocorypha calandra (Linnaeus, 1766)                    	          2490613	 Melanocorypha calandra (Linnaeus, 1766)                    	                   3	 SPECIES   	 ACCEPTED              	 Animalia	          1	 Chordata	        44	 Aves 	      212	 Passeriformes    	      729	 Alaudidae        	      7211	 Melanocorypha  	  2490608	 Melanocorypha calandra               	    2490613	 LC
 9584698	 Falco naumanni J.G.Fleischer, 1818                         	          9584698	 Falco naumanni J.G.Fleischer, 1818                         	                   3	 SPECIES   	 ACCEPTED              	 Animalia	          1	 Chordata	        44	 Aves 	      212	 Falconiformes    	  7191407	 Falconidae       	      5240	 Falco          	  2480996	 Falco naumanni                       	    9584698	 LC
 2496287	 Coccyzus americanus (Linnaeus, 1758)                       	          2496287	 Coccyzus americanus (Linnaeus, 1758)                       	                   3	 SPECIES   	 ACCEPTED              	 Animalia	          1	 Chordata	        44	 Aves 	      212	 Cuculiformes     	     1492	 Cuculidae        	      9309	 Coccyzus       	  2496285	 Coccyzus americanus                  	    2496287	 LC
 8596590	 Ardenna gravis (O'Reilly, 1818)                            	          5229343	 Puffinus gravis (O'Reilly, 1818)                           	                   3	 SPECIES   	 SYNONYM               	 Animalia	          1	 Chordata	        44	 Aves 	      212	 Procellariiformes	  7192755	 Procellariidae   	      9339	 Puffinus       	  5229335	 Puffinus gravis                      	    5229343	 
 8014966	 Falco biarmicus Temminck, 1825                             	          8014966	 Falco biarmicus Temminck, 1825                             	                   3	 SPECIES   	 ACCEPTED              	 Animalia	          1	 Chordata	        44	 Aves 	      212	 Falconiformes    	  7191407	 Falconidae       	      5240	 Falco          	  2480996	 Falco biarmicus                      	    8014966	 LC
 5844375	 Buteo buteo vulpinus (Gloger, 1833)                        	          5844375	 Buteo buteo vulpinus (Gloger, 1833)                        	                   2	 SUBSPECIES	 ACCEPTED              	 Animalia	          1	 Chordata	        44	 Aves 	      212	 Accipitriformes  	  7191147	 Accipitridae     	      2877	 Buteo          	  2480517	 Buteo buteo                          	    2480537	 
 5739298	 Aegolius funereus (Linnaeus, 1758)                         	          5739298	 Aegolius funereus (Linnaeus, 1758)                         	                   2	 SPECIES   	 ACCEPTED              	 Animalia	          1	 Chordata	        44	 Aves 	      212	 Strigiformes     	     1450	 Strigidae        	      9348	 Aegolius       	  8095667	 Aegolius funereus                    	    5739298	 LC
 5232460	 Branta hutchinsii taverneri Delacour, 1951                 	          5232460	 Branta hutchinsii taverneri Delacour, 1951                 	                   2	 SUBSPECIES	 ACCEPTED              	 Animalia	          1	 Chordata	        44	 Aves 	      212	 Anseriformes     	     1108	 Anatidae         	      2986	 Branta         	  2498190	 Branta hutchinsii                    	    5232452	 
 9595712	 Falco peregrinus calidus Latham, 1790                      	          9595712	 Falco peregrinus calidus Latham, 1790                      	                   2	 SUBSPECIES	 ACCEPTED              	 Animalia	          1	 Chordata	        44	 Aves 	      212	 Falconiformes    	  7191407	 Falconidae       	      5240	 Falco          	  2480996	 Falco peregrinus                     	    2481047	 
 2481517	 Calonectris Mathews & Iredale, 1915                        	          2481517	 Calonectris Mathews & Iredale, 1915                        	                   2	 GENUS     	 ACCEPTED              	 Animalia	          1	 Chordata	        44	 Aves 	      212	 Procellariiformes	  7192755	 Procellariidae   	      9339	 Calonectris    	  2481517	                                      	           	 
 2481473	 Pterodroma feae (Salvadori, 1900)                          	          2481473	 Pterodroma feae (Salvadori, 1900)                          	                   2	 SPECIES   	 ACCEPTED              	 Animalia	          1	 Chordata	        44	 Aves 	      212	 Procellariiformes	  7192755	 Procellariidae   	      9339	 Pterodroma     	  2481443	 Pterodroma feae                      	    2481473	 NT
 5843955	 Puffinus baroli (Bonaparte, 1857)                          	          5843955	 Puffinus baroli (Bonaparte, 1857)                          	                   2	 SPECIES   	 ACCEPTED              	 Animalia	          1	 Chordata	        44	 Aves 	      212	 Procellariiformes	  7192755	 Procellariidae   	      9339	 Puffinus       	  5229335	 Puffinus baroli                      	    5843955	 
 2475419	 Merops persicus Pallas, 1773                               	          2475419	 Merops persicus Pallas, 1773                               	                   2	 SPECIES   	 ACCEPTED              	 Animalia	          1	 Chordata	        44	 Aves 	      212	 Coraciiformes    	     1447	 Meropidae        	      9320	 Merops         	  2475391	 Merops persicus                      	    2475419	 LC
 2474863	 Chlamydotis macqueenii (J.E.Gray, 1832)                    	          2474863	 Chlamydotis macqueenii (J.E.Gray, 1832)                    	                   2	 SPECIES   	 ACCEPTED              	 Animalia	          1	 Chordata	        44	 Aves 	      212	 Otidiformes      	  8708973	 Otididae         	      9610	 Chlamydotis    	  2474862	 Chlamydotis macqueenii               	    2474863	 VU
 2492700	 Irania gutturalis (Guerin-Meneville, 1843)                 	          2492700	 Irania gutturalis (Guerin-Meneville, 1843)                 	                   2	 SPECIES   	 ACCEPTED              	 Animalia	          1	 Chordata	        44	 Aves 	      212	 Passeriformes    	      729	 Muscicapidae     	      9322	 Irania         	  2492699	 Irania gutturalis                    	    2492700	 LC
 2491498	 Emberiza cia Linnaeus, 1767                                	          2491498	 Emberiza cia Linnaeus, 1767                                	                   2	 SPECIES   	 ACCEPTED              	 Animalia	          1	 Chordata	        44	 Aves 	      212	 Passeriformes    	      729	 Emberizidae      	      9608	 Emberiza       	  2491468	 Emberiza cia                         	    2491498	 LC
 6065854	 Larus canus heinei Homeyer, 1853                           	          6065854	 Larus canus heinei Homeyer, 1853                           	                   2	 SUBSPECIES	 ACCEPTED              	 Animalia	          1	 Chordata	        44	 Aves 	      212	 Charadriiformes  	  7192402	 Laridae          	      9316	 Larus          	  2481126	 Larus canus                          	    7982160	 
 9613112	 Emberiza melanocephala Scopoli, 1769                       	          9613112	 Emberiza melanocephala Scopoli, 1769                       	                   2	 SPECIES   	 ACCEPTED              	 Animalia	          1	 Chordata	        44	 Aves 	      212	 Passeriformes    	      729	 Emberizidae      	      9608	 Emberiza       	  2491468	 Emberiza melanocephala               	    9613112	 LC
 2490956	 Monticola saxatilis (Linnaeus, 1766)                       	          2490956	 Monticola saxatilis (Linnaeus, 1766)                       	                   2	 SPECIES   	 ACCEPTED              	 Animalia	          1	 Chordata	        44	 Aves 	      212	 Passeriformes    	      729	 Muscicapidae     	      9322	 Monticola      	  8156917	 Monticola saxatilis                  	    2490956	 LC
10273344	 Helopsaltes certhiola (Pallas, 1811)                       	          2493556	 Locustella certhiola (Pallas, 1811)                        	                   2	 SPECIES   	 SYNONYM               	 Animalia	          1	 Chordata	        44	 Aves 	      212	 Passeriformes    	      729	 Locustellidae    	   6100825	 Locustella     	  2493547	 Locustella certhiola                 	    2493556	 
 2480353	 Pelecanus crispus Bruch, 1832                              	          2480353	 Pelecanus crispus Bruch, 1832                              	                   2	 SPECIES   	 ACCEPTED              	 Animalia	          1	 Chordata	        44	 Aves 	      212	 Pelecaniformes   	  7190953	 Pelecanidae      	      9329	 Pelecanus      	 10650925	 Pelecanus crispus                    	    2480353	 NT
 8028588	 Ichthyaetus ichthyaetus (Pallas, 1773)                     	          8028588	 Ichthyaetus ichthyaetus (Pallas, 1773)                     	                   2	 SPECIES   	 ACCEPTED              	 Animalia	          1	 Chordata	        44	 Aves 	      212	 Charadriiformes  	  7192402	 Laridae          	      9316	 Ichthyaetus    	  7237184	 Ichthyaetus ichthyaetus              	    8028588	 LC
 2484918	 Tichodroma muraria (Linnaeus, 1766)                        	          2484918	 Tichodroma muraria (Linnaeus, 1766)                        	                   1	 SPECIES   	 ACCEPTED              	 Animalia	          1	 Chordata	        44	 Aves 	      212	 Passeriformes    	      729	 Tichodromidae    	   6101032	 Tichodroma     	  2484917	 Tichodroma muraria                   	    2484918	 LC
 6178331	 Anser anser rubrirostris Swinhoe, 1871                     	          6178331	 Anser anser rubrirostris Swinhoe, 1871                     	                   1	 SUBSPECIES	 ACCEPTED              	 Animalia	          1	 Chordata	        44	 Aves 	      212	 Anseriformes     	     1108	 Anatidae         	      2986	 Anser          	  2498016	 Anser anser                          	    2498036	 
 2493060	 Phylloscopus coronatus (Temminck & Schlegel, 1847)         	          2493060	 Phylloscopus coronatus (Temminck & Schlegel, 1847)         	                   1	 SPECIES   	 ACCEPTED              	 Animalia	          1	 Chordata	        44	 Aves 	      212	 Passeriformes    	      729	 Phylloscopidae   	   6100963	 Phylloscopus   	  2493047	 Phylloscopus coronatus               	    2493060	 LC
 7406504	 Ichthyaetus audouinii (Payraudeau, 1826)                   	          7406504	 Ichthyaetus audouinii (Payraudeau, 1826)                   	                   1	 SPECIES   	 ACCEPTED              	 Animalia	          1	 Chordata	        44	 Aves 	      212	 Charadriiformes  	  7192402	 Laridae          	      9316	 Ichthyaetus    	  7237184	 Ichthyaetus audouinii                	    7406504	 VU
 5229165	 Aegypius monachus (Linnaeus, 1766)                         	          5229165	 Aegypius monachus (Linnaeus, 1766)                         	                   1	 SPECIES   	 ACCEPTED              	 Animalia	          1	 Chordata	        44	 Aves 	      212	 Accipitriformes  	  7191147	 Accipitridae     	      2877	 Aegypius       	  2480441	 Aegypius monachus                    	    5229165	 NT
 9036008	 Antigone canadensis (Linnaeus, 1758)                       	          2474953	 Grus canadensis (Linnaeus, 1758)                           	                   1	 SPECIES   	 SYNONYM               	 Animalia	          1	 Chordata	        44	 Aves 	      212	 Gruiformes       	     1493	 Gruidae          	      9313	 Grus           	  2474940	 Grus canadensis                      	    2474953	 
 2480740	 Cursorius cursor (Latham, 1787)                            	          2480740	 Cursorius cursor (Latham, 1787)                            	                   1	 SPECIES   	 ACCEPTED              	 Animalia	          1	 Chordata	        44	 Aves 	      212	 Charadriiformes  	  7192402	 Glareolidae      	      5245	 Cursorius      	  2480739	 Cursorius cursor                     	    2480740	 LC
 2490728	 Turdus obscurus Gmelin, 1789                               	          2490728	 Turdus obscurus Gmelin, 1789                               	                   1	 SPECIES   	 ACCEPTED              	 Animalia	          1	 Chordata	        44	 Aves 	      212	 Passeriformes    	      729	 Turdidae         	      5290	 Turdus         	  2490714	 Turdus obscurus                      	    2490728	 LC
 2494771	 Pinicola enucleator (Linnaeus, 1758)                       	          2494771	 Pinicola enucleator (Linnaeus, 1758)                       	                   1	 SPECIES   	 ACCEPTED              	 Animalia	          1	 Chordata	        44	 Aves 	      212	 Passeriformes    	      729	 Fringillidae     	      5242	 Pinicola       	  2494768	 Pinicola enucleator                  	    2494771	 LC
 6177988	 Falco columbarius subaesalon C.L.Brehm, 1827               	          6177988	 Falco columbarius subaesalon C.L.Brehm, 1827               	                   1	 SUBSPECIES	 ACCEPTED              	 Animalia	          1	 Chordata	        44	 Aves 	      212	 Falconiformes    	  7191407	 Falconidae       	      5240	 Falco          	  2480996	 Falco columbarius                    	    9813242	 
 2491530	 Emberiza chrysophrys Pallas, 1776                          	          2491530	 Emberiza chrysophrys Pallas, 1776                          	                   1	 SPECIES   	 ACCEPTED              	 Animalia	          1	 Chordata	        44	 Aves 	      212	 Passeriformes    	      729	 Emberizidae      	      9608	 Emberiza       	  2491468	 Emberiza chrysophrys                 	    2491530	 LC
 5739357	 Iduna rama (Sykes, 1832)                                   	          5739357	 Iduna rama (Sykes, 1832)                                   	                   1	 SPECIES   	 ACCEPTED              	 Animalia	          1	 Chordata	        44	 Aves 	      212	 Passeriformes    	      729	 Acrocephalidae   	   6101019	 Iduna          	  3241698	 Iduna rama                           	    5739357	 LC
 2494632	 Carduelis citrinella (Pallas, 1764)                        	          2494632	 Carduelis citrinella (Pallas, 1764)                        	                   1	 SPECIES   	 ACCEPTED              	 Animalia	          1	 Chordata	        44	 Aves 	      212	 Passeriformes    	      729	 Fringillidae     	      5242	 Carduelis      	  2494621	 Carduelis citrinella                 	    2494632	 LC
 5229419	 Oceanites oceanicus (Kuhl, 1820)                           	          5229419	 Oceanites oceanicus (Kuhl, 1820)                           	                   1	 SPECIES   	 ACCEPTED              	 Animalia	          1	 Chordata	        44	 Aves 	      212	 Procellariiformes	  7192755	 Hydrobatidae     	      5249	 Oceanites      	  2481963	 Oceanites oceanicus                  	    5229419	 LC
 5844449	 Aquila fasciata Vieillot, 1822                             	          5844449	 Aquila fasciata Vieillot, 1822                             	                   1	 SPECIES   	 ACCEPTED              	 Animalia	          1	 Chordata	        44	 Aves 	      212	 Accipitriformes  	  7191147	 Accipitridae     	      2877	 Aquila         	  2480498	 Aquila fasciata                      	    5844449	 LC
 2480317	 Charadrius pecuarius Temminck, 1823                        	          2480317	 Charadrius pecuarius Temminck, 1823                        	                   1	 SPECIES   	 ACCEPTED              	 Animalia	          1	 Chordata	        44	 Aves 	      212	 Charadriiformes  	  7192402	 Charadriidae     	   2480210	 Charadrius     	  2480277	 Charadrius pecuarius                 	    2480317	 LC
 5845404	 Motacilla flava iberiae Hartert, 1921                      	          5845404	 Motacilla flava iberiae Hartert, 1921                      	                   1	 SUBSPECIES	 ACCEPTED              	 Animalia	          1	 Chordata	        44	 Aves 	      212	 Passeriformes    	      729	 Motacillidae     	      5257	 Motacilla      	  2490295	 Motacilla flava                      	    9701857	 
 5231140	 Zonotrichia albicollis (J.F.Gmelin, 1789)                  	          5231140	 Zonotrichia albicollis (J.F.Gmelin, 1789)                  	                   1	 SPECIES   	 ACCEPTED              	 Animalia	          1	 Chordata	        44	 Aves 	      212	 Passeriformes    	      729	 Passerellidae    	   9410667	 Zonotrichia    	  6173226	 Zonotrichia albicollis               	    5231140	 LC
11062524	 Anas acuta x Mareca penelope                               	         10838105	 Mareca penelope x Anas acuta                               	                   1	 SPECIES   	 SYNONYM               	 Animalia	          1	 Chordata	        44	 Aves 	      212	 Anseriformes     	     1108	 Anatidae         	      2986	                	         	 Mareca penelope x Anas acuta         	   10838105	 
 2480208	 Syrrhaptes paradoxus (Pallas, 1773)                        	          2480208	 Syrrhaptes paradoxus (Pallas, 1773)                        	                   1	 SPECIES   	 ACCEPTED              	 Animalia	          1	 Chordata	        44	 Aves 	      212	 Pteroclidiformes 	  7192749	 Pteroclididae    	      5274	 Syrrhaptes     	  2480207	 Syrrhaptes paradoxus                 	    2480208	 LC
 7340499	 Cinclus cinclus cinclus (Linnaeus, 1758)                   	          7340499	 Cinclus cinclus cinclus (Linnaeus, 1758)                   	                   1	 SUBSPECIES	 ACCEPTED              	 Animalia	          1	 Chordata	        44	 Aves 	      212	 Passeriformes    	      729	 Cinclidae        	      9290	 Cinclus        	  2495086	 Cinclus cinclus                      	    2495093	 
 2489104	 Sturnus unicolor Temminck, 1820                            	          2489104	 Sturnus unicolor Temminck, 1820                            	                   1	 SPECIES   	 ACCEPTED              	 Animalia	          1	 Chordata	        44	 Aves 	      212	 Passeriformes    	      729	 Sturnidae        	      9350	 Sturnus        	  2489099	 Sturnus unicolor                     	    2489104	 LC
 8757842	 Linaria flavirostris pipilans (Latham, 1787)               	          8757842	 Linaria flavirostris pipilans (Latham, 1787)               	                   1	 SUBSPECIES	 ACCEPTED              	 Animalia	          1	 Chordata	        44	 Aves 	      212	 Passeriformes    	      729	 Fringillidae     	      5242	 Linaria        	  8741507	 Linaria flavirostris                 	    7668711	 
 2482468	 Corvus Linnaeus, 1758                                      	          2482468	 Corvus Linnaeus, 1758                                      	                   1	 GENUS     	 ACCEPTED              	 Animalia	          1	 Chordata	        44	 Aves 	      212	 Passeriformes    	      729	 Corvidae         	      5235	 Corvus         	  2482468	                                      	           	 
 6173781	 Plectrophenax nivalis insulae Salomonsen, 1931             	          6173781	 Plectrophenax nivalis insulae Salomonsen, 1931             	                   1	 SUBSPECIES	 ACCEPTED              	 Animalia	          1	 Chordata	        44	 Aves 	      212	 Passeriformes    	      729	 Calcariidae      	   6101141	 Plectrophenax  	  2491717	 Plectrophenax nivalis                	    2491719	 
